osm_id,name,kind,longitude,latitude,geometry_type,tags_json,amenity,tourism,shop,country,wheelchair,opening_hours,website,wikidata
node/12522459480,ローソン,convenience,135.3894141,34.6516573,Point,"{""brand"":""LAWSON"",""brand:en"":""LAWSON"",""brand:ja"":""ローソン"",""brand:wikidata"":""Q1557223"",""brand:wikipedia"":""en:Lawson (store)"",""name"":""ローソン"",""name:en"":""Lawson"",""name:ja"":""ローソン"",""opening_hours"":""07:00-19:00"",""shop"":""convenience"",""survey:date"":""2025-01-22""}",,,convenience,,,07:00-19:00,,
node/12534190597,,,135.3946832,34.6525591,Point,"{""entrance"":""yes""}",,,,,,,,
node/12534190598,,,135.3945614,34.6526496,Point,"{""entrance"":""yes""}",,,,,,,,
node/12534190599,,toilets,135.3946448,34.6525269,Point,"{""amenity"":""toilets""}",toilets,,,,,,,
node/12644297895,,,135.3772321,34.6552319,Point,"{""entrance"":""yes""}",,,,,,,,
node/12650310676,,,135.3818561,34.6520317,Point,"{""entrance"":""yes""}",,,,,,,,
node/12650332650,,,135.3809331,34.6513647,Point,"{""entrance"":""yes""}",,,,,,,,
node/12650341327,,,135.3804887,34.6510132,Point,"{""entrance"":""main""}",,,,,,,,
node/12650712948,,,135.3803699,34.6489701,Point,"{""entrance"":""yes""}",,,,,,,,
node/12650825041,,,135.3860247,34.6484516,Point,"{""entrance"":""yes""}",,,,,,,,
node/12650825044,,,135.3865047,34.6483127,Point,"{""entrance"":""yes""}",,,,,,,,
node/12650825052,,,135.3865574,34.6484106,Point,"{""entrance"":""yes""}",,,,,,,,
node/12650863136,,,135.3861642,34.6501047,Point,"{""entrance"":""exit""}",,,,,,,,
node/12650869302,,,135.3874295,34.6478467,Point,"{""entrance"":""yes""}",,,,,,,,
node/12650869306,,,135.3872499,34.6477134,Point,"{""entrance"":""yes""}",,,,,,,,
node/12650869312,,,135.3872692,34.6474135,Point,"{""entrance"":""yes""}",,,,,,,,
node/12728220256,,toilets,135.3891226,34.6511442,Point,"{""access"":""yes"",""amenity"":""toilets"",""changing_table"":""yes"",""check_date"":""2025-05-11"",""female"":""yes"",""male"":""yes"",""toilets:disposal"":""flush"",""toilets:handwashing"":""yes"",""unisex"":""no"",""wheelchair"":""yes""}",toilets,,,,yes,,,
node/12751856960,,toilets,135.3844235,34.6500586,Point,"{""access"":""yes"",""amenity"":""toilets"",""check_date"":""2025-04-20"",""fee"":""no"",""female"":""no"",""male"":""yes"",""unisex"":""no""}",toilets,,,,,,,
node/12751864406,,toilets,135.3823045,34.6505253,Point,"{""access"":""yes"",""amenity"":""toilets"",""capacity:female"":""7"",""capacity:male"":""10"",""capacity:unisex"":""6"",""changing_table"":""yes"",""check_date"":""2025-05-23"",""female"":""yes"",""male"":""yes"",""toilets:disposal"":""flush"",""unisex"":""yes"",""wheelchair"":""yes""}",toilets,,,,yes,,,
node/12751864407,,toilets,135.3822388,34.649664,Point,"{""amenity"":""toilets"",""check_date"":""2025-04-20"",""female"":""yes"",""male"":""yes"",""unisex"":""yes"",""wheelchair"":""yes""}",toilets,,,,yes,,,
node/12751864408,,toilets,135.3813276,34.6492324,Point,"{""amenity"":""toilets"",""capacity:female"":""8"",""capacity:male"":""10"",""capacity:unisex"":""6"",""check_date"":""2025-05-30"",""female"":""yes"",""male"":""yes"",""unisex"":""yes"",""wheelchair"":""yes""}",toilets,,,,yes,,,
node/12751864409,,toilets,135.380525,34.6481215,Point,"{""amenity"":""toilets"",""changing_table"":""yes"",""check_date"":""2025-04-23"",""female"":""yes"",""level"":""0"",""male"":""yes"",""unisex"":""yes"",""wheelchair"":""designated""}",toilets,,,,designated,,,
node/12751864410,,toilets,135.3852822,34.6503221,Point,"{""amenity"":""toilets"",""check_date"":""2025-05-02"",""female"":""yes"",""male"":""yes"",""unisex"":""yes"",""wheelchair"":""yes""}",toilets,,,,yes,,,
node/12751910535,,taxi,135.3796121,34.6517801,Point,"{""amenity"":""taxi"",""check_date"":""2025-05-17""}",taxi,,,,,,,
node/12751910550,,bus_stop,135.3776086,34.6526478,Point,"{""bus"":""yes"",""highway"":""bus_stop"",""local_ref"":""D-1"",""public_transport"":""platform""}",,,,,,,,
node/12751910551,,bus_stop,135.3780315,34.6524053,Point,"{""bus"":""yes"",""highway"":""bus_stop"",""local_ref"":""D-2"",""public_transport"":""platform""}",,,,,,,,
node/12751910552,,bus_stop,135.3782446,34.6522875,Point,"{""bus"":""yes"",""highway"":""bus_stop"",""local_ref"":""D-3"",""public_transport"":""platform""}",,,,,,,,
node/12751910553,,bus_stop,135.3784293,34.65218,Point,"{""bus"":""yes"",""highway"":""bus_stop"",""local_ref"":""D-4"",""public_transport"":""platform""}",,,,,,,,
node/12751910554,,bus_stop,135.3786473,34.6520655,Point,"{""bus"":""yes"",""highway"":""bus_stop"",""local_ref"":""D-5"",""public_transport"":""platform""}",,,,,,,,
node/12751910555,,bus_stop,135.3788481,34.6519489,Point,"{""bus"":""yes"",""highway"":""bus_stop"",""local_ref"":""D-6"",""public_transport"":""platform""}",,,,,,,,
node/12751910556,,bus_stop,135.3790612,34.6518314,Point,"{""bus"":""yes"",""highway"":""bus_stop"",""local_ref"":""D-7"",""public_transport"":""platform""}",,,,,,,,
node/12751910557,,bus_stop,135.3793448,34.6517591,Point,"{""bus"":""yes"",""highway"":""bus_stop"",""local_ref"":""D-8"",""public_transport"":""platform""}",,,,,,,,
node/12751910558,,bus_stop,135.3795218,34.6518332,Point,"{""bus"":""yes"",""highway"":""bus_stop"",""local_ref"":""D-9"",""public_transport"":""platform""}",,,,,,,,
node/12751910559,,bus_stop,135.3797417,34.6519241,Point,"{""bus"":""yes"",""highway"":""bus_stop"",""local_ref"":""D-10"",""public_transport"":""platform""}",,,,,,,,
node/12751910560,,bus_stop,135.3782037,34.6528092,Point,"{""bus"":""yes"",""highway"":""bus_stop"",""local_ref"":""C-1"",""public_transport"":""platform""}",,,,,,,,
node/12751910561,,bus_stop,135.3784268,34.6526855,Point,"{""bus"":""yes"",""highway"":""bus_stop"",""local_ref"":""C-2"",""public_transport"":""platform""}",,,,,,,,
node/12751910562,,bus_stop,135.3786535,34.6525628,Point,"{""bus"":""yes"",""highway"":""bus_stop"",""local_ref"":""C-3"",""public_transport"":""platform""}",,,,,,,,
node/12751910563,,bus_stop,135.3788778,34.6524432,Point,"{""bus"":""yes"",""highway"":""bus_stop"",""local_ref"":""C-4"",""public_transport"":""platform""}",,,,,,,,
node/12751910564,,bus_stop,135.3790923,34.6523225,Point,"{""bus"":""yes"",""highway"":""bus_stop"",""local_ref"":""C-5"",""public_transport"":""platform""}",,,,,,,,
node/12751910565,,bus_stop,135.3793166,34.6521989,Point,"{""bus"":""yes"",""highway"":""bus_stop"",""local_ref"":""C-6"",""public_transport"":""platform""}",,,,,,,,
node/12751910566,,bus_stop,135.3795064,34.6520894,Point,"{""bus"":""yes"",""highway"":""bus_stop"",""local_ref"":""C-7"",""public_transport"":""platform""}",,,,,,,,
node/12751910567,,bus_stop,135.3797307,34.6521451,Point,"{""bus"":""yes"",""highway"":""bus_stop"",""local_ref"":""C-8"",""public_transport"":""platform""}",,,,,,,,
node/12751910568,,bus_stop,135.3777995,34.6532801,Point,"{""bus"":""yes"",""highway"":""bus_stop"",""local_ref"":""B-1"",""public_transport"":""platform""}",,,,,,,,
node/12751910569,,bus_stop,135.3780005,34.653166,Point,"{""bus"":""yes"",""highway"":""bus_stop"",""local_ref"":""B-2"",""public_transport"":""platform""}",,,,,,,,
node/12751910570,,bus_stop,135.3781973,34.653053,Point,"{""bus"":""yes"",""highway"":""bus_stop"",""local_ref"":""B-3"",""public_transport"":""platform""}",,,,,,,,
node/12751910571,,bus_stop,135.3783912,34.6529447,Point,"{""bus"":""yes"",""highway"":""bus_stop"",""local_ref"":""B-4"",""public_transport"":""platform""}",,,,,,,,
node/12751910572,,bus_stop,135.3785894,34.6528375,Point,"{""bus"":""yes"",""highway"":""bus_stop"",""local_ref"":""B-5"",""public_transport"":""platform""}",,,,,,,,
node/12751910573,,bus_stop,135.3787862,34.6527351,Point,"{""bus"":""yes"",""highway"":""bus_stop"",""local_ref"":""B-6"",""public_transport"":""platform""}",,,,,,,,
node/12751910574,,bus_stop,135.3789801,34.6526233,Point,"{""bus"":""yes"",""highway"":""bus_stop"",""local_ref"":""B-7"",""public_transport"":""platform""}",,,,,,,,
node/12751910575,,bus_stop,135.3791812,34.6525196,Point,"{""bus"":""yes"",""highway"":""bus_stop"",""local_ref"":""B-8"",""public_transport"":""platform""}",,,,,,,,
node/12751910576,,bus_stop,135.3793737,34.6524113,Point,"{""bus"":""yes"",""highway"":""bus_stop"",""local_ref"":""B-9"",""public_transport"":""platform""}",,,,,,,,
node/12751910577,,bus_stop,135.3783963,34.6534382,Point,"{""bus"":""yes"",""highway"":""bus_stop"",""local_ref"":""A-1"",""public_transport"":""platform""}",,,,,,,,
node/12751910578,,bus_stop,135.3786223,34.6533198,Point,"{""bus"":""yes"",""highway"":""bus_stop"",""local_ref"":""A-2"",""public_transport"":""platform""}",,,,,,,,
node/12751910579,,bus_stop,135.3788371,34.6531969,Point,"{""bus"":""yes"",""highway"":""bus_stop"",""local_ref"":""A-3"",""public_transport"":""platform""}",,,,,,,,
node/12751910580,,bus_stop,135.3790557,34.6530801,Point,"{""bus"":""yes"",""highway"":""bus_stop"",""local_ref"":""A-4"",""public_transport"":""platform""}",,,,,,,,
node/12751910581,,bus_stop,135.3792761,34.6529511,Point,"{""bus"":""yes"",""highway"":""bus_stop"",""local_ref"":""A-5"",""public_transport"":""platform""}",,,,,,,,
node/12751910582,,bus_stop,135.3794891,34.6528373,Point,"{""bus"":""yes"",""highway"":""bus_stop"",""local_ref"":""A-6"",""public_transport"":""platform""}",,,,,,,,
node/12751910583,,bus_stop,135.3797058,34.6527144,Point,"{""bus"":""yes"",""highway"":""bus_stop"",""local_ref"":""A-7"",""public_transport"":""platform""}",,,,,,,,
node/12751910584,,bus_stop,135.3799318,34.6525915,Point,"{""bus"":""yes"",""highway"":""bus_stop"",""local_ref"":""A-8"",""public_transport"":""platform""}",,,,,,,,
node/12751984759,トイレ1,toilets,135.3851342,34.6473816,Point,"{""amenity"":""toilets"",""check_date"":""2025-06-21"",""female"":""yes"",""male"":""yes"",""name"":""トイレ1"",""unisex"":""yes"",""wheelchair"":""yes""}",toilets,,,,yes,,,
node/12751984760,,toilets,135.3868521,34.6472382,Point,"{""amenity"":""toilets"",""check_date"":""2025-05-02"",""female"":""yes"",""male"":""yes"",""unisex"":""yes"",""wheelchair"":""yes""}",toilets,,,,yes,,,
node/12751984761,,toilets,135.3852222,34.6470341,Point,"{""amenity"":""toilets"",""check_date"":""2025-05-02"",""female"":""yes"",""male"":""yes"",""unisex"":""no"",""wheelchair"":""yes""}",toilets,,,,yes,,,
node/12751986825,,toilets,135.3903844,34.6502174,Point,"{""amenity"":""toilets"",""check_date"":""2025-04-20"",""female"":""yes"",""male"":""yes"",""unisex"":""no"",""wheelchair"":""yes""}",toilets,,,,yes,,,
node/12751986826,,toilets,135.389886,34.6491514,Point,"{""amenity"":""toilets"",""check_date"":""2025-04-23"",""female"":""yes"",""male"":""yes"",""unisex"":""no"",""wheelchair"":""yes""}",toilets,,,,yes,,,
node/12751986828,,toilets,135.3864115,34.6513713,Point,"{""amenity"":""toilets"",""capacity:female"":""41"",""capacity:male"":""19"",""capacity:unisex"":""2"",""changing_table"":""yes"",""check_date"":""2025-06-16"",""fee"":""no"",""female"":""yes"",""male"":""yes"",""toilets:disposal"":""flush"",""unisex"":""yes"",""wheelchair"":""yes""}",toilets,,,,yes,,,
node/12751986829,,toilets,135.3900063,34.649669,Point,"{""access"":""yes"",""amenity"":""toilets"",""capacity:male"":""35"",""changing_table"":""yes"",""check_date"":""2025-06-24"",""female"":""yes"",""male"":""yes"",""toilets:disposal"":""flush"",""unisex"":""no"",""wheelchair"":""yes""}",toilets,,,,yes,,,
node/12751999549,,toilets,135.3838233,34.652181,Point,"{""access"":""yes"",""amenity"":""toilets"",""changing_table"":""yes"",""check_date"":""2025-05-06"",""female"":""yes"",""male"":""yes"",""toilets:disposal"":""flush"",""toilets:handwashing"":""yes"",""unisex"":""no"",""wheelchair"":""yes""}",toilets,,,,yes,,,
node/12751999550,,toilets,135.3862685,34.6471106,Point,"{""access"":""yes"",""addr:floor"":""2"",""amenity"":""toilets"",""capacity:female"":""4"",""capacity:male"":""4"",""capacity:unisex"":""1"",""check_date"":""2025-06-04"",""female"":""yes"",""level"":""1"",""male"":""yes"",""toilets:disposal"":""flush"",""unisex"":""no"",""wheelchair"":""yes""}",toilets,,,,yes,,,
node/12751999551,,toilets,135.3862212,34.650946,Point,"{""access"":""yes"",""addr:floor"":""2"",""amenity"":""toilets"",""capacity:female"":""4"",""capacity:male"":""4"",""capacity:unisex"":""1"",""check_date"":""2025-05-23"",""female"":""yes"",""level"":""1"",""male"":""yes"",""toilets:disposal"":""flush"",""unisex"":""no"",""wheelchair"":""yes""}",toilets,,,,yes,,,
node/12752013623,,toilets,135.3815637,34.6515603,Point,"{""access"":""yes"",""addr:floor"":""2"",""amenity"":""toilets"",""capacity:female"":""4"",""capacity:male"":""4"",""capacity:unisex"":""1"",""changing_table"":""no"",""check_date"":""2025-05-23"",""female"":""yes"",""level"":""1"",""male"":""yes"",""toilets:disposal"":""flush"",""unisex"":""no"",""wheelchair"":""yes""}",toilets,,,,yes,,,
node/12752013624,トイレ4,toilets,135.3808825,34.6513938,Point,"{""amenity"":""toilets"",""check_date"":""2025-06-21"",""female"":""yes"",""male"":""yes"",""name"":""トイレ4"",""unisex"":""yes"",""wheelchair"":""yes""}",toilets,,,,yes,,,
node/12752013626,,toilets,135.3798686,34.64902,Point,"{""addr:floor"":""2"",""amenity"":""toilets"",""check_date"":""2025-05-02"",""female"":""yes"",""level"":""1"",""male"":""yes"",""unisex"":""no"",""wheelchair"":""yes""}",toilets,,,,yes,,,
node/12752013627,,toilets,135.3794879,34.6484116,Point,"{""amenity"":""toilets"",""female"":""yes"",""male"":""yes"",""unisex"":""yes"",""wheelchair"":""yes""}",toilets,,,,yes,,,
node/12752013629,,toilets,135.3810433,34.6517657,Point,"{""amenity"":""toilets"",""check_date"":""2025-04-20"",""male"":""yes"",""unisex"":""yes"",""wheelchair"":""yes""}",toilets,,,,yes,,,
node/12752236646,西ゲート北ターミナル,bus_stop,135.3769107,34.6535354,Point,"{""bus"":""yes"",""check_date"":""2025-05-06"",""highway"":""bus_stop"",""name"":""西ゲート北ターミナル"",""name:en"":""West Gate North Terminal"",""name:ja"":""西ゲート北ターミナル"",""public_transport"":""platform"",""ref"":""1""}",,,,,,,,
node/12753249749,,toilets,135.3745424,34.6527047,Point,"{""access"":""yes"",""amenity"":""toilets"",""capacity:unisex"":""10"",""changing_table"":""yes"",""check_date"":""2025-05-17"",""female"":""yes"",""male"":""yes"",""toilets:disposal"":""flush"",""unisex"":""yes"",""wheelchair"":""yes""}",toilets,,,,yes,,,
node/12753249750,,toilets,135.3757437,34.6522602,Point,"{""access"":""yes"",""amenity"":""toilets"",""capacity:unisex"":""10"",""changing_table"":""yes"",""check_date"":""2025-05-17"",""female"":""yes"",""male"":""yes"",""toilets:disposal"":""flush"",""unisex"":""yes"",""wheelchair"":""yes""}",toilets,,,,yes,,,
node/12753249751,,toilets,135.3767716,34.6530082,Point,"{""access"":""yes"",""amenity"":""toilets"",""capacity:female"":""12"",""capacity:male"":""18"",""capacity:unisex"":""1"",""changing_table"":""yes"",""check_date"":""2025-05-17"",""female"":""yes"",""male"":""yes"",""toilets:disposal"":""flush"",""toilets:handwashing"":""yes"",""unisex"":""no"",""wheelchair"":""yes""}",toilets,,,,yes,,,
node/12753249752,,toilets,135.3772526,34.6531154,Point,"{""amenity"":""toilets"",""check_date"":""2025-04-26"",""female"":""yes"",""male"":""yes"",""unisex"":""no"",""wheelchair"":""yes""}",toilets,,,,yes,,,
node/12753249753,,toilets,135.376255,34.6511256,Point,"{""access"":""yes"",""amenity"":""toilets"",""capacity:men"":""16"",""capacity:unisex"":""2"",""capacity:women"":""12"",""changing_table"":""yes"",""check_date"":""2025-06-27"",""female"":""yes"",""male"":""yes"",""toilets:disposal"":""flush"",""unisex"":""no"",""wheelchair"":""yes""}",toilets,,,,yes,,,
node/12753249754,,toilets,135.3788144,34.6511064,Point,"{""amenity"":""toilets"",""female"":""yes"",""male"":""yes"",""unisex"":""no"",""wheelchair"":""yes""}",toilets,,,,yes,,,
node/12753467105,,,135.3844761,34.6473164,Point,"{""entrance"":""yes""}",,,,,,,,
node/12753512705,,,135.3807605,34.6485128,Point,"{""entrance"":""yes""}",,,,,,,,
node/12753529864,,,135.3824215,34.6521625,Point,"{""entrance"":""main""}",,,,,,,,
node/12757219510,,,135.3851319,34.6474208,Point,"{""entrance"":""yes""}",,,,,,,,
node/12757219939,,,135.3827083,34.6508649,Point,"{""entrance"":""yes""}",,,,,,,,
node/12757220036,,,135.3828634,34.6513044,Point,"{""entrance"":""yes""}",,,,,,,,
node/12757220239,,,135.3859952,34.6500597,Point,"{""entrance"":""yes"",""wheelchair"":""yes""}",,,,,yes,,,
node/12758926599,,toilets,135.3769845,34.654948,Point,"{""amenity"":""toilets"",""check_date"":""2025-05-17"",""unisex"":""yes"",""wheelchair"":""yes""}",toilets,,,,yes,,,
node/12758941325,,toilets,135.3769969,34.6549266,Point,"{""amenity"":""toilets"",""check_date"":""2025-05-17"",""male"":""yes""}",toilets,,,,,,,
node/12758941335,,toilets,135.3769478,34.6549156,Point,"{""amenity"":""toilets"",""check_date"":""2025-05-17"",""female"":""yes""}",toilets,,,,,,,
node/12758941385,,,135.3769329,34.6547247,Point,"{""entrance"":""yes""}",,,,,,,,
node/12758941569,,,135.3767028,34.6546117,Point,"{""entrance"":""yes""}",,,,,,,,
node/12758941629,,,135.3768116,34.6546389,Point,"{""entrance"":""yes""}",,,,,,,,
node/12758941630,,,135.3767183,34.65467,Point,"{""entrance"":""yes""}",,,,,,,,
node/12759980431,,information,135.3833238,34.6494073,Point,"{""information"":""map"",""tourism"":""information""}",,information,,,,,,
node/12760808946,,,135.3837136,34.6593713,Point,"{""entrance"":""yes""}",,,,,,,,
node/12760808949,夢洲浮桟橋（西A）,information,135.3839671,34.65937,Point,"{""information"":""board"",""name"":""夢洲浮桟橋（西A）"",""tourism"":""information""}",,information,,,,,,
node/12760808950,,,135.383719,34.6593947,Point,"{""entrance"":""yes""}",,,,,,,,
node/12761132063,,,135.3968469,34.657362,Point,"{""entrance"":""service""}",,,,,,,,
node/12761132064,,,135.3965814,34.6573868,Point,"{""entrance"":""main""}",,,,,,,,
node/12761132065,夢洲浮桟橋（東）,information,135.3963337,34.6574495,Point,"{""information"":""board"",""name"":""夢洲浮桟橋（東）"",""name:en"":""Yumeshima Floating Pier (East)"",""tourism"":""information""}",,information,,,,,,
node/12761190239,Staff Cafeteria EAST by ROYAL,restaurant,135.3893895,34.645737,Point,"{""amenity"":""restaurant"",""cuisine"":""japanese;ramen;udon"",""name"":""Staff Cafeteria EAST by ROYAL""}",restaurant,,,,,,,
node/12761991131,遊覧船乗り場ご案内,information,135.3963777,34.6574305,Point,"{""information"":""map"",""name"":""遊覧船乗り場ご案内"",""tourism"":""information""}",,information,,,,,,
node/12768219820,,,135.3852878,34.647829,Point,"{""entrance"":""yes""}",,,,,,,,
node/12769406239,,,135.3900351,34.6498734,Point,"{""entrance"":""yes""}",,,,,,,,
node/12769406240,忘れ物センター,,135.3901433,34.6499683,Point,"{""check_date"":""2025-04-20"",""government"":""public_service"",""name"":""忘れ物センター"",""name:en"":""Lost & Found"",""name:ja"":""忘れ物センター"",""office"":""government""}",,,,,,,,
node/12769406241,GLOBAL WiFi NINJA WiFi,mobile_phone,135.3902328,34.649916,Point,"{""check_date"":""2025-04-20"",""name"":""GLOBAL WiFi NINJA WiFi"",""shop"":""mobile_phone""}",,,mobile_phone,,,,,
node/12769406242,迷子/ベビーセンター,,135.3903068,34.6498671,Point,"{""check_date"":""2025-04-20"",""government"":""public_service"",""name"":""迷子/ベビーセンター"",""name:en"":""Lost Children and Baby Center"",""name:ja"":""迷子/ベビーセンター"",""office"":""government""}",,,,,,,,
node/12769406243,ヤマト運輸,,135.3903774,34.6498168,Point,"{""branch"":""宅配・宅配手荷物預かり東ゲート店"",""brand"":""ヤマト運輸"",""check_date"":""2025-04-20"",""name"":""ヤマト運輸"",""name:en"":""YAMATO TRANSPORT"",""name:ja"":""ヤマト運輸"",""name:ja-Latn"":""Yamato Unyu"",""office"":""courier"",""operator"":""ヤマト運輸"",""operator:en"":""Yamato Transport"",""operator:ja"":""ヤマト運輸"",""operator:wikidata"":""Q6584353""}",,,,,,,,
node/12769406244,,,135.3902652,34.6497194,Point,"{""entrance"":""yes""}",,,,,,,,
node/12769406245,,,135.3902101,34.6497563,Point,"{""entrance"":""yes""}",,,,,,,,
node/12769406246,,,135.3901077,34.6498248,Point,"{""entrance"":""yes""}",,,,,,,,
node/12769413754,施設案内,information,135.3899352,34.6498298,Point,"{""information"":""map"",""name"":""施設案内"",""name:en"":""Facility Information"",""tourism"":""information""}",,information,,,,,,
node/12769419581,,bench,135.3888076,34.6496841,Point,"{""amenity"":""bench""}",bench,,,,,,,
node/12769419582,,drinking_water,135.3888969,34.6497189,Point,"{""amenity"":""drinking_water"",""bottle"":""yes""}",drinking_water,,,,,,,
node/12769424250,授乳室,,135.3889283,34.6497163,Point,"{""baby_feeding"":""yes"",""check_date"":""2025-04-20"",""government"":""public_service"",""name"":""授乳室"",""name:en"":""Nursing room"",""office"":""government""}",,,,,,,,
node/12769424251,,drinking_water,135.3889646,34.64972,Point,"{""amenity"":""drinking_water""}",drinking_water,,,,,,,
node/12769425918,,,135.3902087,34.649643,Point,"{""entrance"":""yes""}",,,,,,,,
node/12769425919,サントリー,vending_machine,135.3901513,34.6496887,Point,"{""amenity"":""vending_machine"",""brand"":""サントリー"",""brand:en"":""Suntory"",""brand:ja"":""サントリー"",""brand:wikidata"":""Q1345267"",""check_date"":""2025-04-20"",""name"":""サントリー"",""name:en"":""Suntory"",""name:ja"":""サントリー"",""vending"":""drinks""}",vending_machine,,,,,,,
node/12769425920,コカ・コーラ,vending_machine,135.3901379,34.6497009,Point,"{""amenity"":""vending_machine"",""brand"":""コカ・コーラ"",""brand:en"":""Coca-Cola"",""brand:ja"":""コカ・コーラ"",""brand:wikidata"":""Q2813"",""check_date"":""2025-04-20"",""drink:cola"":""yes"",""name"":""コカ・コーラ"",""name:en"":""Coca-Cola"",""name:ja"":""コカ・コーラ"",""vending"":""drinks""}",vending_machine,,,,,,,
node/12769425921,コカ・コーラ,vending_machine,135.3901251,34.6497109,Point,"{""amenity"":""vending_machine"",""brand"":""コカ・コーラ"",""brand:en"":""Coca-Cola"",""brand:ja"":""コカ・コーラ"",""brand:wikidata"":""Q2813"",""check_date"":""2025-04-20"",""drink:cola"":""yes"",""name"":""コカ・コーラ"",""name:en"":""Coca-Cola"",""name:ja"":""コカ・コーラ"",""vending"":""drinks""}",vending_machine,,,,,,,
node/12769425922,,,135.3900703,34.6497354,Point,"{""entrance"":""main""}",,,,,,,,
node/12769425923,サントリー,vending_machine,135.3899643,34.6498192,Point,"{""amenity"":""vending_machine"",""brand"":""サントリー"",""brand:en"":""Suntory"",""brand:ja"":""サントリー"",""brand:wikidata"":""Q1345267"",""check_date"":""2025-04-20"",""name"":""サントリー"",""name:en"":""Suntory"",""name:ja"":""サントリー"",""vending"":""drinks""}",vending_machine,,,,,,,
node/12769425924,サントリー,vending_machine,135.3899825,34.6498063,Point,"{""amenity"":""vending_machine"",""brand"":""サントリー"",""brand:en"":""Suntory"",""brand:ja"":""サントリー"",""brand:wikidata"":""Q1345267"",""check_date"":""2025-04-20"",""name"":""サントリー"",""name:en"":""Suntory"",""name:ja"":""サントリー"",""vending"":""drinks""}",vending_machine,,,,,,,
node/12769425925,コカ・コーラ,vending_machine,135.3900028,34.6497936,Point,"{""amenity"":""vending_machine"",""brand"":""コカ・コーラ"",""brand:en"":""Coca-Cola"",""brand:ja"":""コカ・コーラ"",""brand:wikidata"":""Q2813"",""check_date"":""2025-04-20"",""drink:cola"":""yes"",""name"":""コカ・コーラ"",""name:en"":""Coca-Cola"",""name:ja"":""コカ・コーラ"",""vending"":""drinks""}",vending_machine,,,,,,,
node/12769425926,コカ・コーラ,vending_machine,135.3900274,34.6497803,Point,"{""amenity"":""vending_machine"",""brand"":""コカ・コーラ"",""brand:en"":""Coca-Cola"",""brand:ja"":""コカ・コーラ"",""brand:wikidata"":""Q2813"",""check_date"":""2025-04-20"",""drink:cola"":""yes"",""name"":""コカ・コーラ"",""name:en"":""Coca-Cola"",""name:ja"":""コカ・コーラ"",""vending"":""drinks""}",vending_machine,,,,,,,
node/12769427367,,information,135.3884531,34.6498626,Point,"{""information"":""guidepost"",""tourism"":""information""}",,information,,,,,,
node/12769427368,←東ゲート広場案内所,information,135.3887149,34.6498425,Point,"{""information"":""guidepost"",""name"":""←東ゲート広場案内所"",""tourism"":""information""}",,information,,,,,,
node/12769427369,東ゲート広場,information,135.3887449,34.6501655,Point,"{""information"":""board"",""name"":""東ゲート広場"",""tourism"":""information""}",,information,,,,,,
node/12769428782,,tree,135.3888318,34.6502806,Point,"{""natural"":""tree""}",,,,,,,,
node/12769428783,,tree,135.3888018,34.650241,Point,"{""natural"":""tree""}",,,,,,,,
node/12769428784,,tree,135.3888847,34.6502707,Point,"{""natural"":""tree""}",,,,,,,,
node/12769428785,,tree,135.3888712,34.6503266,Point,"{""natural"":""tree""}",,,,,,,,
node/12769428786,,tree,135.3888485,34.6502195,Point,"{""natural"":""tree""}",,,,,,,,
node/12769428787,,tree,135.388865,34.650248,Point,"{""natural"":""tree""}",,,,,,,,
node/12769428788,,tree,135.3888597,34.650273,Point,"{""natural"":""tree""}",,,,,,,,
node/12769428789,,information,135.3890242,34.6502319,Point,"{""information"":""map"",""tourism"":""information""}",,information,,,,,,
node/12769428790,,information,135.3890434,34.6501963,Point,"{""information"":""map"",""tourism"":""information""}",,information,,,,,,
node/12769432788,,tree,135.3883538,34.6505555,Point,"{""natural"":""tree""}",,,,,,,,
node/12769432789,,tree,135.3883493,34.6505318,Point,"{""natural"":""tree""}",,,,,,,,
node/12769432790,,tree,135.3883456,34.6505124,Point,"{""natural"":""tree""}",,,,,,,,
node/12769432791,,tree,135.3883967,34.6504994,Point,"{""natural"":""tree""}",,,,,,,,
node/12769432792,,tree,135.3884051,34.650519,Point,"{""natural"":""tree""}",,,,,,,,
node/12769432793,,tree,135.3884127,34.6505368,Point,"{""natural"":""tree""}",,,,,,,,
node/12769432794,Bloom Paradise. Flower of Hope,artwork,135.3885076,34.6504993,Point,"{""artwork_type"":""statue"",""name"":""Bloom Paradise. Flower of Hope"",""name:en"":""Bloom Paradise. Flower of Hope"",""name:ja"":""賴純純"",""tourism"":""artwork""}",,artwork,,,,,,
node/12769432795,,bench,135.3885467,34.6505459,Point,"{""amenity"":""bench""}",bench,,,,,,,
node/12769437994,,tree,135.3885059,34.650396,Point,"{""natural"":""tree""}",,,,,,,,
node/12769437995,,tree,135.388505,34.6504134,Point,"{""natural"":""tree""}",,,,,,,,
node/12769437996,,information,135.3886658,34.6504512,Point,"{""information"":""board"",""tourism"":""information""}",,information,,,,,,
node/12769446808,案内所,information,135.3889383,34.649785,Point,"{""check_date"":""2025-04-20"",""information"":""office"",""name"":""案内所"",""name:en"":""Information Center"",""name:ja"":""案内所"",""tourism"":""information""}",,information,,,,,,
node/12769446809,,,135.3890499,34.6497794,Point,"{""entrance"":""yes""}",,,,,,,,
node/12769446810,,information,135.3890555,34.6498385,Point,"{""information"":""board"",""tourism"":""information""}",,information,,,,,,
node/12769446811,,,135.3888712,34.6498554,Point,"{""entrance"":""main""}",,,,,,,,
node/12769446812,,,135.3888665,34.6497218,Point,"{""entrance"":""main""}",,,,,,,,
node/12769446833,EXPO2025 EAST郵便局,post_office,135.38881,34.6506965,Point,"{""addr:city"":""大阪市"",""addr:neighbourhood"":""夢洲中一丁目地先"",""addr:postcode"":""554-8089"",""addr:province"":""大阪府"",""addr:suburb"":""此花区"",""amenity"":""post_office"",""check_date"":""2025-04-20"",""mapillary"":""1695931481012823"",""name"":""EXPO2025 EAST郵便局"",""name:en"":""EXPO2025 EAST Post Office"",""name:es"":""Oficina de Correos de EXPO2025 EAST"",""name:ja"":""EXPO2025 EAST郵便局"",""name:ja-Hira"":""えきすぽ にーぜろにーごいーすと ゆうびんきょく"",""name:pt"":""Correio de EXPO2025 EAST"",""opening_hours"":""Mo-Su 09:00-19:00"",""operator"":""日本郵便"",""operator:en"":""Japan Post"",""operator:ja"":""日本郵便"",""operator:short"":""郵便局"",""operator:short:en"":""JP"",""operator:short:ja"":""郵便局"",""operator:wikidata"":""Q11509260"",""phone"":""+81-6-6485-7137""}",post_office,,,,,Mo-Su 09:00-19:00,,
node/12769446834,,,135.3886818,34.650672,Point,"{""entrance"":""yes""}",,,,,,,,
node/12769446835,アクセシビリティセンター,,135.3887708,34.6507566,Point,"{""check_date"":""2025-04-20"",""government"":""public_service"",""name"":""アクセシビリティセンター"",""name:en"":""Accessibility Center"",""name:ja"":""アクセシビリティセンター"",""office"":""government""}",,,,,,,,
node/12769446837,,,135.388666,34.6511343,Point,"{""drinking_water"":""no"",""man_made"":""water_tap""}",,,,,,,,
node/12769446838,東ゲート北停留所,bus_stop,135.388567,34.6512031,Point,"{""bus"":""yes"",""highway"":""bus_stop"",""name"":""東ゲート北停留所"",""name:en"":""East Gate North Stop"",""name:ja"":""東ゲート北停留所"",""public_transport"":""platform"",""ref"":""5""}",,,,,,,,
node/12769446839,,bench,135.3885377,34.6511162,Point,"{""amenity"":""bench""}",bench,,,,,,,
node/12769446840,,bench,135.388529,34.6510967,Point,"{""amenity"":""bench""}",bench,,,,,,,
node/12769446841,,bench,135.3885203,34.6510772,Point,"{""amenity"":""bench""}",bench,,,,,,,
node/12769446842,,bench,135.3885116,34.6510577,Point,"{""amenity"":""bench""}",bench,,,,,,,
node/12769446843,,bench,135.3885029,34.6510383,Point,"{""amenity"":""bench""}",bench,,,,,,,
node/12769446844,,bench,135.3884942,34.6510188,Point,"{""amenity"":""bench""}",bench,,,,,,,
node/12769446845,大塚食品,vending_machine,135.3884304,34.6508739,Point,"{""amenity"":""vending_machine"",""brand"":""大塚"",""brand:en"":""Otsuka"",""brand:ja"":""大塚"",""brand:wikidata"":""Q11434124"",""check_date"":""2025-04-20"",""name"":""大塚食品"",""name:en"":""Otsuka Foods"",""name:ja"":""大塚食品"",""vending"":""food""}",vending_machine,,,,,,,
node/12769446846,大塚食品,vending_machine,135.3884255,34.6508634,Point,"{""amenity"":""vending_machine"",""brand"":""大塚"",""brand:en"":""Otsuka"",""brand:ja"":""大塚"",""brand:wikidata"":""Q11434124"",""check_date"":""2025-04-20"",""name"":""大塚食品"",""name:en"":""Otsuka Foods"",""name:ja"":""大塚食品"",""vending"":""food""}",vending_machine,,,,,,,
node/12769446847,アサヒ飲料,vending_machine,135.3884206,34.650853,Point,"{""amenity"":""vending_machine"",""brand"":""Asahi SOFT DRINKS"",""brand:en"":""Asahi SOFT DRINKS"",""brand:ja"":""アサヒ飲料"",""brand:wikidata"":""Q1833890"",""check_date"":""2025-04-20"",""name"":""アサヒ飲料"",""name:en"":""Asahi Soft Drinks"",""name:ja"":""アサヒ飲料"",""short_name:en"":""Asahi"",""vending"":""drinks""}",vending_machine,,,,,,,
node/12769446848,アサヒ飲料,vending_machine,135.3884157,34.6508425,Point,"{""amenity"":""vending_machine"",""brand"":""Asahi SOFT DRINKS"",""brand:en"":""Asahi SOFT DRINKS"",""brand:ja"":""アサヒ飲料"",""brand:wikidata"":""Q1833890"",""check_date"":""2025-04-20"",""name"":""アサヒ飲料"",""name:en"":""Asahi Soft Drinks"",""name:ja"":""アサヒ飲料"",""short_name:en"":""Asahi"",""vending"":""drinks""}",vending_machine,,,,,,,
node/12769446849,大塚食品,vending_machine,135.3884108,34.650832,Point,"{""amenity"":""vending_machine"",""brand"":""大塚"",""brand:en"":""Otsuka"",""brand:ja"":""大塚"",""brand:wikidata"":""Q11434124"",""check_date"":""2025-04-20"",""name"":""大塚食品"",""name:en"":""Otsuka Foods"",""name:ja"":""大塚食品"",""vending"":""food""}",vending_machine,,,,,,,
node/12769446850,大塚食品,vending_machine,135.3884058,34.6508215,Point,"{""amenity"":""vending_machine"",""brand"":""大塚"",""brand:en"":""Otsuka"",""brand:ja"":""大塚"",""brand:wikidata"":""Q11434124"",""check_date"":""2025-04-20"",""name"":""大塚食品"",""name:en"":""Otsuka Foods"",""name:ja"":""大塚食品"",""vending"":""food""}",vending_machine,,,,,,,
node/12769446851,アサヒ飲料,vending_machine,135.3884009,34.6508111,Point,"{""amenity"":""vending_machine"",""brand"":""Asahi SOFT DRINKS"",""brand:en"":""Asahi SOFT DRINKS"",""brand:ja"":""アサヒ飲料"",""brand:wikidata"":""Q1833890"",""check_date"":""2025-04-20"",""name"":""アサヒ飲料"",""name:en"":""Asahi Soft Drinks"",""name:ja"":""アサヒ飲料"",""short_name:en"":""Asahi"",""vending"":""drinks""}",vending_machine,,,,,,,
node/12769446852,アサヒ飲料,vending_machine,135.388396,34.6508006,Point,"{""amenity"":""vending_machine"",""brand"":""Asahi SOFT DRINKS"",""brand:en"":""Asahi SOFT DRINKS"",""brand:ja"":""アサヒ飲料"",""brand:wikidata"":""Q1833890"",""check_date"":""2025-04-20"",""name"":""アサヒ飲料"",""name:en"":""Asahi Soft Drinks"",""name:ja"":""アサヒ飲料"",""short_name:en"":""Asahi"",""vending"":""drinks""}",vending_machine,,,,,,,
node/12769446853,,drinking_water,135.3883911,34.6507901,Point,"{""amenity"":""drinking_water"",""bottle"":""yes"",""fountain"":""bottle_refill""}",drinking_water,,,,,,,
node/12769448862,UNKNOWN FOREST SHOP,,135.3882333,34.6492977,Point,"{""check_date"":""2025-04-20"",""craft"":""handicraft"",""name"":""UNKNOWN FOREST SHOP""}",,,,,,,,
node/12769448863,,,135.3883005,34.6492943,Point,"{""entrance"":""yes""}",,,,,,,,
node/12769448864,,tree,135.3885414,34.6493874,Point,"{""natural"":""tree""}",,,,,,,,
node/12769448865,,tree,135.388579,34.6493768,Point,"{""natural"":""tree""}",,,,,,,,
node/12769448866,,tree,135.3886124,34.649419,Point,"{""natural"":""tree""}",,,,,,,,
node/12769448867,,tree,135.3886396,34.6494006,Point,"{""natural"":""tree""}",,,,,,,,
node/12769448868,,tree,135.3886471,34.6493835,Point,"{""natural"":""tree""}",,,,,,,,
node/12769449876,東ゲート応急手当所,,135.3901548,34.6495818,Point,"{""check_date"":""2025-06-24"",""government"":""public_service"",""name"":""東ゲート応急手当所"",""name:en"":""East Gate Clinic"",""name:ja"":""東ゲート応急手当所"",""office"":""government""}",,,,,,,,
node/12769449877,,bench,135.3898949,34.6498371,Point,"{""amenity"":""bench""}",bench,,,,,,,
node/12769449878,,bench,135.3898772,34.6498167,Point,"{""amenity"":""bench""}",bench,,,,,,,
node/12769449879,,bench,135.3898378,34.6497772,Point,"{""amenity"":""bench""}",bench,,,,,,,
node/12769449880,,bench,135.3898218,34.6497614,Point,"{""amenity"":""bench""}",bench,,,,,,,
node/12769449881,施設案内,information,135.3897806,34.6497135,Point,"{""information"":""map"",""name"":""施設案内"",""tourism"":""information""}",,information,,,,,,
node/12769449882,,,135.3897384,34.649666,Point,"{""entrance"":""main""}",,,,,,,,
node/12769449883,ローソン,convenience,135.3898247,34.6496157,Point,"{""brand"":""LAWSON"",""brand:en"":""LAWSON"",""brand:ja"":""ローソン"",""brand:wikidata"":""Q1557223"",""check_date"":""2025-04-20"",""name"":""ローソン"",""name:en"":""Lawson"",""name:ja"":""ローソン"",""shop"":""convenience""}",,,convenience,,,,,
node/12769449884,Lawson Cafe,cafe,135.3897502,34.649603,Point,"{""amenity"":""cafe"",""check_date"":""2025-04-28"",""name"":""Lawson Cafe"",""opening_hours"":""09:00-21:00""}",cafe,,,,,09:00-21:00,,
node/12769449885,,,135.3896983,34.6496252,Point,"{""entrance"":""main""}",,,,,,,,
node/12769449886,,tree,135.3895708,34.6497387,Point,"{""natural"":""tree""}",,,,,,,,
node/12769449887,,tree,135.3895536,34.6497264,Point,"{""natural"":""tree""}",,,,,,,,
node/12769449888,,tree,135.3895442,34.6497386,Point,"{""natural"":""tree""}",,,,,,,,
node/12769449889,,tree,135.3895878,34.6497671,Point,"{""natural"":""tree""}",,,,,,,,
node/12769449890,,tree,135.3895665,34.6497598,Point,"{""natural"":""tree""}",,,,,,,,
node/12769449891,,tree,135.389574,34.6497772,Point,"{""natural"":""tree""}",,,,,,,,
node/12769449892,,bench,135.3895484,34.6497935,Point,"{""amenity"":""bench""}",bench,,,,,,,
node/12769449893,,tree,135.389472,34.6498215,Point,"{""natural"":""tree""}",,,,,,,,
node/12769449894,,tree,135.3894969,34.6498702,Point,"{""natural"":""tree""}",,,,,,,,
node/12769449895,,tree,135.3894266,34.6498942,Point,"{""natural"":""tree""}",,,,,,,,
node/12769449896,,tree,135.3894415,34.6498634,Point,"{""natural"":""tree""}",,,,,,,,
node/12769449897,,bench,135.3894182,34.649866,Point,"{""amenity"":""bench""}",bench,,,,,,,
node/12769449898,,bench,135.3894363,34.6498413,Point,"{""amenity"":""bench""}",bench,,,,,,,
node/12769449899,,tree,135.3894058,34.6498184,Point,"{""natural"":""tree""}",,,,,,,,
node/12769449900,,tree,135.3892501,34.6497772,Point,"{""natural"":""tree""}",,,,,,,,
node/12769452350,,bench,135.3886465,34.6494545,Point,"{""amenity"":""bench""}",bench,,,,,,,
node/12769454601,,tree,135.3892479,34.649748,Point,"{""natural"":""tree""}",,,,,,,,
node/12769454602,,tree,135.3892359,34.6497348,Point,"{""natural"":""tree""}",,,,,,,,
node/12769454603,,tree,135.3892127,34.6497142,Point,"{""natural"":""tree""}",,,,,,,,
node/12769454604,,waste_basket,135.3892943,34.6497448,Point,"{""amenity"":""waste_basket""}",waste_basket,,,,,,,
node/12769454657,,tree,135.3888729,34.6499878,Point,"{""natural"":""tree""}",,,,,,,,
node/12769454658,,tree,135.3887059,34.6497981,Point,"{""natural"":""tree""}",,,,,,,,
node/12769454659,,tree,135.3887083,34.6497776,Point,"{""natural"":""tree""}",,,,,,,,
node/12769454660,,tree,135.388642,34.649802,Point,"{""natural"":""tree""}",,,,,,,,
node/12769454661,,tree,135.38871,34.649756,Point,"{""natural"":""tree""}",,,,,,,,
node/12769461974,,tree,135.3889961,34.6496275,Point,"{""natural"":""tree""}",,,,,,,,
node/12769461975,,tree,135.3890487,34.649619,Point,"{""natural"":""tree""}",,,,,,,,
node/12769461976,,tree,135.3889678,34.6496032,Point,"{""natural"":""tree""}",,,,,,,,
node/12769461977,,tree,135.3889359,34.6495864,Point,"{""natural"":""tree""}",,,,,,,,
node/12769461978,,bench,135.3890197,34.6495848,Point,"{""amenity"":""bench""}",bench,,,,,,,
node/12769461979,,tree,135.3888266,34.6496056,Point,"{""natural"":""tree""}",,,,,,,,
node/12769461980,,tree,135.3888483,34.6495813,Point,"{""natural"":""tree""}",,,,,,,,
node/12769461981,,tree,135.388817,34.6495725,Point,"{""natural"":""tree""}",,,,,,,,
node/12769461982,,tree,135.3887765,34.6496044,Point,"{""natural"":""tree""}",,,,,,,,
node/12769461983,,tree,135.3888039,34.649593,Point,"{""natural"":""tree""}",,,,,,,,
node/12769461984,,tree,135.3887358,34.6495985,Point,"{""natural"":""tree""}",,,,,,,,
node/12769461985,,waste_basket,135.3887538,34.6495708,Point,"{""amenity"":""waste_basket""}",waste_basket,,,,,,,
node/12769461986,,drinking_water,135.3887772,34.6495712,Point,"{""amenity"":""drinking_water""}",drinking_water,,,,,,,
node/12769468070,,tree,135.3887231,34.6495152,Point,"{""natural"":""tree""}",,,,,,,,
node/12769468071,,tree,135.3886958,34.6495037,Point,"{""natural"":""tree""}",,,,,,,,
node/12769468072,,tree,135.3886644,34.6495013,Point,"{""natural"":""tree""}",,,,,,,,
node/12769468073,,tree,135.3886456,34.6494846,Point,"{""natural"":""tree""}",,,,,,,,
node/12769468074,,tree,135.3886192,34.649482,Point,"{""natural"":""tree""}",,,,,,,,
node/12769468087,3.11を忘れない。想いをつなぐ未来レター,information,135.3886014,34.6497341,Point,"{""information"":""board"",""name"":""3.11を忘れない。想いをつなぐ未来レター"",""tourism"":""information""}",,information,,,,,,
node/12769468111,ポップアップステージ東外,stage,135.3877282,34.6498734,Point,"{""amenity"":""stage"",""check_date"":""2025-05-28"",""name"":""ポップアップステージ東外"",""ref"":""E04""}",stage,,,,,,,
node/12769469265,,,135.388925,34.6505654,Point,"{""entrance"":""yes""}",,,,,,,,
node/12769469266,チケットエラー改札室,,135.3888834,34.6505954,Point,"{""check_date"":""2025-04-20"",""government"":""public_service"",""name"":""チケットエラー改札室"",""name:en"":""Ticket Error Gate Room"",""name:ja"":""チケットエラー改札室"",""office"":""government""}",,,,,,,,
node/12769469267,いのちへの,artwork,135.3888449,34.6505631,Point,"{""artist_name"":""マサゴン"",""artwork_type"":""mural"",""name"":""いのちへの"",""tourism"":""artwork""}",,artwork,,,,,,
node/12769471375,Snow-Deer,artwork,135.3891567,34.6499099,Point,"{""artist_name"":""名和晃平"",""artwork_type"":""statue"",""mapillary"":""1371771807316395"",""material"":""metal"",""name"":""Snow-Deer"",""tourism"":""artwork""}",,artwork,,,,,,
node/12769476170,,artwork,135.3880753,34.6498897,Point,"{""artwork_type"":""statue"",""description"":""ミャクミャクモニュメント「いらっしゃい」"",""tourism"":""artwork"",""wikimedia_commons"":""File:東ゲート付近にあるミャクミャク像.jpg""}",,artwork,,,,,,
node/12769476171,,tree,135.387992,34.6498766,Point,"{""natural"":""tree""}",,,,,,,,
node/12769476172,,tree,135.387939,34.6499021,Point,"{""natural"":""tree""}",,,,,,,,
node/12769476173,,tree,135.3879525,34.6498495,Point,"{""natural"":""tree""}",,,,,,,,
node/12769476174,,bench,135.3880451,34.649834,Point,"{""amenity"":""bench""}",bench,,,,,,,
node/12769476175,,bench,135.387838,34.6498081,Point,"{""amenity"":""bench""}",bench,,,,,,,
node/12769477679,,waste_basket,135.3885645,34.650607,Point,"{""amenity"":""waste_basket""}",waste_basket,,,,,,,
node/12769477680,,,135.3885486,34.6506172,Point,"{""drinking_water"":""no"",""man_made"":""water_tap""}",,,,,,,,
node/12769478562,,,135.3887415,34.6506321,Point,"{""entrance"":""yes""}",,,,,,,,
node/12769478569,,bench,135.388542,34.6511259,Point,"{""amenity"":""bench""}",bench,,,,,,,
node/12769478570,,bench,135.3885333,34.6511064,Point,"{""amenity"":""bench""}",bench,,,,,,,
node/12769478571,,bench,135.3885246,34.651087,Point,"{""amenity"":""bench""}",bench,,,,,,,
node/12769478572,,bench,135.3885159,34.6510675,Point,"{""amenity"":""bench""}",bench,,,,,,,
node/12769478573,,bench,135.3885072,34.651048,Point,"{""amenity"":""bench""}",bench,,,,,,,
node/12769478574,,bench,135.3884985,34.6510285,Point,"{""amenity"":""bench""}",bench,,,,,,,
node/12769481717,,,135.3895735,34.6493648,Point,"{""entrance"":""main""}",,,,,,,,
node/12769481718,大丸松坂屋百貨店,gift,135.3897604,34.6492646,Point,"{""check_date"":""2025-04-25"",""name"":""大丸松坂屋百貨店"",""name:ja"":""大丸松坂屋百貨店"",""shop"":""gift""}",,,gift,,,,,
node/12769481726,,mist_spraying_cooler,135.3888065,34.6492383,Point,"{""amenity"":""mist_spraying_cooler"",""check_date"":""2025-04-20"",""natural"":""tree""}",mist_spraying_cooler,,,,,,,
node/12769481727,,mist_spraying_cooler,135.3887856,34.6492184,Point,"{""amenity"":""mist_spraying_cooler"",""check_date"":""2025-04-20"",""natural"":""tree""}",mist_spraying_cooler,,,,,,,
node/12769483817,,,135.3897857,34.6494771,Point,"{""entrance"":""yes""}",,,,,,,,
node/12769483818,サントリー,vending_machine,135.3884114,34.649153,Point,"{""amenity"":""vending_machine"",""brand"":""サントリー"",""brand:en"":""Suntory"",""brand:ja"":""サントリー"",""brand:wikidata"":""Q1345267"",""check_date"":""2025-04-20"",""name"":""サントリー"",""name:en"":""Suntory"",""name:ja"":""サントリー"",""vending"":""drinks""}",vending_machine,,,,,,,
node/12769483819,サントリー,vending_machine,135.3884117,34.6491651,Point,"{""amenity"":""vending_machine"",""brand"":""サントリー"",""brand:en"":""Suntory"",""brand:ja"":""サントリー"",""brand:wikidata"":""Q1345267"",""check_date"":""2025-04-20"",""name"":""サントリー"",""name:en"":""Suntory"",""name:ja"":""サントリー"",""vending"":""drinks""}",vending_machine,,,,,,,
node/12769483820,サントリー,vending_machine,135.3884068,34.6491796,Point,"{""amenity"":""vending_machine"",""brand"":""サントリー"",""brand:en"":""Suntory"",""brand:ja"":""サントリー"",""brand:wikidata"":""Q1345267"",""check_date"":""2025-04-20"",""name"":""サントリー"",""name:en"":""Suntory"",""name:ja"":""サントリー"",""vending"":""drinks""}",vending_machine,,,,,,,
node/12769498310,東ゲート南停留所,bus_stop,135.3888761,34.648525,Point,"{""bus"":""yes"",""highway"":""bus_stop"",""name"":""東ゲート南停留所"",""name:en"":""East Gate South Stop"",""name:ja"":""東ゲート南停留所"",""public_transport"":""platform"",""ref"":""4""}",,,,,,,,
node/12769503725,不二家,confectionery,135.3886061,34.6484569,Point,"{""brand"":""不二家"",""brand:en"":""Fujiya"",""brand:ja"":""不二家"",""brand:wikidata"":""Q858452"",""check_date"":""2025-04-20"",""name"":""不二家"",""name:en"":""Fujiya"",""name:ja"":""不二家"",""shop"":""confectionery""}",,,confectionery,,,,,
node/12769503726,,drinking_water,135.3887686,34.648531,Point,"{""amenity"":""drinking_water""}",drinking_water,,,,,,,
node/12769503727,eMover ④東ゲート南停留所,information,135.3887508,34.6485351,Point,"{""information"":""board"",""name"":""eMover ④東ゲート南停留所"",""tourism"":""information""}",,information,,,,,,
node/12769504565,地たこ亭,fast_food,135.3884657,34.6490562,Point,"{""amenity"":""fast_food"",""check_date"":""2025-07-04"",""name"":""地たこ亭""}",fast_food,,,,,,,
node/12769504566,,,135.3884955,34.6490338,Point,"{""entrance"":""yes""}",,,,,,,,
node/12769504567,,,135.3885154,34.6489516,Point,"{""entrance"":""yes""}",,,,,,,,
node/12769504568,,,135.3885351,34.6488701,Point,"{""entrance"":""yes""}",,,,,,,,
node/12769504569,北陸お花ごっつぉマルシェ,gift,135.3884883,34.648947,Point,"{""check_date"":""2025-07-10"",""name"":""北陸お花ごっつぉマルシェ"",""shop"":""gift""}",,,gift,,,,,
node/12769504570,,,135.3885545,34.6487895,Point,"{""entrance"":""yes""}",,,,,,,,
node/12769504571,,,135.3885742,34.6487082,Point,"{""entrance"":""yes""}",,,,,,,,
node/12769504572,大阪産,gift,135.3885421,34.6487032,Point,"{""check_date"":""2025-07-04"",""name"":""大阪産"",""name:ja"":""大阪産"",""shop"":""gift""}",,,gift,,,,,
node/12769504573,,,135.3885942,34.6486253,Point,"{""entrance"":""yes""}",,,,,,,,
node/12769504574,,,135.3886141,34.6485432,Point,"{""entrance"":""yes""}",,,,,,,,
node/12769504575,,,135.3886337,34.6484618,Point,"{""entrance"":""yes""}",,,,,,,,
node/12769504576,Souvenir JAPAN,gift,135.3885846,34.648539,Point,"{""check_date"":""2025-04-20"",""name"":""Souvenir JAPAN"",""name:en"":""Souvenir JAPAN"",""name:ja"":""スーベニアジャパン"",""shop"":""gift""}",,,gift,,,,,
node/12769509978,JAPANマルシェ,information,135.3885081,34.6490961,Point,"{""information"":""board"",""name"":""JAPANマルシェ"",""tourism"":""information""}",,information,,,,,,
node/12769509979,,mist_spraying_cooler,135.3886677,34.64911,Point,"{""amenity"":""mist_spraying_cooler"",""check_date"":""2025-04-20"",""natural"":""tree""}",mist_spraying_cooler,,,,,,,
node/12769509980,,mist_spraying_cooler,135.3886915,34.6491449,Point,"{""amenity"":""mist_spraying_cooler"",""check_date"":""2025-04-20"",""natural"":""tree""}",mist_spraying_cooler,,,,,,,
node/12769516628,,tree,135.3875527,34.6498063,Point,"{""natural"":""tree""}",,,,,,,,
node/12769516629,,tree,135.3875151,34.6497658,Point,"{""natural"":""tree""}",,,,,,,,
node/12769516630,,tree,135.387525,34.6499098,Point,"{""natural"":""tree""}",,,,,,,,
node/12769516631,,tree,135.3874693,34.6499198,Point,"{""natural"":""tree""}",,,,,,,,
node/12769516632,,information,135.387478,34.6500437,Point,"{""information"":""guidepost"",""tourism"":""information""}",,information,,,,,,
node/12769516633,,bench,135.3874901,34.6499431,Point,"{""amenity"":""bench""}",bench,,,,,,,
node/12769516634,,bench,135.3875588,34.6497637,Point,"{""amenity"":""bench""}",bench,,,,,,,
node/12769516635,EXPER,artwork,135.387686,34.6501398,Point,"{""artist_name"":""CASPER"",""artwork_type"":""graffiti"",""fixme"":""Please merge me into a nearby wall"",""name"":""EXPER"",""tourism"":""artwork""}",,artwork,,,,,,
node/12769516638,いのちの湧水,information,135.3872888,34.6504051,Point,"{""alt_name"":""いのちのいずみ"",""information"":""board"",""name"":""いのちの湧水"",""tourism"":""information""}",,information,,,,,,
node/12769526772,,toilets,135.386902,34.6512503,Point,"{""access"":""yes"",""amenity"":""toilets"",""capacity:female"":""6"",""capacity:male"":""7"",""capacity:unisex"":""2"",""changing_table"":""no"",""check_date"":""2025-06-24"",""toilets:disposal"":""flush""}",toilets,,,,,,,
node/12769526773,,,135.3869564,34.6512301,Point,"{""entrance"":""yes""}",,,,,,,,
node/12769533180,サントリー,vending_machine,135.3865753,34.6503973,Point,"{""amenity"":""vending_machine"",""brand"":""サントリー"",""brand:en"":""Suntory"",""brand:ja"":""サントリー"",""brand:wikidata"":""Q1345267"",""check_date"":""2025-04-20"",""name"":""サントリー"",""name:en"":""Suntory"",""name:ja"":""サントリー"",""vending"":""drinks""}",vending_machine,,,,,,,
node/12769533181,サントリー,vending_machine,135.3865872,34.65038,Point,"{""amenity"":""vending_machine"",""brand"":""サントリー"",""brand:en"":""Suntory"",""brand:ja"":""サントリー"",""brand:wikidata"":""Q1345267"",""check_date"":""2025-04-20"",""name"":""サントリー"",""name:en"":""Suntory"",""name:ja"":""サントリー"",""vending"":""drinks""}",vending_machine,,,,,,,
node/12769533182,サントリー,vending_machine,135.386599,34.6503628,Point,"{""amenity"":""vending_machine"",""brand"":""サントリー"",""brand:en"":""Suntory"",""brand:ja"":""サントリー"",""brand:wikidata"":""Q1345267"",""check_date"":""2025-04-20"",""name"":""サントリー"",""name:en"":""Suntory"",""name:ja"":""サントリー"",""vending"":""drinks""}",vending_machine,,,,,,,
node/12769533183,サントリー,vending_machine,135.3866109,34.6503456,Point,"{""amenity"":""vending_machine"",""brand"":""サントリー"",""brand:en"":""Suntory"",""brand:ja"":""サントリー"",""brand:wikidata"":""Q1345267"",""check_date"":""2025-04-20"",""name"":""サントリー"",""name:en"":""Suntory"",""name:ja"":""サントリー"",""vending"":""drinks""}",vending_machine,,,,,,,
node/12769545774,,elevator,135.3865339,34.6506945,Point,"{""access"":""yes"",""addr:floor"":""1;2"",""highway"":""elevator"",""level"":""0;1"",""ref"":""EV4"",""wheelchair"":""yes""}",,,,,yes,,,
node/12769548207,,,135.387141,34.650546,Point,"{""entrance"":""main""}",,,,,,,,
node/12769548208,,toilets,135.3874722,34.6508919,Point,"{""amenity"":""toilets"",""check_date"":""2025-04-20""}",toilets,,,,,,,
node/12769548210,,food_court,135.3870425,34.6508757,Point,"{""amenity"":""food_court"",""check_date"":""2025-04-20""}",food_court,,,,,,,
node/12769548211,,,135.386911,34.6507308,Point,"{""entrance"":""yes""}",,,,,,,,
node/12769548212,,bench,135.3868959,34.6508784,Point,"{""amenity"":""bench""}",bench,,,,,,,
node/12769548213,,bench,135.3869093,34.6509158,Point,"{""amenity"":""bench""}",bench,,,,,,,
node/12769548214,,bench,135.3869173,34.6509381,Point,"{""amenity"":""bench""}",bench,,,,,,,
node/12769548215,,bench,135.3869266,34.650964,Point,"{""amenity"":""bench""}",bench,,,,,,,
node/12769548216,,bench,135.386934,34.6509847,Point,"{""amenity"":""bench""}",bench,,,,,,,
node/12769548217,,bench,135.3869412,34.6510048,Point,"{""amenity"":""bench""}",bench,,,,,,,
node/12769548218,,bench,135.3869471,34.6510212,Point,"{""amenity"":""bench""}",bench,,,,,,,
node/12769548219,,bench,135.3869534,34.6510387,Point,"{""amenity"":""bench""}",bench,,,,,,,
node/12769549290,,,135.3835195,34.6519155,Point,"{""addr:floor"":""2"",""entrance"":""yes"",""level"":""1"",""wheelchair"":""yes""}",,,,,yes,,,
node/12769549291,,,135.3861795,34.6471239,Point,"{""addr:floor"":""2"",""entrance"":""yes"",""level"":""1"",""wheelchair"":""yes""}",,,,,yes,,,
node/12769551541,,stage,135.3822221,34.6512863,Point,"{""amenity"":""stage"",""check_date"":""2025-04-20""}",stage,,,,,,,
node/12769551542,,,135.3820599,34.6513569,Point,"{""entrance"":""main"",""wheelchair"":""yes""}",,,,,yes,,,
node/12769551543,,,135.3816573,34.651512,Point,"{""addr:floor"":""2"",""entrance"":""yes"",""layer"":""1"",""level"":""1"",""wheelchair"":""yes""}",,,,,yes,,,
node/12769552398,,,135.3809748,34.6469892,Point,"{""addr:floor"":""2"",""entrance"":""yes"",""level"":""1""}",,,,,,,,
node/12769553886,インフォメーション,information,135.3855781,34.6509545,Point,"{""check_date"":""2025-06-24"",""information"":""office"",""name"":""インフォメーション"",""operator"":""ドイツ"",""tourism"":""information""}",,information,,,,,,
node/12769554444,,artwork,135.3869725,34.6511075,Point,"{""artwork_type"":""mural"",""tourism"":""artwork""}",,artwork,,,,,,
node/12769554445,,drinking_water,135.3868205,34.6506672,Point,"{""amenity"":""drinking_water"",""man_made"":""water_tap""}",drinking_water,,,,,,,
node/12769554446,,waste_basket,135.3868141,34.6506323,Point,"{""amenity"":""waste_basket""}",waste_basket,,,,,,,
node/12769554447,,stage,135.3869562,34.650563,Point,"{""amenity"":""stage"",""check_date"":""2025-04-20""}",stage,,,,,,,
node/12769571601,サントリー,vending_machine,135.3865966,34.6504072,Point,"{""amenity"":""vending_machine"",""brand"":""サントリー"",""brand:en"":""Suntory"",""brand:ja"":""サントリー"",""brand:wikidata"":""Q1345267"",""check_date"":""2025-04-20"",""name"":""サントリー"",""name:en"":""Suntory"",""name:ja"":""サントリー"",""vending"":""drinks""}",vending_machine,,,,,,,
node/12769571602,サントリー,vending_machine,135.3866085,34.65039,Point,"{""amenity"":""vending_machine"",""brand"":""サントリー"",""brand:en"":""Suntory"",""brand:ja"":""サントリー"",""brand:wikidata"":""Q1345267"",""check_date"":""2025-04-20"",""name"":""サントリー"",""name:en"":""Suntory"",""name:ja"":""サントリー"",""vending"":""drinks""}",vending_machine,,,,,,,
node/12769571603,サントリー,vending_machine,135.3866203,34.6503727,Point,"{""amenity"":""vending_machine"",""brand"":""サントリー"",""brand:en"":""Suntory"",""brand:ja"":""サントリー"",""brand:wikidata"":""Q1345267"",""check_date"":""2025-04-20"",""name"":""サントリー"",""name:en"":""Suntory"",""name:ja"":""サントリー"",""vending"":""drinks""}",vending_machine,,,,,,,
node/12769571604,サントリー,vending_machine,135.3866322,34.6503555,Point,"{""amenity"":""vending_machine"",""brand"":""サントリー"",""brand:en"":""Suntory"",""brand:ja"":""サントリー"",""brand:wikidata"":""Q1345267"",""check_date"":""2025-04-20"",""name"":""サントリー"",""name:en"":""Suntory"",""name:ja"":""サントリー"",""vending"":""drinks""}",vending_machine,,,,,,,
node/12769571605,,drinking_water,135.3866473,34.6503279,Point,"{""amenity"":""drinking_water"",""bottle"":""yes""}",drinking_water,,,,,,,
node/12769593809,,,135.3859114,34.6469121,Point,"{""addr:floor"":""2"",""entrance"":""yes"",""level"":""1""}",,,,,,,,
node/12769598111,,,135.3808321,34.650916,Point,"{""addr:floor"":""2"",""entrance"":""yes"",""level"":""1"",""wheelchair"":""yes""}",,,,,yes,,,
node/12769656434,,,135.3869376,34.6488631,Point,"{""addr:floor"":""2"",""entrance"":""yes"",""level"":""1""}",,,,,,,,
node/12769675512,,,135.3864033,34.6488672,Point,"{""entrance"":""main""}",,,,,,,,
node/12769675513,,,135.3865349,34.6488349,Point,"{""entrance"":""main""}",,,,,,,,
node/12769675514,,,135.3866646,34.648803,Point,"{""entrance"":""main""}",,,,,,,,
node/12769675515,,,135.3859482,34.6489541,Point,"{""entrance"":""main""}",,,,,,,,
node/12769689261,,,135.3864245,34.6505863,Point,"{""addr:floor"":""2"",""entrance"":""yes"",""level"":""1""}",,,,,,,,
node/12769689262,,,135.3861881,34.6508748,Point,"{""addr:floor"":""2"",""entrance"":""yes"",""level"":""1"",""wheelchair"":""yes""}",,,,,yes,,,
node/12769694180,,bench,135.3863304,34.6493313,Point,"{""amenity"":""bench""}",bench,,,,,,,
node/12769694181,ロボット＆モビリティステーション,exhibition_centre,135.3863686,34.6487446,Point,"{""amenity"":""exhibition_centre"",""check_date"":""2025-04-20"",""name"":""ロボット＆モビリティステーション"",""name:en"":""ROBOT & MOBILITY STATION"",""name:ja"":""ロボット＆モビリティステーション"",""ref"":""P14"",""reservation"":""no"",""website"":""https://www.expo2025.or.jp/future-index/smart-mobility/robot/""}",exhibition_centre,,,,,,https://www.expo2025.or.jp/future-index/smart-mobility/robot/,
node/12769694182,ベトナムパビリオン,exhibition_centre,135.3864945,34.6487124,Point,"{""alt_name"":""ベトナム館"",""amenity"":""exhibition_centre"",""check_date"":""2025-04-20"",""country"":""VN"",""government"":""public_service"",""name"":""ベトナムパビリオン"",""website"":""https://www.expo2025.or.jp/official-participant/vietnam/"",""name:en"":""Viet Nam Pavilion"",""name:ja"":""ベトナムパビリオン"",""name:zh"":""越南馆"",""ref"":""P15"",""reservation"":""no"",""wikidata"":""Q136558144"",""wikimedia_commons"":""File:ベトナム パビリオン.jpg""}",exhibition_centre,,,VN,,,https://www.expo2025.or.jp/official-participant/vietnam/,Q136558144
node/12769696408,,structure,135.3865209,34.6492318,Point,"{""playground"":""structure""}",,,,,,,,
node/12769696409,,structure,135.3867209,34.6491919,Point,"{""playground"":""structure""}",,,,,,,,
node/12769696410,Play together,information,135.3866876,34.6492201,Point,"{""information"":""board"",""name"":""Play together"",""name:en"":""Play together"",""tourism"":""information""}",,information,,,,,,
node/12769696411,,aerialrotator,135.3865909,34.649238,Point,"{""playground"":""aerialrotator""}",,,,,,,,
node/12769696412,,activitypanel,135.3866588,34.6492038,Point,"{""playground"":""activitypanel""}",,,,,,,,
node/12769696413,,seesaw,135.3866838,34.6491773,Point,"{""playground"":""seesaw""}",,,,,,,,
node/12769696414,,basketrotator,135.3866049,34.649187,Point,"{""playground"":""basketrotator""}",,,,,,,,
node/12769700795,,tree,135.3866934,34.6489519,Point,"{""natural"":""tree""}",,,,,,,,
node/12769700796,,tree,135.3866499,34.6489576,Point,"{""natural"":""tree""}",,,,,,,,
node/12769700797,,tree,135.3866192,34.6489607,Point,"{""natural"":""tree""}",,,,,,,,
node/12769700798,,tree,135.3865872,34.6489642,Point,"{""natural"":""tree""}",,,,,,,,
node/12769700799,,tree,135.3865496,34.6489722,Point,"{""natural"":""tree""}",,,,,,,,
node/12769702374,ミャクミャクHOUSE,exhibition_centre,135.3866205,34.6486803,Point,"{""amenity"":""exhibition_centre"",""check_date"":""2025-05-17"",""name"":""ミャクミャクHOUSE"",""name:en"":""Myaku-myaku's House"",""name:ja"":""ミャクミャクハウス"",""opening_hours"":""10:00-19:00"",""ref"":""P16"",""reservation"":""no""}",exhibition_centre,,,,,10:00-19:00,,
node/12769705426,,bench,135.3866694,34.6488893,Point,"{""amenity"":""bench""}",bench,,,,,,,
node/12769714993,休憩所,shelter,135.3858504,34.6486547,Point,"{""amenity"":""shelter"",""name"":""休憩所"",""ref"":""P13"",""shelter_type"":""picnic_shelter""}",shelter,,,,,,,
node/12769714994,エロスの接吻で目覚めるプシュケ,artwork,135.3859664,34.6490703,Point,"{""artist_name"":""アントニオ・カノーヴァ"",""artwork_type"":""statue"",""name"":""エロスの接吻で目覚めるプシュケ"",""tourism"":""artwork""}",,artwork,,,,,,
node/12769714995,アフロディーテ,artwork,135.3859298,34.6490539,Point,"{""artist_name"":""カリマコスの模写"",""artwork_type"":""statue"",""name"":""アフロディーテ"",""tourism"":""artwork""}",,artwork,,,,,,
node/12769714996,ベルヴェデーレのアポロン,artwork,135.3858933,34.6490374,Point,"{""artist_name"":""レオチャレスの模写"",""artwork_type"":""statue"",""name"":""ベルヴェデーレのアポロン"",""tourism"":""artwork""}",,artwork,,,,,,
node/12769714997,,,135.3858237,34.6490111,Point,"{""access"":""no"",""entrance"":""service"",""wheelchair"":""yes""}",,,,,yes,,,
node/12769714998,,,135.3857823,34.6489881,Point,"{""entrance"":""yes"",""wheelchair"":""yes""}",,,,,yes,,,
node/12769714999,ARTeUM PARIS,gift,135.3857421,34.649048,Point,"{""check_date"":""2025-04-20"",""name"":""ARTeUM PARIS"",""shop"":""gift""}",,,gift,,,,,
node/12769721976,プシュケをするメルクリウス,artwork,135.3859415,34.649213,Point,"{""artist_name"":""アドリアン・デ・フリース"",""artwork_type"":""statue"",""name"":""プシュケをするメルクリウス"",""tourism"":""artwork""}",,artwork,,,,,,
node/12769735092,理なきもの,artwork,135.3832034,34.6499696,Point,"{""artist_name"":""ピエール・ユイグ"",""artist_name:en"":""Pierre Huyghe"",""artwork_type"":""statue"",""name"":""理なきもの"",""name:en"":""La Déraison"",""tourism"":""artwork""}",,artwork,,,,,,
node/12769740826,ルミナス,artwork,135.3853988,34.6499782,Point,"{""artist_name"":""杉野ルミナス"",""artwork_type"":""mural"",""name"":""ルミナス"",""tourism"":""artwork""}",,artwork,,,,,,
node/12769743225,施設案内,information,135.385353,34.6499216,Point,"{""information"":""map"",""name"":""施設案内"",""tourism"":""information""}",,information,,,,,,
node/12769743227,,information,135.3845701,34.6498372,Point,"{""board_type"":""notice"",""information"":""board"",""tourism"":""information""}",,information,,,,,,
node/12769743228,,information,135.3842724,34.6499006,Point,"{""information"":""map"",""tourism"":""information""}",,information,,,,,,
node/12769743229,,drinking_water,135.3844086,34.6499795,Point,"{""access"":""yes"",""amenity"":""drinking_water"",""bottle"":""yes"",""fee"":""no""}",drinking_water,,,,,,,
node/12769743230,アサヒ飲料,vending_machine,135.3844618,34.6499758,Point,"{""amenity"":""vending_machine"",""brand"":""Asahi SOFT DRINKS"",""brand:en"":""Asahi SOFT DRINKS"",""brand:ja"":""アサヒ飲料"",""brand:wikidata"":""Q1833890"",""check_date"":""2025-04-20"",""name"":""アサヒ飲料"",""name:en"":""Asahi Soft Drinks"",""name:ja"":""アサヒ飲料"",""short_name:en"":""Asahi"",""vending"":""drinks""}",vending_machine,,,,,,,
node/12769743231,アサヒ飲料,vending_machine,135.3844244,34.6499785,Point,"{""amenity"":""vending_machine"",""brand"":""Asahi SOFT DRINKS"",""brand:en"":""Asahi SOFT DRINKS"",""brand:ja"":""アサヒ飲料"",""brand:wikidata"":""Q1833890"",""check_date"":""2025-04-20"",""name"":""アサヒ飲料"",""name:en"":""Asahi Soft Drinks"",""name:ja"":""アサヒ飲料"",""short_name:en"":""Asahi"",""vending"":""drinks""}",vending_machine,,,,,,,
node/12769743232,アサヒ飲料,vending_machine,135.3844369,34.6499776,Point,"{""amenity"":""vending_machine"",""brand"":""Asahi SOFT DRINKS"",""brand:en"":""Asahi SOFT DRINKS"",""brand:ja"":""アサヒ飲料"",""brand:wikidata"":""Q1833890"",""check_date"":""2025-04-20"",""name"":""アサヒ飲料"",""name:en"":""Asahi Soft Drinks"",""name:ja"":""アサヒ飲料"",""short_name:en"":""Asahi"",""vending"":""drinks""}",vending_machine,,,,,,,
node/12769743233,アサヒ飲料,vending_machine,135.3844494,34.6499767,Point,"{""amenity"":""vending_machine"",""brand"":""Asahi SOFT DRINKS"",""brand:en"":""Asahi SOFT DRINKS"",""brand:ja"":""アサヒ飲料"",""brand:wikidata"":""Q1833890"",""check_date"":""2025-04-20"",""name"":""アサヒ飲料"",""name:en"":""Asahi Soft Drinks"",""name:ja"":""アサヒ飲料"",""short_name:en"":""Asahi"",""vending"":""drinks""}",vending_machine,,,,,,,
node/12769743234,アサヒ飲料,vending_machine,135.3844743,34.6499749,Point,"{""amenity"":""vending_machine"",""brand"":""Asahi SOFT DRINKS"",""brand:en"":""Asahi SOFT DRINKS"",""brand:ja"":""アサヒ飲料"",""brand:wikidata"":""Q1833890"",""check_date"":""2025-04-20"",""name"":""アサヒ飲料"",""name:en"":""Asahi Soft Drinks"",""name:ja"":""アサヒ飲料"",""short_name:en"":""Asahi"",""vending"":""drinks""}",vending_machine,,,,,,,
node/12769745972,,,135.3844307,34.6500323,Point,"{""entrance"":""yes""}",,,,,,,,
node/12769745973,祈祷室（男性用）,place_of_worship,135.3844018,34.6501526,Point,"{""amenity"":""place_of_worship"",""check_date"":""2025-04-20"",""name"":""祈祷室（男性用）"",""religion"":""none""}",place_of_worship,,,,,,,
node/12769745974,祈祷室（女性用）,place_of_worship,135.3844507,34.6501496,Point,"{""amenity"":""place_of_worship"",""check_date"":""2025-04-20"",""name"":""祈祷室（女性用）"",""religion"":""none""}",place_of_worship,,,,,,,
node/12769751714,光の広場,information,135.3861963,34.6497574,Point,"{""information"":""board"",""name"":""光の広場"",""name:ja"":""光の広場"",""tourism"":""information""}",,information,,,,,,
node/12769751715,,information,135.3862108,34.6498396,Point,"{""information"":""map"",""tourism"":""information""}",,information,,,,,,
node/12769751716,,,135.3857257,34.6500654,Point,"{""entrance"":""yes"",""wheelchair"":""yes""}",,,,,yes,,,
node/12769751717,,gift,135.3858392,34.6501169,Point,"{""check_date"":""2025-04-20"",""shop"":""gift""}",,,gift,,,,,
node/12769751718,Makan Makan,restaurant,135.3857332,34.6501371,Point,"{""amenity"":""restaurant"",""check_date"":""2025-05-02"",""cuisine"":""malaysian"",""level"":""0"",""name"":""Makan Makan"",""self_service"":""yes"",""takeaway"":""yes"",""toilets"":""no""}",restaurant,,,,,,,
node/12769762576,未来につながる森,information,135.3840418,34.6501805,Point,"{""information"":""map"",""name"":""未来につながる森"",""operator"":""静けさの森アートプロジェクト"",""tourism"":""information""}",,information,,,,,,
node/12769764549,未来のコミュニティとモビリティ,artwork,135.3840069,34.6499031,Point,"{""artist_name"":""トマス・サラセーノ"",""name"":""未来のコミュニティとモビリティ"",""tourism"":""artwork""}",,artwork,,,,,,
node/12769764550,ヒスイ,stone,135.3839413,34.6501164,Point,"{""description"":""新潟県の石"",""name"":""ヒスイ"",""natural"":""stone""}",,,,,,,,
node/12769764551,,stone,135.3834338,34.649899,Point,"{""description"":""ヒスイ。新潟県の石"",""natural"":""stone""}",,,,,,,,
node/12769778354,→休憩所,information,135.3841495,34.6500878,Point,"{""information"":""guidepost"",""name"":""→休憩所"",""tourism"":""information""}",,information,,,,,,
node/12769783152,,,135.3844897,34.650063,Point,"{""entrance"":""yes""}",,,,,,,,
node/12769783153,,,135.3844925,34.6500855,Point,"{""entrance"":""yes""}",,,,,,,,
node/12769783154,,,135.3844953,34.6501085,Point,"{""entrance"":""yes""}",,,,,,,,
node/12769783155,案内図,information,135.3844706,34.6500366,Point,"{""information"":""map"",""name"":""案内図"",""tourism"":""information""}",,information,,,,,,
node/12769786077,未来につながる森,information,135.3832654,34.6502528,Point,"{""description"":""静けさの森 アートプロジェクト"",""information"":""map"",""name"":""未来につながる森"",""tourism"":""information""}",,information,,,,,,
node/12769790693,らぽっぽファーム,restaurant,135.3831289,34.6504401,Point,"{""amenity"":""restaurant"",""check_date"":""2025-04-20"",""name"":""らぽっぽファーム""}",restaurant,,,,,,,
node/12769790694,まねき,restaurant,135.3829582,34.6503873,Point,"{""amenity"":""restaurant"",""check_date"":""2025-04-20"",""cuisine"":""japanese"",""name"":""まねき""}",restaurant,,,,,,,
node/12769790695,,,135.3829977,34.6503106,Point,"{""entrance"":""main""}",,,,,,,,
node/12769790696,,,135.3829221,34.6503156,Point,"{""entrance"":""main""}",,,,,,,,
node/12769790697,スシロー,fast_food,135.382788,34.6503968,Point,"{""amenity"":""fast_food"",""brand"":""スシロー"",""brand:en"":""Sushiro"",""brand:ja"":""スシロー"",""brand:wikidata"":""Q11257037"",""check_date"":""2025-04-20"",""cuisine"":""sushi"",""name"":""スシロー"",""name:en"":""Sushiro"",""name:ja"":""スシロー"",""name:zh"":""壽司郎"",""official_name"":""あきんどスシロー"",""official_name:en"":""Akindo Sushiro"",""official_name:ja"":""あきんどスシロー"",""takeaway"":""yes""}",fast_food,,,,,,,
node/12769790698,,waste_basket,135.3825636,34.6498391,Point,"{""amenity"":""waste_basket"",""waste"":""trash""}",waste_basket,,,,,,,
node/12769790699,アサヒ飲料,vending_machine,135.3826964,34.6499285,Point,"{""amenity"":""vending_machine"",""brand"":""Asahi SOFT DRINKS"",""brand:en"":""Asahi SOFT DRINKS"",""brand:ja"":""アサヒ飲料"",""brand:wikidata"":""Q1833890"",""check_date"":""2025-04-20"",""name"":""アサヒ飲料"",""name:en"":""Asahi Soft Drinks"",""name:ja"":""アサヒ飲料"",""short_name:en"":""Asahi"",""vending"":""drinks""}",vending_machine,,,,,,,
node/12769790700,アサヒ飲料,vending_machine,135.3827201,34.6499275,Point,"{""amenity"":""vending_machine"",""brand"":""Asahi SOFT DRINKS"",""brand:en"":""Asahi SOFT DRINKS"",""brand:ja"":""アサヒ飲料"",""brand:wikidata"":""Q1833890"",""check_date"":""2025-04-20"",""name"":""アサヒ飲料"",""name:en"":""Asahi Soft Drinks"",""name:ja"":""アサヒ飲料"",""short_name:en"":""Asahi"",""vending"":""drinks""}",vending_machine,,,,,,,
node/12769799398,脈々とワクワク,artwork,135.3823666,34.6498957,Point,"{""artist_name"":""原田ちあき"",""artwork_type"":""mural"",""name"":""脈々とワクワク"",""tourism"":""artwork""}",,artwork,,,,,,
node/12769813291,施設案内,information,135.3823482,34.6499208,Point,"{""description"":""静けさの森 アートプロジェクト"",""information"":""map"",""name"":""施設案内"",""tourism"":""information""}",,information,,,,,,
node/12769827801,アサヒ飲料,vending_machine,135.3826947,34.6499103,Point,"{""amenity"":""vending_machine"",""brand"":""Asahi SOFT DRINKS"",""brand:en"":""Asahi SOFT DRINKS"",""brand:ja"":""アサヒ飲料"",""brand:wikidata"":""Q1833890"",""check_date"":""2025-04-20"",""name"":""アサヒ飲料"",""name:en"":""Asahi Soft Drinks"",""name:ja"":""アサヒ飲料"",""short_name:en"":""Asahi"",""vending"":""drinks""}",vending_machine,,,,,,,
node/12769827802,アサヒ飲料,vending_machine,135.3827329,34.6499101,Point,"{""amenity"":""vending_machine"",""brand"":""Asahi SOFT DRINKS"",""brand:en"":""Asahi SOFT DRINKS"",""brand:ja"":""アサヒ飲料"",""brand:wikidata"":""Q1833890"",""check_date"":""2025-04-20"",""name"":""アサヒ飲料"",""name:en"":""Asahi Soft Drinks"",""name:ja"":""アサヒ飲料"",""short_name:en"":""Asahi"",""vending"":""drinks""}",vending_machine,,,,,,,
node/12769827803,アサヒ飲料,vending_machine,135.3827523,34.6499265,Point,"{""amenity"":""vending_machine"",""brand"":""Asahi SOFT DRINKS"",""brand:en"":""Asahi SOFT DRINKS"",""brand:ja"":""アサヒ飲料"",""brand:wikidata"":""Q1833890"",""check_date"":""2025-05-11"",""name"":""アサヒ飲料"",""name:en"":""Asahi Soft Drinks"",""name:ja"":""アサヒ飲料"",""short_name:en"":""Asahi"",""vending"":""drinks""}",vending_machine,,,,,,,
node/12769827804,,shelter,135.382883,34.6498137,Point,"{""amenity"":""shelter"",""shelter_type"":""picnic_shelter""}",shelter,,,,,,,
node/12769830686,ベナン,exhibition_centre,135.3824008,34.6505088,Point,"{""wikimedia_commons"":""File:Expo 2025 Benin Pavilion Booth (Commons B Pavilion) 01.JPG"",""amenity"":""exhibition_centre"",""check_date"":""2025-04-20"",""country"":""BJ"",""name"":""ベナン"",""website"":""https://www.expo2025.or.jp/official-participant/benin/"",""reservation"":""no""}",exhibition_centre,,,BJ,,,https://www.expo2025.or.jp/official-participant/benin/,
node/12769830687,ジャマイカ,exhibition_centre,135.3823952,34.6504584,Point,"{""wikimedia_commons"":""File:Expo 2025 Jamaica Pavilion Booth (Commons B Pavilion) 01.JPG"",""amenity"":""exhibition_centre"",""check_date"":""2025-04-20"",""country"":""JM"",""name"":""ジャマイカ"",""website"":""https://www.expo2025.or.jp/official-participant/jamaica/"",""reservation"":""no""}",exhibition_centre,,,JM,,,https://www.expo2025.or.jp/official-participant/jamaica/,
node/12769830688,ザンビア,exhibition_centre,135.3823896,34.6504081,Point,"{""wikimedia_commons"":""File:Expo 2025 Zambia Pavilion Booth (Commons B Pavilion) 01.JPG"",""amenity"":""exhibition_centre"",""check_date"":""2025-04-20"",""country"":""ZM"",""name"":""ザンビア"",""website"":""https://www.expo2025.or.jp/official-participant/zambia/"",""reservation"":""no""}",exhibition_centre,,,ZM,,,https://www.expo2025.or.jp/official-participant/zambia/,
node/12769831662,ジンバブエ,exhibition_centre,135.3817569,34.6502539,Point,"{""wikimedia_commons"":""File:Expo 2025 Zimbabwe Pavilion Booth (Commons B Pavilion) 01.JPG"",""amenity"":""exhibition_centre"",""check_date"":""2025-04-20"",""country"":""ZW"",""name"":""ジンバブエ"",""website"":""https://www.expo2025.or.jp/official-participant/zimbabwe/"",""reservation"":""no""}",exhibition_centre,,,ZW,,,https://www.expo2025.or.jp/official-participant/zimbabwe/,
node/12769831663,ガイアナ,exhibition_centre,135.381762,34.6503051,Point,"{""wikimedia_commons"":""File:Expo 2025 Guyana Pavilion Booth (Commons B Pavilion) 01.JPG"",""amenity"":""exhibition_centre"",""check_date"":""2025-04-20"",""country"":""GY"",""name"":""ガイアナ"",""website"":""https://www.expo2025.or.jp/official-participant/guyana/"",""reservation"":""no""}",exhibition_centre,,,GY,,,https://www.expo2025.or.jp/official-participant/guyana/,
node/12769831664,ガンビア,exhibition_centre,135.3817671,34.6503563,Point,"{""wikimedia_commons"":""File:Expo 2025 Gambia Pavilion Booth (Commons B Pavilion) 01.JPG"",""amenity"":""exhibition_centre"",""check_date"":""2025-04-20"",""country"":""GM"",""name"":""ガンビア"",""website"":""https://www.expo2025.or.jp/official-participant/gambia/"",""reservation"":""no""}",exhibition_centre,,,GM,,,https://www.expo2025.or.jp/official-participant/gambia/,
node/12769831665,ナウル,exhibition_centre,135.3817722,34.6504075,Point,"{""wikimedia_commons"":""File:Expo 2025 Nauru Pavilion Booth (Commons B Pavilion) 01.JPG"",""alt_name"":""ナウルパビリオン"",""amenity"":""exhibition_centre"",""check_date"":""2025-04-20"",""country"":""NR"",""loc_name"":""ナウル館"",""name"":""ナウル"",""website"":""https://www.expo2025.or.jp/official-participant/nauru/"",""reservation"":""no""}",exhibition_centre,,,NR,,,https://www.expo2025.or.jp/official-participant/nauru/,
node/12769831666,レソト,exhibition_centre,135.3817774,34.6504587,Point,"{""wikimedia_commons"":""File:Expo 2025 Lesotho Pavilion Booth (Commons B Pavilion) 01.JPG"",""amenity"":""exhibition_centre"",""check_date"":""2025-04-20"",""country"":""LS"",""name"":""レソト"",""website"":""https://www.expo2025.or.jp/official-participant/lesotho/"",""reservation"":""no""}",exhibition_centre,,,LS,,,https://www.expo2025.or.jp/official-participant/lesotho/,
node/12769831667,ハイチ,exhibition_centre,135.3817825,34.6505099,Point,"{""wikimedia_commons"":""File:Expo 2025 Haiti Pavilion Booth (Commons B Pavilion) 01.JPG"",""amenity"":""exhibition_centre"",""check_date"":""2025-04-20"",""country"":""HT"",""name"":""ハイチ"",""website"":""https://www.expo2025.or.jp/official-participant/haiti/"",""reservation"":""no""}",exhibition_centre,,,HT,,,https://www.expo2025.or.jp/official-participant/haiti/,
node/12769831668,モーリタニア,exhibition_centre,135.3817876,34.6505611,Point,"{""wikimedia_commons"":""File:Expo 2025 Mauritania Pavilion Booth (Commons B Pavilion) 01.JPG"",""amenity"":""exhibition_centre"",""check_date"":""2025-04-20"",""country"":""MR"",""name"":""モーリタニア"",""website"":""https://www.expo2025.or.jp/official-participant/mauritania/"",""reservation"":""no""}",exhibition_centre,,,MR,,,https://www.expo2025.or.jp/official-participant/mauritania/,
node/12769834284,スロバキア,exhibition_centre,135.3822501,34.6497022,Point,"{""wikimedia_commons"":""File:Expo 2025 Slovakia Pavilion Booth (Commons C Pavilion) 01.JPG"",""amenity"":""exhibition_centre"",""check_date"":""2025-04-20"",""country"":""SK"",""name"":""スロバキア"",""website"":""https://www.expo2025.or.jp/official-participant/slovakia/"",""reservation"":""no""}",exhibition_centre,,,SK,,,https://www.expo2025.or.jp/official-participant/slovakia/,
node/12769834285,イスラエル,exhibition_centre,135.3822558,34.6497495,Point,"{""wikimedia_commons"":""File:Expo 2025 Israel Pavilion Booth (Commons C Pavilion) 01.JPG"",""amenity"":""exhibition_centre"",""check_date"":""2025-04-20"",""country"":""IL"",""name"":""イスラエル"",""website"":""https://www.expo2025.or.jp/official-participant/israel/"",""reservation"":""no""}",exhibition_centre,,,IL,,,https://www.expo2025.or.jp/official-participant/israel/,
node/12769834286,パナマ,exhibition_centre,135.3822614,34.6497967,Point,"{""wikimedia_commons"":""File:Expo 2025 Panama Pavilion Booth (Commons C Pavilion) 01.JPG"",""amenity"":""exhibition_centre"",""check_date"":""2025-04-20"",""country"":""PA"",""name"":""パナマ"",""website"":""https://www.expo2025.or.jp/official-participant/panama/"",""reservation"":""no""}",exhibition_centre,,,PA,,,https://www.expo2025.or.jp/official-participant/panama/,
node/12769834287,スロベニア,exhibition_centre,135.382267,34.649844,Point,"{""wikimedia_commons"":""File:Expo 2025 Slovenia Pavilion Booth (Commons C Pavilion) 01.JPG"",""amenity"":""exhibition_centre"",""check_date"":""2025-04-20"",""country"":""SI"",""name"":""スロベニア"",""website"":""https://www.expo2025.or.jp/official-participant/slovenia/"",""reservation"":""no""}",exhibition_centre,,,SI,,,https://www.expo2025.or.jp/official-participant/slovenia/,
node/12769834288,モンテネグロ,exhibition_centre,135.3822727,34.6498912,Point,"{""wikimedia_commons"":""File:Expo 2025 Montenegro Pavilion Booth (Commons C Pavilion) 01.JPG"",""amenity"":""exhibition_centre"",""check_date"":""2025-04-20"",""country"":""ME"",""name"":""モンテネグロ"",""website"":""https://www.expo2025.or.jp/official-participant/montenegro/"",""reservation"":""no""}",exhibition_centre,,,ME,,,https://www.expo2025.or.jp/official-participant/montenegro/,
node/12769839835,ウルグアイ,exhibition_centre,135.382131,34.6497324,Point,"{""amenity"":""exhibition_centre"",""check_date"":""2025-04-20"",""country"":""UY"",""name"":""ウルグアイ"",""website"":""https://www.expo2025.or.jp/official-participant/uruguay/"",""reservation"":""no""}",exhibition_centre,,,UY,,,https://www.expo2025.or.jp/official-participant/uruguay/,
node/12769839836,ウクライナ,exhibition_centre,135.3818257,34.6496955,Point,"{""wikimedia_commons"":""File:Expo 2025 Ukraine Pavilion Booth (Commons C Pavilion) 01.JPG"",""alt_name"":""ウクライナパビリオン"",""amenity"":""exhibition_centre"",""check_date"":""2025-04-20"",""country"":""UA"",""loc_name"":""ウクライナ館"",""name"":""ウクライナ"",""website"":""https://www.expo2025.or.jp/official-participant/ukraine/"",""reservation"":""no""}",exhibition_centre,,,UA,,,https://www.expo2025.or.jp/official-participant/ukraine/,
node/12769839837,グアテマラ,exhibition_centre,135.3818301,34.6497528,Point,"{""wikimedia_commons"":""File:Expo 2025 Guatemala Pavilion Booth (Commons C Pavilion) 01.JPG"",""amenity"":""exhibition_centre"",""check_date"":""2025-04-20"",""country"":""GT"",""name"":""グアテマラ"",""website"":""https://www.expo2025.or.jp/official-participant/guatemala/"",""reservation"":""no""}",exhibition_centre,,,GT,,,https://www.expo2025.or.jp/official-participant/guatemala/,
node/12769839838,サンマリノ,exhibition_centre,135.3818345,34.64981,Point,"{""wikimedia_commons"":""File:Expo 2025 San Marino Pavilion Booth (Commons C Pavilion) 01.JPG"",""amenity"":""exhibition_centre"",""check_date"":""2025-04-20"",""country"":""SM"",""name"":""サンマリノ"",""website"":""https://www.expo2025.or.jp/official-participant/sanmarino/"",""reservation"":""no""}",exhibition_centre,,,SM,,,https://www.expo2025.or.jp/official-participant/sanmarino/,
node/12769839839,ガボン,exhibition_centre,135.3818389,34.6498673,Point,"{""wikimedia_commons"":""File:Expo 2025 Gabon Pavilion Booth (Commons C Pavilion) 01.JPG"",""amenity"":""exhibition_centre"",""check_date"":""2025-04-20"",""country"":""GA"",""name"":""ガボン"",""website"":""https://www.expo2025.or.jp/official-participant/gabon/"",""reservation"":""no""}",exhibition_centre,,,GA,,,https://www.expo2025.or.jp/official-participant/gabon/,
node/12769839840,クロアチア,exhibition_centre,135.3818433,34.6499245,Point,"{""wikimedia_commons"":""File:Expo 2025 Croatia Pavilion Booth (Commons C Pavilion) 01.JPG"",""amenity"":""exhibition_centre"",""check_date"":""2025-04-20"",""country"":""HR"",""name"":""クロアチア"",""website"":""https://www.expo2025.or.jp/official-participant/croatia/"",""reservation"":""no""}",exhibition_centre,,,HR,,,https://www.expo2025.or.jp/official-participant/croatia/,
node/12769847455,,,135.3819935,34.6499466,Point,"{""entrance"":""yes""}",,,,,,,,
node/12769847456,,,135.3821798,34.6499331,Point,"{""entrance"":""main""}",,,,,,,,
node/12769849986,,,135.382208,34.6501707,Point,"{""entrance"":""main""}",,,,,,,,
node/12769849987,,,135.3819414,34.6501894,Point,"{""entrance"":""yes""}",,,,,,,,
node/12769876142,フィジー,exhibition_centre,135.3819389,34.6503303,Point,"{""wikimedia_commons"":""File:Expo 2025 Fiji Pavilion Booth (Commons B Pavilion) 01.JPG"",""amenity"":""exhibition_centre"",""check_date"":""2025-05-11"",""country"":""FJ"",""name"":""フィジー"",""website"":""https://www.expo2025.or.jp/official-participant/fiji/"",""reservation"":""no""}",exhibition_centre,,,FJ,,,https://www.expo2025.or.jp/official-participant/fiji/,
node/12769876144,シエラレオネ,exhibition_centre,135.3819767,34.6505507,Point,"{""wikimedia_commons"":""File:Expo 2025 Sierra Leone Pavilion Booth (Commons B Pavilion) 01.JPG"",""amenity"":""exhibition_centre"",""check_date"":""2025-04-20"",""country"":""SL"",""name"":""シエラレオネ"",""website"":""https://www.expo2025.or.jp/official-participant/sierra-leone/"",""reservation"":""no""}",exhibition_centre,,,SL,,,https://www.expo2025.or.jp/official-participant/sierra-leone/,
node/12769876145,チャド,exhibition_centre,135.3820681,34.6505449,Point,"{""wikimedia_commons"":""File:Expo 2025 Chad Pavilion Booth (Commons B Pavilion) 01.JPG"",""amenity"":""exhibition_centre"",""check_date"":""2025-04-20"",""country"":""TD"",""name"":""チャド"",""website"":""https://www.expo2025.or.jp/official-participant/chad/"",""reservation"":""no""}",exhibition_centre,,,TD,,,https://www.expo2025.or.jp/official-participant/chad/,
node/12769876146,カーボベルデ,exhibition_centre,135.3821595,34.6505392,Point,"{""wikimedia_commons"":""File:Expo 2025 Cape Verde Pavilion Booth (Commons B Pavilion) 01.JPG"",""amenity"":""exhibition_centre"",""check_date"":""2025-04-20"",""country"":""CV"",""name"":""カーボベルデ"",""website"":""https://www.expo2025.or.jp/official-participant/cabo_verde/"",""reservation"":""no""}",exhibition_centre,,,CV,,,https://www.expo2025.or.jp/official-participant/cabo_verde/,
node/12769910716,ミクロネシア,exhibition_centre,135.3822886,34.6503808,Point,"{""wikimedia_commons"":""File:Expo 2025 Micronesia Pavilion Booth (Commons B Pavilion) 01.JPG"",""amenity"":""exhibition_centre"",""check_date"":""2025-04-20"",""country"":""FM"",""name"":""ミクロネシア"",""website"":""https://www.expo2025.or.jp/official-participant/micronesia/"",""reservation"":""no""}",exhibition_centre,,,FM,,,https://www.expo2025.or.jp/official-participant/micronesia/,
node/12769910718,ジブチ,exhibition_centre,135.3822925,34.650472,Point,"{""wikimedia_commons"":""File:Expo 2025 Djibouti Pavilion Booth (Commons B Pavilion) 01.JPG"",""amenity"":""exhibition_centre"",""check_date"":""2025-05-11"",""country"":""DJ"",""name"":""ジブチ"",""website"":""https://www.expo2025.or.jp/official-participant/djibouti/"",""reservation"":""no""}",exhibition_centre,,,DJ,,,https://www.expo2025.or.jp/official-participant/djibouti/,
node/12769910721,中央アフリカ,exhibition_centre,135.3822243,34.6504777,Point,"{""wikimedia_commons"":""File:Expo 2025 Central African Republic Pavilion Booth (Commons B Pavilion) 01.JPG"",""amenity"":""exhibition_centre"",""check_date"":""2025-05-11"",""country"":""CF"",""name"":""中央アフリカ"",""website"":""https://www.expo2025.or.jp/official-participant/central-african/"",""reservation"":""no""}",exhibition_centre,,,CF,,,https://www.expo2025.or.jp/official-participant/central-african/,
node/12769910722,セントビンセント,exhibition_centre,135.3821992,34.6503163,Point,"{""wikimedia_commons"":""File:Expo 2025 Saint Vincent and the Grenadines Pavilion Booth (Commons B Pavilion) 01.JPG"",""amenity"":""exhibition_centre"",""check_date"":""2025-04-20"",""country"":""VC"",""name"":""セントビンセント"",""website"":""https://www.expo2025.or.jp/official-participant/saint-vincent-and-the-grenadines/"",""reservation"":""no""}",exhibition_centre,,,VC,,,https://www.expo2025.or.jp/official-participant/saint-vincent-and-the-grenadines/,
node/12769910723,東ティモール,exhibition_centre,135.3820556,34.6504654,Point,"{""wikimedia_commons"":""File:Osttimor expo 2025 2025-05-10 1.jpg"",""amenity"":""exhibition_centre"",""check_date"":""2025-05-11"",""country"":""TL"",""name"":""東ティモール"",""website"":""https://www.expo2025.or.jp/official-participant/timor-leste/"",""reservation"":""no""}",exhibition_centre,,,TL,,,https://www.expo2025.or.jp/official-participant/timor-leste/,
node/12769910724,コートジボワール,exhibition_centre,135.3821595,34.6504782,Point,"{""wikimedia_commons"":""File:Expo 2025 Ivory Coast Pavilion Booth (Commons B Pavilion) 01.JPG"",""amenity"":""exhibition_centre"",""check_date"":""2025-04-20"",""country"":""CI"",""name"":""コートジボワール"",""website"":""https://www.expo2025.or.jp/official-participant/cote-divoire/"",""reservation"":""no""}",exhibition_centre,,,CI,,,https://www.expo2025.or.jp/official-participant/cote-divoire/,
node/12769910725,ツバル,exhibition_centre,135.382144,34.6504297,Point,"{""wikimedia_commons"":""File:Expo 2025 Tuvalu Pavilion Booth (Commons B Pavilion) 01.JPG"",""amenity"":""exhibition_centre"",""check_date"":""2025-04-20"",""country"":""TV"",""name"":""ツバル"",""website"":""https://www.expo2025.or.jp/official-participant/tuvalu/"",""reservation"":""no""}",exhibition_centre,,,TV,,,https://www.expo2025.or.jp/official-participant/tuvalu/,
node/12769910726,エチオピア,exhibition_centre,135.3820418,34.6503874,Point,"{""wikimedia_commons"":""File:Expo 2025 Ethiopia Pavilion Booth (Commons B Pavilion) 01.JPG"",""amenity"":""exhibition_centre"",""check_date"":""2025-05-11"",""country"":""ET"",""name"":""エチオピア"",""website"":""https://www.expo2025.or.jp/official-participant/ethiopia/"",""name:en"":""Ethiopia"",""reservation"":""no""}",exhibition_centre,,,ET,,,https://www.expo2025.or.jp/official-participant/ethiopia/,
node/12769955327,ドミニカ共和国,exhibition_centre,135.3823841,34.6503577,Point,"{""wikimedia_commons"":""File:Expo 2025 Dominican Republic Pavilion Booth (Commons B Pavilion) 01.JPG"",""amenity"":""exhibition_centre"",""check_date"":""2025-04-20"",""country"":""DO"",""name"":""ドミニカ共和国"",""website"":""https://www.expo2025.or.jp/official-participant/dominican/"",""reservation"":""no""}",exhibition_centre,,,DO,,,https://www.expo2025.or.jp/official-participant/dominican/,
node/12769955328,タンザニア,exhibition_centre,135.3823785,34.6503073,Point,"{""wikimedia_commons"":""File:Expo 2025 Tanzania Pavilion Booth (Commons B Pavilion) 01.JPG"",""amenity"":""exhibition_centre"",""check_date"":""2025-04-20"",""country"":""TZ"",""name"":""タンザニア"",""website"":""https://www.expo2025.or.jp/official-participant/tanzania/"",""reservation"":""no""}",exhibition_centre,,,TZ,,,https://www.expo2025.or.jp/official-participant/tanzania/,
node/12769955329,パラグアイ,exhibition_centre,135.3823729,34.650257,Point,"{""wikimedia_commons"":""File:Expo 2025 Paraguay Pavilion Booth (Commons B Pavilion) 01.JPG"",""amenity"":""exhibition_centre"",""check_date"":""2025-04-20"",""country"":""PY"",""name"":""パラグアイ"",""website"":""https://www.expo2025.or.jp/official-participant/paraguay/"",""reservation"":""no""}",exhibition_centre,,,PY,,,https://www.expo2025.or.jp/official-participant/paraguay/,
node/12769955330,ソマリア,exhibition_centre,135.3823674,34.6502066,Point,"{""wikimedia_commons"":""File:Expo 2025 Somalia Pavilion Booth (Commons B Pavilion) 01.JPG"",""amenity"":""exhibition_centre"",""check_date"":""2025-04-20"",""country"":""SO"",""name"":""ソマリア"",""website"":""https://www.expo2025.or.jp/official-participant/somalia/"",""reservation"":""no""}",exhibition_centre,,,SO,,,https://www.expo2025.or.jp/official-participant/somalia/,
node/12769955843,大地の広場,information,135.3808295,34.6503208,Point,"{""information"":""board"",""name"":""大地の広場"",""tourism"":""information""}",,information,,,,,,
node/12769955845,,,135.3810513,34.6504467,Point,"{""entrance"":""yes""}",,,,,,,,
node/12769955846,,restaurant,135.3811079,34.6504771,Point,"{""amenity"":""restaurant"",""check_date"":""2025-04-20""}",restaurant,,,,,,,
node/12769996264,エキスポーズ,artwork,135.3817754,34.6499175,Point,"{""artist_name"":""牛木匡憲"",""artwork_type"":""mural"",""name"":""エキスポーズ"",""tourism"":""artwork""}",,artwork,,,,,,
node/12769996265,,,135.3815726,34.6498373,Point,"{""entrance"":""main""}",,,,,,,,
node/12769996266,,,135.3814356,34.6498717,Point,"{""entrance"":""main""}",,,,,,,,
node/12769996267,,,135.3813159,34.6499017,Point,"{""entrance"":""main""}",,,,,,,,
node/12769996268,,,135.3812104,34.6499281,Point,"{""entrance"":""main""}",,,,,,,,
node/12769996269,,,135.3810989,34.6499561,Point,"{""entrance"":""main""}",,,,,,,,
node/12769996270,,,135.3809721,34.6499879,Point,"{""entrance"":""main""}",,,,,,,,
node/12769996271,,,135.3813133,34.6503914,Point,"{""entrance"":""main""}",,,,,,,,
node/12769996272,,,135.3814471,34.6503833,Point,"{""entrance"":""main""}",,,,,,,,
node/12769996273,,,135.3815887,34.6503747,Point,"{""entrance"":""main""}",,,,,,,,
node/12769996274,2025年大阪・関西万博を終えた後は、ごみになるのではなく時間をかけて土に還り、「森になる建築」,information,135.3814039,34.65015,Point,"{""information"":""board"",""name"":""2025年大阪・関西万博を終えた後は、ごみになるのではなく時間をかけて土に還り、「森になる建築」"",""tourism"":""information""}",,information,,,,,,
node/12769998028,森になる建築,information,135.3814179,34.6501193,Point,"{""information"":""board"",""name"":""森になる建築"",""tourism"":""information""}",,information,,,,,,
node/12770013795,,,135.3809458,34.6516577,Point,"{""entrance"":""yes""}",,,,,,,,
node/12770013796,,,135.3810155,34.6516094,Point,"{""entrance"":""yes""}",,,,,,,,
node/12770040764,コカ・コーラ,vending_machine,135.3811084,34.6517219,Point,"{""amenity"":""vending_machine"",""brand"":""コカ・コーラ"",""brand:en"":""Coca-Cola"",""brand:ja"":""コカ・コーラ"",""brand:wikidata"":""Q2813"",""check_date"":""2025-04-20"",""drink:cola"":""yes"",""name"":""コカ・コーラ"",""name:en"":""Coca-Cola"",""name:ja"":""コカ・コーラ"",""vending"":""drinks""}",vending_machine,,,,,,,
node/12770040767,,,135.3810132,34.6517978,Point,"{""entrance"":""yes""}",,,,,,,,
node/12770040768,,,135.380984,34.6518358,Point,"{""entrance"":""yes""}",,,,,,,,
node/12770040769,リング西ターミナル,bus_stop,135.3807649,34.651774,Point,"{""bus"":""yes"",""highway"":""bus_stop"",""name"":""リング西ターミナル"",""name:en"":""Grand Ring West Terminal"",""name:ja"":""リング西ターミナル"",""public_transport"":""platform"",""ref"":""6""}",,,,,,,,
node/12770040770,,toilets,135.3809347,34.65186,Point,"{""amenity"":""toilets"",""check_date"":""2025-04-20"",""female"":""yes"",""wheelchair"":""no""}",toilets,,,,no,,,
node/12770040771,,,135.3808754,34.651884,Point,"{""entrance"":""yes""}",,,,,,,,
node/12770041298,,elevator,135.3807497,34.6510101,Point,"{""addr:floor"":""1;2"",""highway"":""elevator"",""level"":""0;1"",""ref"":""EV2""}",,,,,,,,
node/12770041299,EXPO2025 OFFICIAL STORE,gift,135.3809289,34.6510547,Point,"{""check_date"":""2025-04-20"",""name"":""EXPO2025 OFFICIAL STORE"",""operator"":""ジェイアール西日本デイリーサービスネット"",""shop"":""gift""}",,,gift,,,,,
node/12770041300,大塚食品,vending_machine,135.3809796,34.6510987,Point,"{""amenity"":""vending_machine"",""brand"":""大塚"",""brand:en"":""Otsuka"",""brand:ja"":""大塚"",""brand:wikidata"":""Q11434124"",""check_date"":""2025-04-20"",""name"":""大塚食品"",""name:en"":""Otsuka Foods"",""name:ja"":""大塚食品"",""vending"":""food""}",vending_machine,,,,,,,
node/12770046060,コカ・コーラ,vending_machine,135.3808096,34.6516493,Point,"{""amenity"":""vending_machine"",""brand"":""コカ・コーラ"",""brand:en"":""Coca-Cola"",""brand:ja"":""コカ・コーラ"",""brand:wikidata"":""Q2813"",""check_date"":""2025-04-20"",""drink:cola"":""yes"",""name"":""コカ・コーラ"",""name:en"":""Coca-Cola"",""name:ja"":""コカ・コーラ"",""vending"":""drinks""}",vending_machine,,,,,,,
node/12770052201,大塚食品,vending_machine,135.380997,34.6511115,Point,"{""amenity"":""vending_machine"",""brand"":""大塚"",""brand:en"":""Otsuka"",""brand:ja"":""大塚"",""brand:wikidata"":""Q11434124"",""check_date"":""2025-04-20"",""name"":""大塚食品"",""name:en"":""Otsuka Foods"",""name:ja"":""大塚食品"",""vending"":""food""}",vending_machine,,,,,,,
node/12770052202,大塚食品,vending_machine,135.3809968,34.6510829,Point,"{""amenity"":""vending_machine"",""brand"":""大塚"",""brand:en"":""Otsuka"",""brand:ja"":""大塚"",""brand:wikidata"":""Q11434124"",""check_date"":""2025-04-20"",""name"":""大塚食品"",""name:en"":""Otsuka Foods"",""name:ja"":""大塚食品"",""vending"":""food""}",vending_machine,,,,,,,
node/12770052203,大塚食品,vending_machine,135.3810142,34.6510957,Point,"{""amenity"":""vending_machine"",""brand"":""大塚"",""brand:en"":""Otsuka"",""brand:ja"":""大塚"",""brand:wikidata"":""Q11434124"",""check_date"":""2025-04-20"",""name"":""大塚食品"",""name:en"":""Otsuka Foods"",""name:ja"":""大塚食品"",""vending"":""food""}",vending_machine,,,,,,,
node/12770061289,,waste_basket,135.3808227,34.6516748,Point,"{""amenity"":""waste_basket""}",waste_basket,,,,,,,
node/12770061290,OBJECT # 14,artwork,135.3808143,34.6516682,Point,"{""artwork_type"":""mural"",""name"":""OBJECT # 14"",""name:ja"":""simo"",""tourism"":""artwork""}",,artwork,,,,,,
node/12770064501,案内所,information,135.3811924,34.651561,Point,"{""information"":""office"",""name"":""案内所"",""name:en"":""Information desk"",""tourism"":""information""}",,information,,,,,,
node/12770083744,タイパビリオンへようこそ,information,135.3834908,34.6515042,Point,"{""information"":""guidepost"",""name"":""タイパビリオンへようこそ"",""tourism"":""information""}",,information,,,,,,
node/12770099182,,artwork,135.3837076,34.6516929,Point,"{""tourism"":""artwork""}",,artwork,,,,,,
node/12770099183,,gift,135.3836051,34.6514539,Point,"{""check_date"":""2025-04-20"",""shop"":""gift""}",,,gift,,,,,
node/12770099184,,restaurant,135.383597,34.6513903,Point,"{""addr:floor"":""2"",""amenity"":""restaurant"",""check_date"":""2025-06-04"",""cuisine"":""turkish"",""level"":""1"",""wheelchair"":""no""}",restaurant,,,,no,,,
node/12770102653,10つのタイの魅力,information,135.3834934,34.6514337,Point,"{""information"":""board"",""name"":""10つのタイの魅力"",""tourism"":""information""}",,information,,,,,,
node/12770106604,,,135.3833492,34.6508749,Point,"{""entrance"":""yes""}",,,,,,,,
node/12770106605,,,135.3832259,34.6514816,Point,"{""entrance"":""main""}",,,,,,,,
node/12770106606,,gift,135.3833433,34.6509657,Point,"{""check_date"":""2025-04-20"",""shop"":""gift""}",,,gift,,,,,
node/12770106607,地元の野菜が免疫力を高め、病気と闘う,information,135.3834605,34.6510089,Point,"{""information"":""board"",""name"":""地元の野菜が免疫力を高め、病気と闘う"",""tourism"":""information""}",,information,,,,,,
node/12770107702,「タイのソンクラーン」世界の人気の水かけ祭り,information,135.3834619,34.6510471,Point,"{""information"":""board"",""name"":""「タイのソンクラーン」世界の人気の水かけ祭り"",""tourism"":""information""}",,information,,,,,,
node/12770111411,多様な生活様式の共存,information,135.3834681,34.6511185,Point,"{""information"":""board"",""name"":""多様な生活様式の共存"",""tourism"":""information""}",,information,,,,,,
node/12770111412,タイ社会における米:主食以上の存在,information,135.3834711,34.6511596,Point,"{""information"":""board"",""name"":""タイ社会における米:主食以上の存在"",""tourism"":""information""}",,information,,,,,,
node/12770111413,タイ式持続可能な農業の方法,information,135.3834731,34.6512037,Point,"{""information"":""board"",""name"":""タイ式持続可能な農業の方法"",""tourism"":""information""}",,information,,,,,,
node/12770111414,簡単に真似できるルーシーダットンの ・基本的な15ポーズ,information,135.3834768,34.6512429,Point,"{""information"":""board"",""name"":""簡単に真似できるルーシーダットンの ・基本的な15ポーズ"",""tourism"":""information""}",,information,,,,,,
node/12770111415,健康は食事から始まる,information,135.3834816,34.6512904,Point,"{""information"":""board"",""name"":""健康は食事から始まる"",""tourism"":""information""}",,information,,,,,,
node/12770111416,「タイ」健康安全保障の地,information,135.3834878,34.6513702,Point,"{""information"":""board"",""name"":""「タイ」健康安全保障の地"",""tourism"":""information""}",,information,,,,,,
node/12770111417,,,135.3838017,34.6521486,Point,"{""entrance"":""main""}",,,,,,,,
node/12770111418,,,135.3836925,34.6521766,Point,"{""entrance"":""main""}",,,,,,,,
node/12770111419,,,135.3835216,34.6521729,Point,"{""entrance"":""main""}",,,,,,,,
node/12770111420,つくもうどん,restaurant,135.3835346,34.652264,Point,"{""amenity"":""restaurant"",""check_date"":""2025-04-20"",""cuisine"":""japanese;udon"",""name"":""つくもうどん"",""name:en"":""Tsukumo Udon"",""name:ja"":""つくもうどん""}",restaurant,,,,,,,
node/12770111421,,,135.3832801,34.6521836,Point,"{""entrance"":""main""}",,,,,,,,
node/12770111422,韓国レストラン＆Café,restaurant,135.3833378,34.6522942,Point,"{""amenity"":""restaurant"",""check_date"":""2025-04-20"",""cuisine"":""korean"",""name"":""韓国レストラン＆Café"",""name:ja"":""韓国レストラン＆カフェ""}",restaurant,,,,,,,
node/12770111423,,,135.3831256,34.6521722,Point,"{""entrance"":""main""}",,,,,,,,
node/12770111424,道頓堀くくる,fast_food,135.3831853,34.6523161,Point,"{""amenity"":""fast_food"",""check_date"":""2025-04-20"",""name"":""道頓堀くくる"",""name:ja"":""道頓堀くくる"",""name:ja-Latn"":""KuKuru""}",fast_food,,,,,,,
node/12770111425,リングサイドマーケットプレイス西,food_court,135.3829627,34.6523678,Point,"{""amenity"":""food_court"",""check_date"":""2025-06-16"",""name"":""リングサイドマーケットプレイス西""}",food_court,,,,,,,
node/12770111426,らぽっぽ,fast_food,135.3832079,34.6523738,Point,"{""amenity"":""fast_food"",""check_date"":""2025-04-20"",""name"":""らぽっぽ"",""name:en"":""Lapoppo"",""name:ja"":""らぽっぽ""}",fast_food,,,,,,,
node/12770111427,クンテープ,restaurant,135.3831456,34.652447,Point,"{""amenity"":""restaurant"",""check_date"":""2025-04-20"",""cuisine"":""thai"",""name"":""クンテープ"",""name:en"":""Krungtep"",""name:ja"":""クンテープ""}",restaurant,,,,,,,
node/12770111428,串かつだるま,restaurant,135.3830683,34.6524662,Point,"{""amenity"":""restaurant"",""check_date"":""2025-04-20"",""cuisine"":""japanese"",""name"":""串かつだるま"",""name:ja"":""串かつだるま"",""name:ja-Latn"":""Kushikatu Daruma""}",restaurant,,,,,,,
node/12770111429,道頓堀みつる,restaurant,135.382991,34.6524854,Point,"{""amenity"":""restaurant"",""check_date"":""2025-04-20"",""cuisine"":""barbecue"",""name"":""道頓堀みつる"",""name:ja"":""道頓堀みつる"",""name:ja-Latn"":""Mitsuru""}",restaurant,,,,,,,
node/12770111430,豚かつ牛かつ くれおーる,restaurant,135.3829138,34.6525046,Point,"{""amenity"":""restaurant"",""check_date"":""2025-04-20"",""cuisine"":""japanese"",""name"":""豚かつ牛かつ くれおーる"",""name:ja"":""豚かつ牛かつ くれおーる"",""name:ja-Latn"":""Creo-ru""}",restaurant,,,,,,,
node/12770111431,どうとんぼり神座,restaurant,135.3828365,34.6525238,Point,"{""amenity"":""restaurant"",""check_date"":""2025-04-20"",""cuisine"":""japanese"",""name"":""どうとんぼり神座"",""name:ja"":""どうとんぼり神座"",""name:ja-Latn"":""KAMUKURA""}",restaurant,,,,,,,
node/12770111432,ねぎ焼き やまもと,restaurant,135.3827871,34.6524964,Point,"{""amenity"":""restaurant"",""check_date"":""2025-04-20"",""cuisine"":""japanese"",""name"":""ねぎ焼き やまもと"",""name:ja"":""ねぎ焼き やまもと"",""name:ja-Latn"":""Yamamoto""}",restaurant,,,,,,,
node/12770111433,道頓堀鉄板ステーキ 豊島家,restaurant,135.3827722,34.6524559,Point,"{""amenity"":""restaurant"",""check_date"":""2025-04-20"",""cuisine"":""barbecue"",""name"":""道頓堀鉄板ステーキ 豊島家"",""name:en"":""STAKE TEPPAN TOYOSHIMAKE"",""name:ja"":""道頓堀鉄板ステーキ 豊島家""}",restaurant,,,,,,,
node/12770111434,大阪王将,restaurant,135.3827543,34.6524075,Point,"{""amenity"":""restaurant"",""brand"":""大阪王将"",""brand:en"":""Osaka Ohsho"",""brand:ja"":""大阪王将"",""brand:wikidata"":""Q48743717"",""brand:zh"":""大阪王將"",""check_date"":""2025-04-20"",""cuisine"":""japanese;chinese"",""name"":""大阪王将"",""name:en"":""Osaka Ohsho"",""name:ja"":""大阪王将"",""name:zh"":""大阪王將""}",restaurant,,,,,,,
node/12770111435,大起水産,restaurant,135.3827386,34.652365,Point,"{""amenity"":""restaurant"",""check_date"":""2025-04-20"",""cuisine"":""sushi"",""name"":""大起水産"",""name:ja"":""大起水産"",""name:ja-Hira"":""だいきすいさん"",""name:ja-Latn"":""Daiki Suisan""}",restaurant,,,,,,,
node/12770111437,もより市,fast_food,135.3827222,34.6523205,Point,"{""amenity"":""fast_food"",""check_date"":""2025-04-20"",""name"":""もより市"",""name:ja"":""もより市"",""name:ja-Latn"":""Moyori-ichi""}",fast_food,,,,,,,
node/12770111438,世界で1番おいしいパン屋さん…知らんけど。,bakery,135.3827093,34.6522623,Point,"{""check_date"":""2025-04-20"",""name"":""世界で1番おいしいパン屋さん…知らんけど。"",""name:ja"":""世界で1番おいしいパン屋さん…知らんけど。"",""name:ja-Latn"":""Sekai de 1-ban oishī pan'yasan… shirankedo."",""shop"":""bakery""}",,,bakery,,,,,
node/12770120611,タイハーブで、 免疫力を高め、 ・新型コロナを乗り越えた,information,135.3833504,34.6516744,Point,"{""information"":""board"",""name"":""タイハーブで、 免疫力を高め、 ・新型コロナを乗り越えた"",""tourism"":""information""}",,information,,,,,,
node/12770148328,,,135.382967,34.6521603,Point,"{""entrance"":""main""}",,,,,,,,
node/12770148329,,,135.3827456,34.6521398,Point,"{""entrance"":""yes""}",,,,,,,,
node/12770148330,W01 テーマウィークスタジオ,information,135.3826953,34.6520955,Point,"{""information"":""board"",""name"":""W01 テーマウィークスタジオ"",""tourism"":""information""}",,information,,,,,,
node/12770148331,,,135.3825697,34.6522189,Point,"{""entrance"":""yes""}",,,,,,,,
node/12770187934,CAFE KOKO,cafe,135.3823063,34.6514353,Point,"{""amenity"":""cafe"",""check_date"":""2025-04-20"",""contact:instagram"":""auatraliaatexpo"",""cuisine"":""burger;cake;coffee_shop;fish_and_chips;sandwich;seafood;tea"",""name"":""CAFE KOKO"",""opening_hours"":""Mo-Su 09:30-08:30"",""website:menu"":""https://www.expoaustralia.gov.au/cafe-koko""}",cafe,,,,,Mo-Su 09:30-08:30,,
node/12770187935,,,135.3823228,34.6513267,Point,"{""entrance"":""yes""}",,,,,,,,
node/12770202938,神農生活,restaurant,135.3825419,34.6522399,Point,"{""amenity"":""restaurant"",""check_date"":""2025-08-14"",""name"":""神農生活"",""name:en"":""Shennong Life"",""name:ja"":""神農生活"",""shop"":""gift""}",restaurant,,gift,,,,,
node/12770205029,アサヒ飲料,vending_machine,135.3831491,34.6519066,Point,"{""amenity"":""vending_machine"",""brand"":""Asahi SOFT DRINKS"",""brand:en"":""Asahi SOFT DRINKS"",""brand:ja"":""アサヒ飲料"",""brand:wikidata"":""Q1833890"",""check_date"":""2025-04-20"",""name"":""アサヒ飲料"",""name:en"":""Asahi Soft Drinks"",""name:ja"":""アサヒ飲料"",""short_name:en"":""Asahi"",""vending"":""drinks""}",vending_machine,,,,,,,
node/12770205030,アサヒ飲料,vending_machine,135.3831722,34.6519086,Point,"{""amenity"":""vending_machine"",""brand"":""Asahi SOFT DRINKS"",""brand:en"":""Asahi SOFT DRINKS"",""brand:ja"":""アサヒ飲料"",""brand:wikidata"":""Q1833890"",""check_date"":""2025-04-20"",""name"":""アサヒ飲料"",""name:en"":""Asahi Soft Drinks"",""name:ja"":""アサヒ飲料"",""short_name:en"":""Asahi"",""vending"":""drinks""}",vending_machine,,,,,,,
node/12770205031,アサヒ飲料,vending_machine,135.3831742,34.6518933,Point,"{""amenity"":""vending_machine"",""brand"":""Asahi SOFT DRINKS"",""brand:en"":""Asahi SOFT DRINKS"",""brand:ja"":""アサヒ飲料"",""brand:wikidata"":""Q1833890"",""check_date"":""2025-04-20"",""name"":""アサヒ飲料"",""name:en"":""Asahi Soft Drinks"",""name:ja"":""アサヒ飲料"",""short_name:en"":""Asahi"",""vending"":""drinks""}",vending_machine,,,,,,,
node/12770205032,アサヒ飲料,vending_machine,135.3831493,34.6518912,Point,"{""amenity"":""vending_machine"",""brand"":""Asahi SOFT DRINKS"",""brand:en"":""Asahi SOFT DRINKS"",""brand:ja"":""アサヒ飲料"",""brand:wikidata"":""Q1833890"",""check_date"":""2025-04-20"",""name"":""アサヒ飲料"",""name:en"":""Asahi Soft Drinks"",""name:ja"":""アサヒ飲料"",""short_name:en"":""Asahi"",""vending"":""drinks""}",vending_machine,,,,,,,
node/12770220012,,drinking_water,135.3907382,34.651352,Point,"{""amenity"":""drinking_water""}",drinking_water,,,,,,,
node/12770224138,,,135.3891684,34.6511848,Point,"{""entrance"":""yes""}",,,,,,,,
node/12770224300,,,135.3841116,34.6521253,Point,"{""entrance"":""yes""}",,,,,,,,
node/12770225301,,,135.384025,34.6521475,Point,"{""entrance"":""yes""}",,,,,,,,
node/12770225302,K-POP SHOP 韓流STAR WORLD,gift,135.38403,34.6522064,Point,"{""check_date"":""2025-04-20"",""name"":""K-POP SHOP 韓流STAR WORLD"",""name:ja"":""韓流スターワールド"",""shop"":""gift""}",,,gift,,,,,
node/12770225303,アニメイト,anime,135.384142,34.6521836,Point,"{""brand"":""アニメイト"",""brand:en"":""Animate"",""brand:ja"":""アニメイト"",""brand:wikidata"":""Q1041890"",""check_date"":""2025-04-20"",""name"":""アニメイト"",""name:en"":""Animate"",""name:ja"":""アニメイト"",""shop"":""anime""}",,,anime,,,,,
node/12770225304,コカ・コーラ,vending_machine,135.3840677,34.6518755,Point,"{""amenity"":""vending_machine"",""brand"":""コカ・コーラ"",""brand:en"":""Coca-Cola"",""brand:ja"":""コカ・コーラ"",""brand:wikidata"":""Q2813"",""check_date"":""2025-04-20"",""drink:cola"":""yes"",""name"":""コカ・コーラ"",""name:en"":""Coca-Cola"",""name:ja"":""コカ・コーラ"",""vending"":""drinks""}",vending_machine,,,,,,,
node/12770225305,コカ・コーラ,vending_machine,135.3840884,34.6518729,Point,"{""amenity"":""vending_machine"",""brand"":""コカ・コーラ"",""brand:en"":""Coca-Cola"",""brand:ja"":""コカ・コーラ"",""brand:wikidata"":""Q2813"",""check_date"":""2025-04-20"",""drink:cola"":""yes"",""name"":""コカ・コーラ"",""name:en"":""Coca-Cola"",""name:ja"":""コカ・コーラ"",""vending"":""drinks""}",vending_machine,,,,,,,
node/12770225306,コカ・コーラ,vending_machine,135.3840921,34.6518928,Point,"{""amenity"":""vending_machine"",""brand"":""コカ・コーラ"",""brand:en"":""Coca-Cola"",""brand:ja"":""コカ・コーラ"",""brand:wikidata"":""Q2813"",""check_date"":""2025-04-20"",""drink:cola"":""yes"",""name"":""コカ・コーラ"",""name:en"":""Coca-Cola"",""name:ja"":""コカ・コーラ"",""vending"":""drinks""}",vending_machine,,,,,,,
node/12770225307,コカ・コーラ,vending_machine,135.3840714,34.6518954,Point,"{""amenity"":""vending_machine"",""brand"":""コカ・コーラ"",""brand:en"":""Coca-Cola"",""brand:ja"":""コカ・コーラ"",""brand:wikidata"":""Q2813"",""check_date"":""2025-04-20"",""drink:cola"":""yes"",""name"":""コカ・コーラ"",""name:en"":""Coca-Cola"",""name:ja"":""コカ・コーラ"",""vending"":""drinks""}",vending_machine,,,,,,,
node/12770225974,,,135.384915,34.6514018,Point,"{""entrance"":""yes""}",,,,,,,,
node/12770226368,,,135.3905518,34.6501942,Point,"{""entrance"":""yes""}",,,,,,,,
node/12770226369,,smoking_area,135.3905614,34.6501247,Point,"{""amenity"":""smoking_area"",""check_date"":""2025-04-20""}",smoking_area,,,,,,,
node/12770226370,,,135.3906396,34.6501362,Point,"{""entrance"":""yes""}",,,,,,,,
node/12770243491,,,135.3892974,34.6509421,Point,"{""entrance"":""yes""}",,,,,,,,
node/12770243492,,smoking_area,135.388978,34.6510121,Point,"{""amenity"":""smoking_area"",""check_date"":""2025-04-20""}",smoking_area,,,,,,,
node/12770243493,,luggage_locker,135.3891682,34.6509663,Point,"{""amenity"":""luggage_locker"",""check_date"":""2025-04-20""}",luggage_locker,,,,,,,
node/12770247535,,,135.3904304,34.6502745,Point,"{""entrance"":""yes""}",,,,,,,,
node/12770248595,,,135.3893678,34.6510133,Point,"{""entrance"":""yes""}",,,,,,,,
node/12770257803,,,135.389284,34.6511075,Point,"{""entrance"":""yes""}",,,,,,,,
node/12772247720,授乳室（男女共用）,,135.3844177,34.6501886,Point,"{""baby_feeding"":""yes"",""government"":""social_services"",""name"":""授乳室（男女共用）"",""office"":""government""}",,,,,,,,
node/12772247721,,,135.3843923,34.6501158,Point,"{""entrance"":""yes""}",,,,,,,,
node/12772247722,,,135.3844403,34.6501018,Point,"{""entrance"":""yes""}",,,,,,,,
node/12772247733,,,135.3844747,34.6501773,Point,"{""entrance"":""yes""}",,,,,,,,
node/12772247738,,toilets,135.3844494,34.6502266,Point,"{""access"":""yes"",""amenity"":""toilets"",""check_date"":""2025-04-20"",""female"":""yes"",""male"":""no""}",toilets,,,,,,,
node/12772247739,,toilets,135.3844754,34.6501094,Point,"{""access"":""yes"",""amenity"":""toilets"",""check_date"":""2025-04-20"",""fee"":""no"",""female"":""yes"",""male"":""yes"",""unisex"":""yes"",""wheelchair"":""yes""}",toilets,,,,yes,,,
node/12772247740,,toilets,135.3844712,34.650065,Point,"{""access"":""yes"",""amenity"":""toilets"",""check_date"":""2025-04-20"",""fee"":""no"",""female"":""yes"",""male"":""yes"",""unisex"":""yes"",""wheelchair"":""yes""}",toilets,,,,yes,,,
node/12772247742,,,135.384499,34.6501387,Point,"{""entrance"":""yes""}",,,,,,,,
node/12772247747,,,135.3844887,34.6502083,Point,"{""entrance"":""yes""}",,,,,,,,
node/12772247764,,shelter,135.3829662,34.6496166,Point,"{""amenity"":""shelter"",""shelter_type"":""picnic_shelter""}",shelter,,,,,,,
node/12772247765,,shelter,135.3830167,34.6495399,Point,"{""amenity"":""shelter"",""shelter_type"":""picnic_shelter""}",shelter,,,,,,,
node/12772247766,,shelter,135.3829454,34.6496659,Point,"{""amenity"":""shelter"",""shelter_type"":""picnic_shelter""}",shelter,,,,,,,
node/12772247767,,shelter,135.3829246,34.6497152,Point,"{""amenity"":""shelter"",""shelter_type"":""picnic_shelter""}",shelter,,,,,,,
node/12772247768,,shelter,135.3829038,34.6497645,Point,"{""amenity"":""shelter"",""shelter_type"":""picnic_shelter""}",shelter,,,,,,,
node/12772258415,欧州連合（EU）パビリオン,exhibition_centre,135.3809248,34.6498779,Point,"{""alt_name"":""欧州連合館"",""amenity"":""exhibition_centre"",""check_date"":""2025-04-20"",""country"":""AT;BE;BG;CY;CZ;DE;DK;EE;ES;FI;FR;GR;HR;HU;IE;IT;LT;LU;LV;MT;NL;PL;PT;RO;SE;SI;SK"",""loc_name"":""EU館"",""name"":""欧州連合（EU）パビリオン"",""name:en"":""The European Union Pavilion"",""name:ja"":""欧州連合（EU）パビリオン"",""ref"":""S07"",""reservation"":""no"",""short_name"":""EUパビリオン"",""website"":""https://www.expo2025.or.jp/official-participant/eu/"",""wikidata"":""Q136606347"",""wikimedia_commons"":""File:大阪・関西万博 EU（ヨーロッパ連合）パビリオン.jpg""}",exhibition_centre,,,AT;BE;BG;CY;CZ;DE;DK;EE;ES;FI;FR;GR;HR;HU;IE;IT;LT;LU;LV;MT;NL;PL;PT;RO;SE;SI;SK,,,https://www.expo2025.or.jp/official-participant/eu/,Q136606347
node/12772258416,バルト館（ラトビア＆リトアニア）,exhibition_centre,135.3810495,34.6498469,Point,"{""alt_name"":""バルトパビリオン;ラトビアパビリオン;ラトビア館;リトアニアパビリオン;リトアニア館"",""amenity"":""exhibition_centre"",""check_date"":""2025-04-20"",""country"":""LV;LT"",""name"":""バルト館（ラトビア＆リトアニア）"",""website"":""https://www.expo2025.or.jp/official-participant/latvia/"",""contact:website"":""https://www.expo2025.or.jp/official-participant/lithuania/"",""name:en"":""The Baltics Pavilion (Latvia & Lithuania)"",""name:ja"":""バルト館（ラトビア＆リトアニア）"",""ref"":""S06"",""reservation"":""no"",""wikidata"":""Q136513311"",""wikimedia_commons"":""File:大阪・関西万博 バルト館.jpg""}",exhibition_centre,,,LV;LT,,,https://www.expo2025.or.jp/official-participant/latvia/,Q136513311
node/12772258417,アルジェリアパビリオン,exhibition_centre,135.3811743,34.6498159,Point,"{""alt_name"":""アルジェリア館"",""amenity"":""exhibition_centre"",""check_date"":""2025-04-20"",""country"":""DZ"",""mapillary"":""1220020279833849"",""name"":""アルジェリアパビリオン"",""website"":""https://www.expo2025.or.jp/official-participant/algeria/"",""name:en"":""Algeria Pavilion"",""name:ja"":""アルジェリアパビリオン"",""ref"":""S05"",""reservation"":""no"",""wikidata"":""Q136513200"",""wikimedia_commons"":""File:大阪・関西万博 アルジェリアパビリオン.jpg""}",exhibition_centre,,,DZ,,,https://www.expo2025.or.jp/official-participant/algeria/,Q136513200
node/12772258418,カンボジアパビリオン,exhibition_centre,135.381299,34.6497849,Point,"{""alt_name"":""カンボジア館"",""amenity"":""exhibition_centre"",""check_date"":""2025-04-20"",""country"":""KH"",""name"":""カンボジアパビリオン"",""website"":""https://www.expo2025.or.jp/official-participant/cambodia/"",""name:en"":""Cambodia Pavilion"",""name:ja"":""カンボジアパビリオン"",""ref"":""S04"",""reservation"":""no"",""wikidata"":""Q136513519"",""wikimedia_commons"":""File:大阪・関西万博 カンボジアパビリオン.jpg""}",exhibition_centre,,,KH,,,https://www.expo2025.or.jp/official-participant/cambodia/,Q136513519
node/12772258419,チュニジア共和国パビリオン,exhibition_centre,135.3813923,34.6497605,Point,"{""alt_name"":""チュニジア共和国館"",""amenity"":""exhibition_centre"",""check_date"":""2025-05-27"",""country"":""TN"",""loc_name"":""チュニジアパビリオン"",""name"":""チュニジア共和国パビリオン"",""website"":""https://www.expo2025.or.jp/official-participant/tunisia/"",""name:en"":""Republic of Tunisia Pavilion"",""name:ja"":""チュニジア共和国パビリオン"",""ref"":""S03"",""reservation"":""no"",""short_name"":""チュニジア館"",""wikidata"":""Q136564417"",""wikimedia_commons"":""File:大阪・関西万博 チュニジアパビリオン.jpg""}",exhibition_centre,,,TN,,,https://www.expo2025.or.jp/official-participant/tunisia/,Q136564417
node/12772258420,チリパビリオン,exhibition_centre,135.3815485,34.6497229,Point,"{""alt_name"":""チリ館"",""amenity"":""exhibition_centre"",""check_date"":""2025-04-20"",""country"":""CL"",""name"":""チリパビリオン"",""website"":""https://www.expo2025.or.jp/official-participant/chile/"",""name:en"":""Chile Pavilion"",""name:ja"":""チリパビリオン"",""ref"":""S02"",""reservation"":""no"",""wikidata"":""Q136541583"",""wikimedia_commons"":""File:大阪・関西万博 チリパビリオン.jpg""}",exhibition_centre,,,CL,,,https://www.expo2025.or.jp/official-participant/chile/,Q136541583
node/12772258487,エジプト・アラブ共和国パビリオン,exhibition_centre,135.3815869,34.6504626,Point,"{""alt_name"":""エジプトパビリオン"",""amenity"":""exhibition_centre"",""check_date"":""2025-04-20"",""country"":""EG"",""name"":""エジプト・アラブ共和国パビリオン"",""website"":""https://www.expo2025.or.jp/official-participant/egypt/"",""name:en"":""Arab Republic of Egypt Pavilion"",""name:ja"":""エジプト・アラブ共和国パビリオン"",""ref"":""C22"",""reservation"":""no"",""short_name"":""エジプト館"",""wikidata"":""Q136541729"",""wikimedia_commons"":""File:大阪・関西万博 エジプトパビリオン.jpg""}",exhibition_centre,,,EG,,,https://www.expo2025.or.jp/official-participant/egypt/,Q136541729
node/12772258488,セネガル共和国パビリオン,exhibition_centre,135.3814525,34.6504722,Point,"{""alt_name"":""セネガル共和国館"",""amenity"":""exhibition_centre"",""check_date"":""2025-04-20"",""country"":""SN"",""name"":""セネガル共和国パビリオン"",""website"":""https://www.expo2025.or.jp/official-participant/senegal/"",""name:en"":""Republic of Senegal Pavilion"",""name:ja"":""セネガル共和国パビリオン"",""ref"":""C21"",""reservation"":""no"",""short_name"":""セネガルパビリオン"",""wikidata"":""Q136565192"",""wikimedia_commons"":""File:大阪・関西万博 セネガルパビリオン.jpg""}",exhibition_centre,,,SN,,,https://www.expo2025.or.jp/official-participant/senegal/,Q136565192
node/12772258489,バングラデシュパビリオン,exhibition_centre,135.3813195,34.6504816,Point,"{""alt_name"":""バングラデシュ館"",""amenity"":""exhibition_centre"",""check_date"":""2025-04-20"",""country"":""BD"",""mapillary"":""1015301347400471"",""name"":""バングラデシュパビリオン"",""website"":""https://www.expo2025.or.jp/official-participant/bangladesh/"",""name:en"":""Bangladesh Pavilion"",""name:ja"":""バングラデシュパビリオン"",""ref"":""C20"",""reservation"":""no"",""wikidata"":""Q136513324"",""wikimedia_commons"":""File:大阪・関西万博 バングラデシュパビリオン.jpg""}",exhibition_centre,,,BD,,,https://www.expo2025.or.jp/official-participant/bangladesh/,Q136513324
node/12772258533,,,135.3814219,34.6501393,Point,"{""entrance"":""main""}",,,,,,,,
node/12772258537,,,135.3813845,34.6501539,Point,"{""entrance"":""main""}",,,,,,,,
node/12773815502,RX-78F00/E ガンダム,artwork,135.3800854,34.6509872,Point,"{""artwork_type"":""statue"",""mapillary"":""1066487891996547"",""material"":""metal"",""name"":""RX-78F00/E ガンダム"",""name:en"":""RX-78F00/E GUNDAM"",""tourism"":""artwork""}",,artwork,,,,,,
node/12777886472,,bench,135.3879841,34.6499622,Point,"{""amenity"":""bench""}",bench,,,,,,,
node/12777886473,,information,135.3879237,34.6499841,Point,"{""information"":""map"",""tourism"":""information""}",,information,,,,,,
node/12777940688,,waste_basket,135.3872536,34.6497988,Point,"{""amenity"":""waste_basket""}",waste_basket,,,,,,,
node/12777940690,,bench,135.3873195,34.6497539,Point,"{""amenity"":""bench"",""backrest"":""no""}",bench,,,,,,,
node/12777978723,電力館 可能性のタマゴたち,information,135.3876326,34.6495393,Point,"{""information"":""board"",""name"":""電力館 可能性のタマゴたち"",""tourism"":""information""}",,information,,,,,,
node/12777982858,,,135.3898773,34.6492713,Point,"{""entrance"":""yes""}",,,,,,,,
node/12777982859,,,135.3899349,34.6492739,Point,"{""entrance"":""yes""}",,,,,,,,
node/12778007889,,,135.386455,34.6480779,Point,"{""entrance"":""yes""}",,,,,,,,
node/12778007890,,,135.3863541,34.6479096,Point,"{""entrance"":""exit""}",,,,,,,,
node/12778016788,,,135.3856841,34.6473731,Point,"{""entrance"":""yes""}",,,,,,,,
node/12778016789,,,135.3856174,34.6474261,Point,"{""entrance"":""yes""}",,,,,,,,
node/12778016790,調和の広場,information,135.3853754,34.6473519,Point,"{""information"":""board"",""name"":""調和の広場"",""name:ja"":""調和の広場"",""tourism"":""information""}",,information,,,,,,
node/12778016791,,tree,135.3853328,34.6473459,Point,"{""natural"":""tree""}",,,,,,,,
node/12778016792,,information,135.385344,34.6473021,Point,"{""information"":""map"",""tourism"":""information""}",,information,,,,,,
node/12778017074,,waste_basket,135.3867053,34.6482259,Point,"{""amenity"":""waste_basket""}",waste_basket,,,,,,,
node/12778025527,カタールパビリオン,information,135.3866564,34.6483178,Point,"{""information"":""board"",""name"":""カタールパビリオン"",""tourism"":""information""}",,information,,,,,,
node/12778030667,,waste_basket,135.3870321,34.649072,Point,"{""amenity"":""waste_basket""}",waste_basket,,,,,,,
node/12778030668,,elevator,135.3871404,34.6488362,Point,"{""addr:floor"":""1;2"",""highway"":""elevator"",""level"":""0;1"",""ref"":""EV5""}",,,,,,,,
node/12778030669,アサヒ飲料,vending_machine,135.386987,34.6487574,Point,"{""amenity"":""vending_machine"",""brand"":""Asahi SOFT DRINKS"",""brand:en"":""Asahi SOFT DRINKS"",""brand:ja"":""アサヒ飲料"",""brand:wikidata"":""Q1833890"",""check_date"":""2025-04-23"",""name"":""アサヒ飲料"",""name:en"":""Asahi Soft Drinks"",""name:ja"":""アサヒ飲料"",""short_name:en"":""Asahi"",""vending"":""drinks""}",vending_machine,,,,,,,
node/12778030670,アサヒ飲料,vending_machine,135.3869851,34.6487377,Point,"{""amenity"":""vending_machine"",""brand"":""Asahi SOFT DRINKS"",""brand:en"":""Asahi SOFT DRINKS"",""brand:ja"":""アサヒ飲料"",""brand:wikidata"":""Q1833890"",""check_date"":""2025-04-23"",""name"":""アサヒ飲料"",""name:en"":""Asahi Soft Drinks"",""name:ja"":""アサヒ飲料"",""short_name:en"":""Asahi"",""vending"":""drinks""}",vending_machine,,,,,,,
node/12778030671,アサヒ飲料,vending_machine,135.3870102,34.6487559,Point,"{""amenity"":""vending_machine"",""brand"":""Asahi SOFT DRINKS"",""brand:en"":""Asahi SOFT DRINKS"",""brand:ja"":""アサヒ飲料"",""brand:wikidata"":""Q1833890"",""check_date"":""2025-05-02"",""name"":""アサヒ飲料"",""name:en"":""Asahi Soft Drinks"",""name:ja"":""アサヒ飲料"",""short_name:en"":""Asahi"",""vending"":""drinks""}",vending_machine,,,,,,,
node/12778030672,アサヒ飲料,vending_machine,135.3870083,34.6487362,Point,"{""amenity"":""vending_machine"",""brand"":""Asahi SOFT DRINKS"",""brand:en"":""Asahi SOFT DRINKS"",""brand:ja"":""アサヒ飲料"",""brand:wikidata"":""Q1833890"",""check_date"":""2025-05-02"",""name"":""アサヒ飲料"",""name:en"":""Asahi Soft Drinks"",""name:ja"":""アサヒ飲料"",""short_name:en"":""Asahi"",""vending"":""drinks""}",vending_machine,,,,,,,
node/12778036881,,,135.3859377,34.6473526,Point,"{""entrance"":""main""}",,,,,,,,
node/12778042758,,waste_basket,135.3852483,34.6474982,Point,"{""amenity"":""waste_basket""}",waste_basket,,,,,,,
node/12778042759,コカ・コーラ,vending_machine,135.3851783,34.6475452,Point,"{""amenity"":""vending_machine"",""brand"":""コカ・コーラ"",""brand:en"":""Coca-Cola"",""brand:ja"":""コカ・コーラ"",""brand:wikidata"":""Q2813"",""check_date"":""2025-04-23"",""drink:cola"":""yes"",""name"":""コカ・コーラ"",""name:en"":""Coca-Cola"",""name:ja"":""コカ・コーラ"",""vending"":""drinks""}",vending_machine,,,,,,,
node/12778042760,コカ・コーラ,vending_machine,135.3851617,34.6475397,Point,"{""amenity"":""vending_machine"",""brand"":""コカ・コーラ"",""brand:en"":""Coca-Cola"",""brand:ja"":""コカ・コーラ"",""brand:wikidata"":""Q2813"",""check_date"":""2025-04-23"",""drink:cola"":""yes"",""name"":""コカ・コーラ"",""name:en"":""Coca-Cola"",""name:ja"":""コカ・コーラ"",""vending"":""drinks""}",vending_machine,,,,,,,
node/12778042761,コカ・コーラ,vending_machine,135.3851451,34.6475342,Point,"{""amenity"":""vending_machine"",""brand"":""コカ・コーラ"",""brand:en"":""Coca-Cola"",""brand:ja"":""コカ・コーラ"",""brand:wikidata"":""Q2813"",""check_date"":""2025-04-23"",""drink:cola"":""yes"",""name"":""コカ・コーラ"",""name:en"":""Coca-Cola"",""name:ja"":""コカ・コーラ"",""vending"":""drinks""}",vending_machine,,,,,,,
node/12778042762,コカ・コーラ,vending_machine,135.3851285,34.6475287,Point,"{""amenity"":""vending_machine"",""brand"":""コカ・コーラ"",""brand:en"":""Coca-Cola"",""brand:ja"":""コカ・コーラ"",""brand:wikidata"":""Q2813"",""check_date"":""2025-04-23"",""drink:cola"":""yes"",""name"":""コカ・コーラ"",""name:en"":""Coca-Cola"",""name:ja"":""コカ・コーラ"",""vending"":""drinks""}",vending_machine,,,,,,,
node/12778042763,伊藤園,vending_machine,135.3851119,34.6475231,Point,"{""alt_name:en"":""ITOEN"",""amenity"":""vending_machine"",""brand"":""伊藤園"",""brand:en"":""Ito En"",""brand:ja"":""伊藤園"",""brand:wikidata"":""Q3079325"",""check_date"":""2025-04-23"",""drink:tea"":""yes"",""name"":""伊藤園"",""name:en"":""Ito En"",""name:ja"":""伊藤園"",""vending"":""drinks""}",vending_machine,,,,,,,
node/12778042764,伊藤園,vending_machine,135.3850953,34.6475176,Point,"{""alt_name:en"":""ITOEN"",""amenity"":""vending_machine"",""brand"":""伊藤園"",""brand:en"":""Ito En"",""brand:ja"":""伊藤園"",""brand:wikidata"":""Q3079325"",""check_date"":""2025-04-23"",""drink:tea"":""yes"",""name"":""伊藤園"",""name:en"":""Ito En"",""name:ja"":""伊藤園"",""vending"":""drinks""}",vending_machine,,,,,,,
node/12778051714,,drinking_water,135.3850801,34.6475125,Point,"{""amenity"":""drinking_water"",""bottle"":""yes""}",drinking_water,,,,,,,
node/12778051990,,,135.3841088,34.6479879,Point,"{""entrance"":""yes""}",,,,,,,,
node/12778051992,,,135.3842393,34.6479552,Point,"{""entrance"":""yes""}",,,,,,,,
node/12778051993,,,135.3843595,34.647925,Point,"{""entrance"":""yes""}",,,,,,,,
node/12778128509,,,135.3839935,34.6480168,Point,"{""entrance"":""yes""}",,,,,,,,
node/12778128510,,,135.3838825,34.6480447,Point,"{""entrance"":""yes""}",,,,,,,,
node/12778143880,中国 CHINA,information,135.384058,34.6483,Point,"{""information"":""board"",""name"":""中国 CHINA"",""name:ja"":""中国 CHINA"",""tourism"":""information""}",,information,,,,,,
node/12778144286,,bench,135.3817951,34.6487231,Point,"{""amenity"":""bench""}",bench,,,,,,,
node/12778144288,,bench,135.3818493,34.6487255,Point,"{""amenity"":""bench"",""armrest"":""no"",""backrest"":""no"",""material"":""wood"",""seats"":""4""}",bench,,,,,,,
node/12778145168,,,135.3836158,34.6484252,Point,"{""entrance"":""service""}",,,,,,,,
node/12778145169,,,135.3838889,34.6484356,Point,"{""entrance"":""service""}",,,,,,,,
node/12778145170,,,135.3835335,34.6485419,Point,"{""entrance"":""main""}",,,,,,,,
node/12778145171,,,135.383534,34.6485788,Point,"{""entrance"":""yes""}",,,,,,,,
node/12778145172,,tree,135.3834363,34.6484426,Point,"{""natural"":""tree""}",,,,,,,,
node/12778145173,,tree,135.3834158,34.6484691,Point,"{""natural"":""tree""}",,,,,,,,
node/12778145174,,tree,135.3834339,34.6484971,Point,"{""natural"":""tree""}",,,,,,,,
node/12778145175,,information,135.3833874,34.6483768,Point,"{""information"":""guidepost"",""tourism"":""information""}",,information,,,,,,
node/12778145176,,,135.3830314,34.6475643,Point,"{""entrance"":""yes""}",,,,,,,,
node/12778145177,,,135.3830817,34.647538,Point,"{""entrance"":""yes""}",,,,,,,,
node/12778145178,,,135.3829716,34.6474521,Point,"{""entrance"":""yes""}",,,,,,,,
node/12778145179,,,135.3829709,34.6475511,Point,"{""entrance"":""yes""}",,,,,,,,
node/12778151445,,information,135.3828589,34.6477395,Point,"{""information"":""map"",""tourism"":""information""}",,information,,,,,,
node/12778161329,,restaurant,135.3817523,34.6483862,Point,"{""amenity"":""restaurant"",""check_date"":""2025-04-23"",""cuisine"":""polish""}",restaurant,,,,,,,
node/12778169994,,,135.3818975,34.6484182,Point,"{""entrance"":""exit""}",,,,,,,,
node/12778169995,,gift,135.3818699,34.6483807,Point,"{""check_date"":""2025-04-23"",""level"":""0"",""shop"":""gift""}",,,gift,,,,,
node/12778169996,,,135.3818299,34.6484296,Point,"{""entrance"":""main""}",,,,,,,,
node/12778169997,,,135.3817622,34.6484307,Point,"{""entrance"":""main""}",,,,,,,,
node/12778175621,いのち動的平衡館,information,135.3828197,34.6478206,Point,"{""information"":""board"",""name"":""いのち動的平衡館"",""tourism"":""information""}",,information,,,,,,
node/12778175622,,,135.3827653,34.6479524,Point,"{""entrance"":""main""}",,,,,,,,
node/12778178889,,,135.3817133,34.6488013,Point,"{""entrance"":""main""}",,,,,,,,
node/12778178890,,,135.3819218,34.6489537,Point,"{""entrance"":""main""}",,,,,,,,
node/12778178891,,,135.3821765,34.6488016,Point,"{""entrance"":""main""}",,,,,,,,
node/12778178892,,,135.3821009,34.6488095,Point,"{""entrance"":""main""}",,,,,,,,
node/12778191535,,stone,135.3816753,34.6487815,Point,"{""natural"":""stone""}",,,,,,,,
node/12778192244,,,135.3816957,34.6493068,Point,"{""entrance"":""yes""}",,,,,,,,
node/12778211847,SULTANATE OF OMAN,cafe,135.3816506,34.6491526,Point,"{""amenity"":""cafe"",""check_date"":""2025-04-23"",""name"":""SULTANATE OF OMAN""}",cafe,,,,,,,
node/12778226733,,cushion,135.381325,34.6485826,Point,"{""playground"":""cushion"",""playground:theme"":""komyaku""}",,,,,,,,
node/12778231255,,,135.3813512,34.6486897,Point,"{""entrance"":""yes""}",,,,,,,,
node/12778231256,,,135.3811537,34.6486843,Point,"{""entrance"":""main""}",,,,,,,,
node/12778234301,オマーン:ひろがる絆,information,135.3816261,34.6490799,Point,"{""information"":""board"",""name"":""オマーン:ひろがる絆"",""tourism"":""information""}",,information,,,,,,
node/12778247438,ベリーズ,exhibition_centre,135.3810269,34.6487206,Point,"{""wikimedia_commons"":""File:Expo 2025 Belize Pavilion Booth (Commons D Pavilion) 01.JPG"",""amenity"":""exhibition_centre"",""check_date"":""2025-04-23"",""country"":""BZ"",""name"":""ベリーズ"",""website"":""https://www.expo2025.or.jp/official-participant/belize/"",""reservation"":""no""}",exhibition_centre,,,BZ,,,https://www.expo2025.or.jp/official-participant/belize/,
node/12778247439,ラオス,exhibition_centre,135.3810248,34.6487802,Point,"{""wikimedia_commons"":""File:Expo 2025 Laos Pavilion Booth (Commons D Pavilion) 01.JPG"",""amenity"":""exhibition_centre"",""check_date"":""2025-04-23"",""country"":""LA"",""name"":""ラオス"",""website"":""https://www.expo2025.or.jp/official-participant/lao/"",""reservation"":""no""}",exhibition_centre,,,LA,,,https://www.expo2025.or.jp/official-participant/lao/,
node/12778247440,キューバ,exhibition_centre,135.3810206,34.6488994,Point,"{""wikimedia_commons"":""File:Expo 2025 Cuba Pavilion Booth (Commons D Pavilion) 01.JPG"",""amenity"":""exhibition_centre"",""check_date"":""2025-04-23"",""country"":""CU"",""name"":""キューバ"",""website"":""https://www.expo2025.or.jp/official-participant/cuba/"",""reservation"":""no""}",exhibition_centre,,,CU,,,https://www.expo2025.or.jp/official-participant/cuba/,
node/12778247441,マリ,exhibition_centre,135.3810227,34.6488398,Point,"{""wikimedia_commons"":""File:Expo 2025 Mali Pavilion Booth (Commons D Pavilion) 01.JPG"",""amenity"":""exhibition_centre"",""check_date"":""2025-04-23"",""country"":""ML"",""name"":""マリ"",""website"":""https://www.expo2025.or.jp/official-participant/mali/"",""reservation"":""no""}",exhibition_centre,,,ML,,,https://www.expo2025.or.jp/official-participant/mali/,
node/12778247442,ギニア,exhibition_centre,135.3810185,34.648959,Point,"{""wikimedia_commons"":""File:Expo 2025 Guinea Pavilion Booth (Commons D Pavilion) 01.JPG"",""amenity"":""exhibition_centre"",""check_date"":""2025-04-23"",""country"":""GN"",""name"":""ギニア"",""website"":""https://www.expo2025.or.jp/official-participant/guinea/"",""reservation"":""no""}",exhibition_centre,,,GN,,,https://www.expo2025.or.jp/official-participant/guinea/,
node/12778247443,ブータン,exhibition_centre,135.3810164,34.6490186,Point,"{""wikimedia_commons"":""File:Expo 2025 Bhutan Pavilion Booth (Commons D Pavilion) 02.JPG"",""amenity"":""exhibition_centre"",""check_date"":""2025-04-23"",""country"":""BT"",""name"":""ブータン"",""website"":""https://www.expo2025.or.jp/official-participant/bhutan/"",""reservation"":""no""}",exhibition_centre,,,BT,,,https://www.expo2025.or.jp/official-participant/bhutan/,
node/12778247444,赤道ギニア,exhibition_centre,135.3810143,34.6490782,Point,"{""wikimedia_commons"":""File:Expo 2025 Equatorial Guinea Pavilion Booth (Commons D Pavilion) 01.JPG"",""amenity"":""exhibition_centre"",""check_date"":""2025-04-23"",""country"":""GQ"",""name"":""赤道ギニア"",""website"":""https://www.expo2025.or.jp/official-participant/equatorial-guinea/"",""reservation"":""no""}",exhibition_centre,,,GQ,,,https://www.expo2025.or.jp/official-participant/equatorial-guinea/,
node/12778247445,マーシャル,exhibition_centre,135.3810142,34.6491624,Point,"{""wikimedia_commons"":""File:Expo 2025 Marshall Islands Pavilion Booth (Commons D Pavilion) 01.JPG"",""amenity"":""exhibition_centre"",""check_date"":""2025-04-23"",""country"":""MH"",""name"":""マーシャル"",""website"":""https://www.expo2025.or.jp/official-participant/marshall-islands/"",""reservation"":""no""}",exhibition_centre,,,MH,,,https://www.expo2025.or.jp/official-participant/marshall-islands/,
node/12778247446,パレスチナ,exhibition_centre,135.3814041,34.6491709,Point,"{""wikimedia_commons"":""File:Expo 2025 Palestine Pavilion Booth (Commons D Pavilion) 01.JPG"",""amenity"":""exhibition_centre"",""check_date"":""2025-04-23"",""country"":""PS"",""name"":""パレスチナ"",""website"":""https://www.expo2025.or.jp/official-participant/palestine/"",""reservation"":""no""}",exhibition_centre,,,PS,,,https://www.expo2025.or.jp/official-participant/palestine/,
node/12778247447,モンゴル,exhibition_centre,135.3814055,34.6490938,Point,"{""wikimedia_commons"":""File:Expo 2025 Exhibition of Mongolia (1).jpg"",""amenity"":""exhibition_centre"",""check_date"":""2025-04-23"",""country"":""MN"",""name"":""モンゴル"",""website"":""https://www.expo2025.or.jp/official-participant/mongolia/"",""reservation"":""no""}",exhibition_centre,,,MN,,,https://www.expo2025.or.jp/official-participant/mongolia/,
node/12778247448,ブルキナファソ,exhibition_centre,135.3814082,34.6490322,Point,"{""wikimedia_commons"":""File:Expo 2025 Burkina Faso Pavilion Booth (Commons D Pavilion) 01.JPG"",""amenity"":""exhibition_centre"",""check_date"":""2025-04-23"",""country"":""BF"",""name"":""ブルキナファソ"",""website"":""https://www.expo2025.or.jp/official-participant/burkina-faso/"",""reservation"":""no""}",exhibition_centre,,,BF,,,https://www.expo2025.or.jp/official-participant/burkina-faso/,
node/12778247449,コンゴ民主共和国,exhibition_centre,135.3814109,34.6489705,Point,"{""wikimedia_commons"":""File:Expo 2025 Democratic Republic of the Congo Pavilion Booth (Commons D Pavilion) 01.JPG"",""amenity"":""exhibition_centre"",""check_date"":""2025-04-23"",""country"":""CD"",""name"":""コンゴ民主共和国"",""website"":""https://www.expo2025.or.jp/official-participant/congo/"",""reservation"":""no""}",exhibition_centre,,,CD,,,https://www.expo2025.or.jp/official-participant/congo/,
node/12778247450,サントメ・プリンシペ,exhibition_centre,135.3814136,34.6489089,Point,"{""wikimedia_commons"":""File:Expo 2025 Sao Tome and Principe Pavilion Booth (Commons D Pavilion) 01.JPG"",""amenity"":""exhibition_centre"",""check_date"":""2025-04-23"",""country"":""ST"",""name"":""サントメ・プリンシペ"",""website"":""https://www.expo2025.or.jp/official-participant/sao-tome-and-principe/"",""reservation"":""no""}",exhibition_centre,,,ST,,,https://www.expo2025.or.jp/official-participant/sao-tome-and-principe/,
node/12778247451,タジキスタン,exhibition_centre,135.3814163,34.6488473,Point,"{""wikimedia_commons"":""File:Expo 2025 Tajikistan Pavilion Booth (Commons D Pavilion) 01.JPG"",""amenity"":""exhibition_centre"",""check_date"":""2025-04-23"",""country"":""TJ"",""name"":""タジキスタン"",""website"":""https://www.expo2025.or.jp/official-participant/tajikistan/"",""reservation"":""no""}",exhibition_centre,,,TJ,,,https://www.expo2025.or.jp/official-participant/tajikistan/,
node/12778247452,アンティグア・バーブーダ,exhibition_centre,135.381419,34.6487856,Point,"{""wikimedia_commons"":""File:Expo 2025 Antigua and Barbuda Pavilion Booth (Commons D Pavilion) 01.JPG"",""amenity"":""exhibition_centre"",""check_date"":""2025-04-23"",""country"":""AG"",""name"":""アンティグア・バーブーダ"",""website"":""https://www.expo2025.or.jp/official-participant/antigua-and-barbuda/"",""reservation"":""no""}",exhibition_centre,,,AG,,,https://www.expo2025.or.jp/official-participant/antigua-and-barbuda/,
node/12778247453,リベリア,exhibition_centre,135.3814217,34.648724,Point,"{""wikimedia_commons"":""File:Expo 2025 Liberia Pavilion Booth (Commons D Pavilion) 01.JPG"",""amenity"":""exhibition_centre"",""check_date"":""2025-04-23"",""country"":""LR"",""name"":""リベリア"",""website"":""https://www.expo2025.or.jp/official-participant/liberia/"",""reservation"":""no""}",exhibition_centre,,,LR,,,https://www.expo2025.or.jp/official-participant/liberia/,
node/12778275624,ナイジェリア,exhibition_centre,135.3813261,34.6491692,Point,"{""wikimedia_commons"":""File:Expo 2025 Nigeria Pavilion Booth (Commons D Pavilion) 01.JPG"",""amenity"":""exhibition_centre"",""check_date"":""2025-04-23"",""country"":""NG"",""name"":""ナイジェリア"",""website"":""https://www.expo2025.or.jp/official-participant/nigeria/"",""reservation"":""no""}",exhibition_centre,,,NG,,,https://www.expo2025.or.jp/official-participant/nigeria/,
node/12778275625,パキスタン,exhibition_centre,135.3812481,34.6491675,Point,"{""wikimedia_commons"":""File:Expo 2025 Pakistan Pavilion Booth (Commons D Pavilion) 02.JPG"",""amenity"":""exhibition_centre"",""check_date"":""2025-04-23"",""country"":""PK"",""name"":""パキスタン"",""website"":""https://www.expo2025.or.jp/official-participant/pakistan/"",""reservation"":""no""}",exhibition_centre,,,PK,,,https://www.expo2025.or.jp/official-participant/pakistan/,
node/12778275626,トーゴ,exhibition_centre,135.3811702,34.6491658,Point,"{""wikimedia_commons"":""File:Expo 2025 Togo Pavilion Booth (Commons D Pavilion) 01.JPG"",""amenity"":""exhibition_centre"",""check_date"":""2025-04-23"",""country"":""TG"",""name"":""トーゴ"",""website"":""https://www.expo2025.or.jp/official-participant/togo/"",""reservation"":""no""}",exhibition_centre,,,TG,,,https://www.expo2025.or.jp/official-participant/togo/,
node/12778275627,ホンジュラス,exhibition_centre,135.3810922,34.6491641,Point,"{""wikimedia_commons"":""File:Expo 2025 Honduras Pavilion Booth (Commons D Pavilion) 01.JPG"",""amenity"":""exhibition_centre"",""check_date"":""2025-04-23"",""country"":""HN"",""name"":""ホンジュラス"",""website"":""https://www.expo2025.or.jp/official-participant/honduras/"",""reservation"":""no""}",exhibition_centre,,,HN,,,https://www.expo2025.or.jp/official-participant/honduras/,
node/12778275628,カメルーン,exhibition_centre,135.3812437,34.6490044,Point,"{""wikimedia_commons"":""File:Expo 2025 Cameroon Pavilion Booth (Commons D Pavilion) 01.JPG"",""amenity"":""exhibition_centre"",""check_date"":""2025-04-23"",""country"":""CM"",""name"":""カメルーン"",""website"":""https://www.expo2025.or.jp/official-participant/cameroon/"",""reservation"":""no""}",exhibition_centre,,,CM,,,https://www.expo2025.or.jp/official-participant/cameroon/,
node/12778275629,モンゴル,gift,135.3813194,34.6490943,Point,"{""check_date"":""2025-05-30"",""name"":""モンゴル"",""reservation"":""no"",""shop"":""gift""}",,,gift,,,,,
node/12778275630,南スーダン,exhibition_centre,135.3813224,34.6489481,Point,"{""wikimedia_commons"":""File:Expo 2025 South Sudan Pavilion Booth (Commons D Pavilion) 01.JPG"",""amenity"":""exhibition_centre"",""check_date"":""2025-04-23"",""country"":""SS"",""name"":""南スーダン"",""website"":""https://www.expo2025.or.jp/official-participant/south-sudan/"",""reservation"":""no""}",exhibition_centre,,,SS,,,https://www.expo2025.or.jp/official-participant/south-sudan/,
node/12778275631,モルドバ,exhibition_centre,135.38132,34.6488687,Point,"{""wikimedia_commons"":""File:Expo 2025 Moldova Pavilion Booth (Commons D Pavilion) 01.JPG"",""amenity"":""exhibition_centre"",""check_date"":""2025-04-23"",""country"":""MD"",""name"":""モルドバ"",""website"":""https://www.expo2025.or.jp/official-participant/moldova/"",""reservation"":""no""}",exhibition_centre,,,MD,,,https://www.expo2025.or.jp/official-participant/moldova/,
node/12778275632,マダガスカル,exhibition_centre,135.3811401,34.6489612,Point,"{""wikimedia_commons"":""File:Expo 2025 Madagascar Pavilion Booth (Commons D Pavilion) 01.JPG"",""amenity"":""exhibition_centre"",""check_date"":""2025-08-20"",""country"":""MG"",""name"":""マダガスカル"",""website"":""https://www.expo2025.or.jp/official-participant/madagascar/"",""reservation"":""no""}",exhibition_centre,,,MG,,,https://www.expo2025.or.jp/official-participant/madagascar/,
node/12778290730,,,135.3812662,34.6483252,Point,"{""entrance"":""main""}",,,,,,,,
node/12778301937,,,135.3794074,34.648268,Point,"{""entrance"":""yes""}",,,,,,,,
node/12778301938,,,135.3797014,34.6485572,Point,"{""entrance"":""yes""}",,,,,,,,
node/12778302952,ウォータープラザ,information,135.3813263,34.647879,Point,"{""information"":""board"",""name"":""ウォータープラザ"",""tourism"":""information""}",,information,,,,,,
node/12778302953,Suntory Park Cafe,cafe,135.3807732,34.6479042,Point,"{""amenity"":""cafe"",""check_date"":""2025-04-23"",""name"":""Suntory Park Cafe"",""name:en"":""Suntory Park Cafe"",""name:ja"":""サントリーパークカフェ""}",cafe,,,,,,,
node/12778302954,,,135.3808833,34.6479245,Point,"{""entrance"":""main""}",,,,,,,,
node/12778302955,,,135.3808528,34.6478487,Point,"{""entrance"":""yes""}",,,,,,,,
node/12778302956,セブン-イレブン,convenience,135.380792,34.6480517,Point,"{""brand"":""7-ELEVEN"",""brand:en"":""7-ELEVEN"",""brand:ja"":""セブン-イレブン"",""brand:wikidata"":""Q259340"",""check_date"":""2025-04-23"",""level"":""0"",""name"":""セブン-イレブン"",""name:en"":""7-Eleven"",""name:ja"":""セブン-イレブン"",""official_name:en"":""Seven-Eleven"",""shop"":""convenience"",""wheelchair"":""yes""}",,,convenience,,yes,,,
node/12778302957,,,135.3808802,34.6480078,Point,"{""entrance"":""yes""}",,,,,,,,
node/12778302958,,,135.3808546,34.6480619,Point,"{""entrance"":""yes""}",,,,,,,,
node/12778302959,,,135.3808237,34.6481278,Point,"{""entrance"":""yes""}",,,,,,,,
node/12778302960,水空,restaurant,135.3806828,34.6480098,Point,"{""addr:floor"":""2"",""amenity"":""restaurant"",""check_date"":""2025-05-15"",""cuisine"":""seafood"",""level"":""1"",""name"":""水空"",""name:ja"":""水空"",""reservation"":""required""}",restaurant,,,,,,,
node/12778304355,サントリー,vending_machine,135.3801608,34.6481699,Point,"{""amenity"":""vending_machine"",""brand"":""サントリー"",""brand:en"":""Suntory"",""brand:ja"":""サントリー"",""brand:wikidata"":""Q1345267"",""check_date"":""2025-04-23"",""name"":""サントリー"",""name:en"":""Suntory"",""name:ja"":""サントリー"",""vending"":""drinks""}",vending_machine,,,,,,,
node/12778304356,サントリー,vending_machine,135.3801665,34.6481544,Point,"{""amenity"":""vending_machine"",""brand"":""サントリー"",""brand:en"":""Suntory"",""brand:ja"":""サントリー"",""brand:wikidata"":""Q1345267"",""check_date"":""2025-04-23"",""name"":""サントリー"",""name:en"":""Suntory"",""name:ja"":""サントリー"",""vending"":""drinks""}",vending_machine,,,,,,,
node/12778304357,サントリー,vending_machine,135.3801358,34.6481637,Point,"{""amenity"":""vending_machine"",""brand"":""サントリー"",""brand:en"":""Suntory"",""brand:ja"":""サントリー"",""brand:wikidata"":""Q1345267"",""check_date"":""2025-04-23"",""name"":""サントリー"",""name:en"":""Suntory"",""name:ja"":""サントリー"",""vending"":""drinks""}",vending_machine,,,,,,,
node/12778304358,サントリー,vending_machine,135.3801414,34.6481482,Point,"{""amenity"":""vending_machine"",""brand"":""サントリー"",""brand:en"":""Suntory"",""brand:ja"":""サントリー"",""brand:wikidata"":""Q1345267"",""check_date"":""2025-04-23"",""name"":""サントリー"",""name:en"":""Suntory"",""name:ja"":""サントリー"",""vending"":""drinks""}",vending_machine,,,,,,,
node/12778307122,,,135.3806523,34.6482066,Point,"{""entrance"":""yes""}",,,,,,,,
node/12778307123,,,135.3807342,34.6481844,Point,"{""entrance"":""yes""}",,,,,,,,
node/12778307124,URBAN RESEARCH,gift,135.3806751,34.6481585,Point,"{""check_date"":""2025-04-23"",""name"":""URBAN RESEARCH"",""name:en"":""URBAN RESEARCH"",""name:ja"":""アーバンリサーチ"",""shop"":""gift""}",,,gift,,,,,
node/12778308925,サントリー,vending_machine,135.3801553,34.6481854,Point,"{""amenity"":""vending_machine"",""brand"":""サントリー"",""brand:en"":""Suntory"",""brand:ja"":""サントリー"",""brand:wikidata"":""Q1345267"",""check_date"":""2025-04-23"",""name"":""サントリー"",""name:en"":""Suntory"",""name:ja"":""サントリー"",""vending"":""drinks""}",vending_machine,,,,,,,
node/12778308926,サントリー,vending_machine,135.3801496,34.6482008,Point,"{""amenity"":""vending_machine"",""brand"":""サントリー"",""brand:en"":""Suntory"",""brand:ja"":""サントリー"",""brand:wikidata"":""Q1345267"",""check_date"":""2025-04-23"",""name"":""サントリー"",""name:en"":""Suntory"",""name:ja"":""サントリー"",""vending"":""drinks""}",vending_machine,,,,,,,
node/12778308927,サントリー,vending_machine,135.3801302,34.6481792,Point,"{""amenity"":""vending_machine"",""brand"":""サントリー"",""brand:en"":""Suntory"",""brand:ja"":""サントリー"",""brand:wikidata"":""Q1345267"",""check_date"":""2025-04-23"",""name"":""サントリー"",""name:en"":""Suntory"",""name:ja"":""サントリー"",""vending"":""drinks""}",vending_machine,,,,,,,
node/12778308928,サントリー,vending_machine,135.3801245,34.6481946,Point,"{""amenity"":""vending_machine"",""brand"":""サントリー"",""brand:en"":""Suntory"",""brand:ja"":""サントリー"",""brand:wikidata"":""Q1345267"",""check_date"":""2025-04-23"",""name"":""サントリー"",""name:en"":""Suntory"",""name:ja"":""サントリー"",""vending"":""drinks""}",vending_machine,,,,,,,
node/12778309765,,,135.3805381,34.6482156,Point,"{""entrance"":""yes""}",,,,,,,,
node/12778313520,,information,135.3796917,34.6484752,Point,"{""information"":""office"",""tourism"":""information""}",,information,,,,,,
node/12778317378,,,135.3795983,34.6486556,Point,"{""entrance"":""main""}",,,,,,,,
node/12778317379,,,135.3794648,34.6488675,Point,"{""entrance"":""yes""}",,,,,,,,
node/12778317380,南ホール,theatre,135.379313,34.6490318,Point,"{""amenity"":""theatre"",""check_date"":""2025-04-23"",""name"":""南ホール""}",theatre,,,,,,,
node/12778317381,,,135.3795073,34.6489819,Point,"{""entrance"":""main""}",,,,,,,,
node/12778317382,,,135.379594,34.6492151,Point,"{""entrance"":""main""}",,,,,,,,
node/12778317383,,,135.3796499,34.6493653,Point,"{""entrance"":""yes""}",,,,,,,,
node/12778317384,北ホール,theatre,135.3794019,34.6492711,Point,"{""amenity"":""theatre"",""check_date"":""2025-04-23"",""name"":""北ホール""}",theatre,,,,,,,
node/12778330998,,,135.3803983,34.6496016,Point,"{""entrance"":""main""}",,,,,,,,
node/12778330999,Mimmo Paladino,artwork,135.380401,34.6497555,Point,"{""artist_name"":""Sant'Elmo"",""artwork_type"":""statue"",""name"":""Mimmo Paladino"",""tourism"":""artwork""}",,artwork,,,,,,
node/12778331000,SOUVENIR SHOP,gift,135.3805677,34.6498252,Point,"{""check_date"":""2025-04-23"",""name"":""SOUVENIR SHOP"",""shop"":""gift""}",,,gift,,,,,
node/12778336643,HIWADROME: type_ark_spec2,artwork,135.3807111,34.6502517,Point,"{""artist_name"":""檜皮一彦"",""artwork_type"":""statue"",""name"":""HIWADROME: type_ark_spec2"",""tourism"":""artwork""}",,artwork,,,,,,
node/12778343835,,information,135.3805812,34.6506417,Point,"{""information"":""map"",""tourism"":""information""}",,information,,,,,,
node/12778343852,,artwork,135.3842494,34.6513779,Point,"{""artwork_type"":""sculpture"",""tourism"":""artwork""}",,artwork,,,,,,
node/12778349401,,,135.3804992,34.6498427,Point,"{""entrance"":""yes""}",,,,,,,,
node/12778349402,,,135.3805104,34.6498717,Point,"{""entrance"":""yes""}",,,,,,,,
node/12778349403,REVIVE,restaurant,135.3805799,34.6498652,Point,"{""addr:floor"":""3"",""amenity"":""restaurant"",""check_date"":""2025-07-06"",""level"":""2"",""name"":""REVIVE""}",restaurant,,,,,,,
node/12778349404,,,135.3806662,34.6500993,Point,"{""entrance"":""main""}",,,,,,,,
node/12778350420,アサヒ飲料,vending_machine,135.3805234,34.6505408,Point,"{""amenity"":""vending_machine"",""brand"":""Asahi SOFT DRINKS"",""brand:en"":""Asahi SOFT DRINKS"",""brand:ja"":""アサヒ飲料"",""brand:wikidata"":""Q1833890"",""check_date"":""2025-04-23"",""name"":""アサヒ飲料"",""name:en"":""Asahi Soft Drinks"",""name:ja"":""アサヒ飲料"",""short_name:en"":""Asahi"",""vending"":""drinks""}",vending_machine,,,,,,,
node/12778350421,アサヒ飲料,vending_machine,135.3805383,34.6505588,Point,"{""amenity"":""vending_machine"",""brand"":""Asahi SOFT DRINKS"",""brand:en"":""Asahi SOFT DRINKS"",""brand:ja"":""アサヒ飲料"",""brand:wikidata"":""Q1833890"",""check_date"":""2025-04-23"",""name"":""アサヒ飲料"",""name:en"":""Asahi Soft Drinks"",""name:ja"":""アサヒ飲料"",""short_name:en"":""Asahi"",""vending"":""drinks""}",vending_machine,,,,,,,
node/12778350422,アサヒ飲料,vending_machine,135.380508,34.6505481,Point,"{""amenity"":""vending_machine"",""brand"":""Asahi SOFT DRINKS"",""brand:en"":""Asahi SOFT DRINKS"",""brand:ja"":""アサヒ飲料"",""brand:wikidata"":""Q1833890"",""check_date"":""2025-04-23"",""name"":""アサヒ飲料"",""name:en"":""Asahi Soft Drinks"",""name:ja"":""アサヒ飲料"",""short_name:en"":""Asahi"",""vending"":""drinks""}",vending_machine,,,,,,,
node/12778350423,アサヒ飲料,vending_machine,135.3805237,34.650567,Point,"{""amenity"":""vending_machine"",""brand"":""Asahi SOFT DRINKS"",""brand:en"":""Asahi SOFT DRINKS"",""brand:ja"":""アサヒ飲料"",""brand:wikidata"":""Q1833890"",""check_date"":""2025-04-23"",""name"":""アサヒ飲料"",""name:en"":""Asahi Soft Drinks"",""name:ja"":""アサヒ飲料"",""short_name:en"":""Asahi"",""vending"":""drinks""}",vending_machine,,,,,,,
node/12778354679,,amusement_arcade,135.3832732,34.6523086,Point,"{""addr:floor"":""2"",""check_date"":""2025-04-23"",""leisure"":""amusement_arcade"",""level"":""1""}",,,,,,,,
node/12778354680,,,135.3836426,34.6516751,Point,"{""entrance"":""main""}",,,,,,,,
node/12778355050,,drinking_water,135.3807736,34.6503126,Point,"{""amenity"":""drinking_water"",""bottle"":""no"",""fee"":""no""}",drinking_water,,,,,,,
node/12778355051,,,135.3802921,34.6509188,Point,"{""entrance"":""yes""}",,,,,,,,
node/12778355681,空の広場,information,135.3841815,34.6514416,Point,"{""information"":""board"",""name"":""空の広場"",""tourism"":""information""}",,information,,,,,,
node/12778357046,,,135.3806804,34.6514959,Point,"{""entrance"":""yes""}",,,,,,,,
node/12778357048,,,135.3812073,34.6515376,Point,"{""entrance"":""yes""}",,,,,,,,
node/12778357049,サントリー,vending_machine,135.3812407,34.6515757,Point,"{""amenity"":""vending_machine"",""brand"":""サントリー"",""brand:en"":""Suntory"",""brand:ja"":""サントリー"",""brand:wikidata"":""Q1345267"",""check_date"":""2025-04-23"",""name"":""サントリー"",""name:en"":""Suntory"",""name:ja"":""サントリー"",""vending"":""drinks""}",vending_machine,,,,,,,
node/12778357050,サントリー,vending_machine,135.3812561,34.6515784,Point,"{""amenity"":""vending_machine"",""brand"":""サントリー"",""brand:en"":""Suntory"",""brand:ja"":""サントリー"",""brand:wikidata"":""Q1345267"",""check_date"":""2025-04-23"",""name"":""サントリー"",""name:en"":""Suntory"",""name:ja"":""サントリー"",""vending"":""drinks""}",vending_machine,,,,,,,
node/12778357051,,,135.3813928,34.651622,Point,"{""entrance"":""main""}",,,,,,,,
node/12778357052,,waste_basket,135.3814839,34.6516529,Point,"{""amenity"":""waste_basket""}",waste_basket,,,,,,,
node/12778357054,,drinking_water,135.3828287,34.652075,Point,"{""amenity"":""drinking_water""}",drinking_water,,,,,,,
node/12778358667,WORMHOLE,artwork,135.3837847,34.651603,Point,"{""artist_name"":""国松希根太"",""name"":""WORMHOLE"",""tourism"":""artwork""}",,artwork,,,,,,
node/12778359880,,,135.3838933,34.6514449,Point,"{""entrance"":""main""}",,,,,,,,
node/12778359881,,information,135.3840584,34.6514599,Point,"{""information"":""map"",""tourism"":""information""}",,information,,,,,,
node/12778361683,,,135.3853666,34.6517528,Point,"{""entrance"":""yes""}",,,,,,,,
node/12778361684,SEOUL LIVE!,restaurant,135.3854033,34.6518292,Point,"{""amenity"":""restaurant"",""check_date"":""2025-04-23"",""cuisine"":""korean"",""name"":""SEOUL LIVE!"",""name:en"":""SEOUL LIVE!"",""name:ja"":""ソウル ライブ!""}",restaurant,,,,,,,
node/12778361685,,,135.3854978,34.6517207,Point,"{""entrance"":""yes""}",,,,,,,,
node/12778361686,UDON,restaurant,135.3855197,34.6518011,Point,"{""amenity"":""restaurant"",""check_date"":""2025-06-10"",""cuisine"":""noodle"",""diet:halal"":""yes"",""name"":""UDON""}",restaurant,,,,,,,
node/12778361687,OSAKA MUGHAL,restaurant,135.385638,34.6517725,Point,"{""amenity"":""restaurant"",""check_date"":""2025-06-10"",""cuisine"":""pakistani"",""name"":""OSAKA MUGHAL""}",restaurant,,,,,,,
node/12778375955,Korea Mart,gift,135.3850623,34.6519629,Point,"{""check_date"":""2025-04-23"",""name"":""Korea Mart"",""name:en"":""Korea Mart"",""name:ja"":""韓国市場"",""shop"":""gift""}",,,gift,,,,,
node/12778375956,,toilets,135.3849984,34.6519692,Point,"{""access"":""yes"",""amenity"":""toilets"",""capacity:female"":""10"",""capacity:male"":""10"",""capacity:unisex"":""2"",""changing_table"":""yes"",""check_date"":""2025-06-16"",""toilets:disposal"":""flush""}",toilets,,,,,,,
node/12778375958,,,135.384978,34.6519343,Point,"{""entrance"":""yes""}",,,,,,,,
node/12778375959,,,135.3850638,34.6519133,Point,"{""entrance"":""main""}",,,,,,,,
node/12778375960,,,135.3851386,34.651895,Point,"{""entrance"":""main""}",,,,,,,,
node/12778375961,,,135.3852613,34.6518649,Point,"{""entrance"":""main""}",,,,,,,,
node/12778375962,リングサイド マーケットプレイス東,information,135.3851377,34.6517965,Point,"{""information"":""board"",""name"":""リングサイド マーケットプレイス東"",""tourism"":""information""}",,information,,,,,,
node/12778375963,インドカレーの店,restaurant,135.3852643,34.6519155,Point,"{""amenity"":""restaurant"",""check_date"":""2025-04-23"",""cuisine"":""indian"",""name"":""インドカレーの店"",""name:en"":""Indian Curry Shop"",""name:ja"":""インドカレーの店""}",restaurant,,,,,,,
node/12778384308,,,135.3855836,34.6516997,Point,"{""entrance"":""yes""}",,,,,,,,
node/12778384309,,,135.385693,34.6516729,Point,"{""entrance"":""yes""}",,,,,,,,
node/12778384310,PAULANER IMBISS,pub,135.385732,34.6517497,Point,"{""amenity"":""pub"",""check_date"":""2025-06-14"",""name"":""PAULANER IMBISS""}",pub,,,,,,,
node/12778387475,,waste_basket,135.3863082,34.6510764,Point,"{""amenity"":""waste_basket""}",waste_basket,,,,,,,
node/12778389746,,information,135.3862739,34.6512078,Point,"{""information"":""board"",""tourism"":""information""}",,information,,,,,,
node/12778389748,,,135.3863744,34.6511968,Point,"{""entrance"":""yes""}",,,,,,,,
node/12778389749,サービス施設,,135.3863739,34.6512603,Point,"{""check_date"":""2025-04-23"",""government"":""public_service"",""name"":""サービス施設"",""name:ja"":""サービス施設"",""office"":""government""}",,,,,,,,
node/12778389750,サントリー,vending_machine,135.3864215,34.6512308,Point,"{""amenity"":""vending_machine"",""brand"":""サントリー"",""brand:en"":""Suntory"",""brand:ja"":""サントリー"",""brand:wikidata"":""Q1345267"",""check_date"":""2025-04-23"",""name"":""サントリー"",""name:en"":""Suntory"",""name:ja"":""サントリー"",""vending"":""drinks""}",vending_machine,,,,,,,
node/12778389751,サントリー,vending_machine,135.3864314,34.6512528,Point,"{""amenity"":""vending_machine"",""brand"":""サントリー"",""brand:en"":""Suntory"",""brand:ja"":""サントリー"",""brand:wikidata"":""Q1345267"",""check_date"":""2025-04-23"",""name"":""サントリー"",""name:en"":""Suntory"",""name:ja"":""サントリー"",""vending"":""drinks""}",vending_machine,,,,,,,
node/12778389752,,,135.3864603,34.6512947,Point,"{""entrance"":""yes""}",,,,,,,,
node/12778389753,,,135.3864938,34.651383,Point,"{""entrance"":""yes""}",,,,,,,,
node/12778389754,,,135.3865073,34.6514186,Point,"{""entrance"":""yes""}",,,,,,,,
node/12778390616,,,135.3857583,34.6516569,Point,"{""entrance"":""yes""}",,,,,,,,
node/12778390617,,,135.385809,34.6515586,Point,"{""entrance"":""yes""}",,,,,,,,
node/12778390618,,,135.3859302,34.6515289,Point,"{""entrance"":""yes""}",,,,,,,,
node/12778390619,,,135.3860485,34.6514999,Point,"{""entrance"":""yes""}",,,,,,,,
node/12778390620,경복궁,restaurant,135.3859701,34.6516429,Point,"{""amenity"":""restaurant"",""check_date"":""2025-06-10"",""cuisine"":""korean"",""name"":""경복궁"",""name:en"":""GYEONGBOKGUNG"",""name:ja"":""ギョンボックン""}",restaurant,,,,,,,
node/12778390621,サイゴン屋台,restaurant,135.3860916,34.6516147,Point,"{""amenity"":""restaurant"",""check_date"":""2025-06-10"",""cuisine"":""vietnamese"",""name"":""サイゴン屋台""}",restaurant,,,,,,,
node/12778910573,,,135.3816443,34.6490878,Point,"{""entrance"":""main""}",,,,,,,,
node/12778910574,,,135.3816427,34.6491369,Point,"{""entrance"":""main""}",,,,,,,,
node/12778910575,,tree,135.3815999,34.6490208,Point,"{""natural"":""tree""}",,,,,,,,
node/12778910576,,tree,135.3815794,34.6492516,Point,"{""natural"":""tree""}",,,,,,,,
node/12778910581,,tree,135.3815781,34.6492864,Point,"{""natural"":""tree""}",,,,,,,,
node/12778910588,,tree,135.3815744,34.6493451,Point,"{""natural"":""tree""}",,,,,,,,
node/12778910599,,tree,135.3816438,34.6493416,Point,"{""natural"":""tree""}",,,,,,,,
node/12778971004,,tree,135.3816405,34.6493896,Point,"{""natural"":""tree""}",,,,,,,,
node/12786174285,MARUZEN JUNKUDO,gift,135.3898574,34.6494493,Point,"{""branch"":""東ゲート店"",""check_date"":""2025-04-25"",""name"":""MARUZEN JUNKUDO"",""name:ja"":""丸善ジュンク堂"",""shop"":""gift""}",,,gift,,,,,
node/12787295228,,tree,135.3885381,34.6505918,Point,"{""natural"":""tree""}",,,,,,,,
node/12787295229,,tree,135.3886745,34.6505025,Point,"{""natural"":""tree""}",,,,,,,,
node/12787295230,,tree,135.3887041,34.6504818,Point,"{""natural"":""tree""}",,,,,,,,
node/12787521961,,drinking_water,135.378901,34.6516777,Point,"{""amenity"":""drinking_water""}",drinking_water,,,,,,,
node/12787530886,風の広場,information,135.3761618,34.6533013,Point,"{""information"":""board"",""name"":""風の広場"",""tourism"":""information""}",,information,,,,,,
node/12787535663,,drinking_water,135.3755718,34.6517245,Point,"{""amenity"":""drinking_water"",""bottle"":""yes""}",drinking_water,,,,,,,
node/12787542830,,drinking_water,135.377017,34.6527325,Point,"{""amenity"":""drinking_water"",""bottle"":""yes""}",drinking_water,,,,,,,
node/12787542860,,drinking_water,135.3764386,34.6524316,Point,"{""amenity"":""drinking_water"",""bottle"":""no""}",drinking_water,,,,,,,
node/12787542861,,waste_basket,135.37641,34.6524421,Point,"{""amenity"":""waste_basket""}",waste_basket,,,,,,,
node/12787549270,,luggage_locker,135.378946,34.6515076,Point,"{""amenity"":""luggage_locker"",""check_date"":""2025-04-26""}",luggage_locker,,,,,,,
node/12787560606,,,135.3772919,34.653089,Point,"{""entrance"":""yes""}",,,,,,,,
node/12787560607,,,135.3773122,34.6531136,Point,"{""entrance"":""yes""}",,,,,,,,
node/12787560608,,,135.3771681,34.6529383,Point,"{""entrance"":""yes""}",,,,,,,,
node/12787560925,,,135.3773361,34.6531427,Point,"{""entrance"":""yes""}",,,,,,,,
node/12787562931,キリンビバレッジ,vending_machine,135.3770066,34.6527139,Point,"{""alt_name"":""キリンBV"",""amenity"":""vending_machine"",""brand"":""キリンビバレッジ"",""brand:en"":""Kirin Beverage"",""brand:ja"":""キリンビバレッジ"",""brand:wikidata"":""Q1833953"",""check_date"":""2025-04-26"",""drink:tea"":""yes"",""name"":""キリンビバレッジ"",""name:en"":""Kirin Beverage"",""name:ja"":""キリンビバレッジ"",""vending"":""drinks""}",vending_machine,,,,,,,
node/12787562932,,artwork,135.3768988,34.6514113,Point,"{""artwork_type"":""painting"",""description"":""Goodbye / Welcome\nこみゃく"",""tourism"":""artwork""}",,artwork,,,,,,
node/12787566292,パーソナルモビリティ西ゲート貸出所,,135.3759604,34.6513001,Point,"{""check_date"":""2025-04-26"",""government"":""public_service"",""name"":""パーソナルモビリティ西ゲート貸出所"",""office"":""government""}",,,,,,,,
node/12787566293,,,135.3761094,34.6512844,Point,"{""entrance"":""yes""}",,,,,,,,
node/12787566294,,,135.3759227,34.6513873,Point,"{""entrance"":""yes""}",,,,,,,,
node/12787587696,希望の系譜,artwork,135.3762849,34.651939,Point,"{""artist_name"":""BAKIBAKI"",""artwork_type"":""mural"",""name"":""希望の系譜"",""tourism"":""artwork""}",,artwork,,,,,,
node/12787591531,,tree,135.3767975,34.6511709,Point,"{""natural"":""tree""}",,,,,,,,
node/12787591532,,,135.3767175,34.6509487,Point,"{""entrance"":""yes""}",,,,,,,,
node/12787591533,関西マルシェ いちびり庵,gift,135.3766973,34.6509363,Point,"{""check_date"":""2025-04-26"",""name"":""関西マルシェ いちびり庵"",""shop"":""gift""}",,,gift,,,,,
node/12787591534,,,135.376532,34.6510511,Point,"{""entrance"":""yes""}",,,,,,,,
node/12787591535,,,135.3764692,34.6510858,Point,"{""entrance"":""yes""}",,,,,,,,
node/12787591536,セブン-イレブン,convenience,135.3763913,34.65109,Point,"{""brand"":""7-ELEVEN"",""brand:en"":""7-ELEVEN"",""brand:ja"":""セブン-イレブン"",""brand:wikidata"":""Q259340"",""check_date"":""2025-04-26"",""name"":""セブン-イレブン"",""name:en"":""7-Eleven"",""name:ja"":""セブン-イレブン"",""official_name:en"":""Seven-Eleven"",""shop"":""convenience""}",,,convenience,,,,,
node/12787591537,,,135.376363,34.6511445,Point,"{""entrance"":""yes""}",,,,,,,,
node/12787591538,,,135.376275,34.6511931,Point,"{""entrance"":""yes""}",,,,,,,,
node/12787594860,,bench,135.3756467,34.6536872,Point,"{""amenity"":""bench""}",bench,,,,,,,
node/12787594873,L01 ギャラリーWEST,information,135.3763307,34.6542585,Point,"{""information"":""board"",""name"":""L01 ギャラリーWEST"",""tourism"":""information""}",,information,,,,,,
node/12787606806,,information,135.3763547,34.6531405,Point,"{""information"":""map"",""tourism"":""information""}",,information,,,,,,
node/12787606855,Moonshot Park,exhibition_centre,135.3770672,34.6547643,Point,"{""amenity"":""exhibition_centre"",""check_date"":""2025-08-14"",""name"":""Moonshot Park""}",exhibition_centre,,,,,,,
node/12787606857,,,135.376878,34.6547013,Point,"{""entrance"":""yes""}",,,,,,,,
node/12787606859,,,135.3768995,34.6546317,Point,"{""entrance"":""yes""}",,,,,,,,
node/12787606864,,,135.3769819,34.6546333,Point,"{""entrance"":""yes""}",,,,,,,,
node/12787607160,,information,135.3765263,34.654586,Point,"{""information"":""map"",""tourism"":""information""}",,information,,,,,,
node/12787608976,"The Woman with Terrestrial Malady ""LEM""",artwork,135.3764849,34.6545168,Point,"{""artist_name"":""REMA"",""artwork_type"":""statue"",""name"":""The Woman with Terrestrial Malady \""LEM\"""",""tourism"":""artwork""}",,artwork,,,,,,
node/12787609780,,shelter,135.3759223,34.6535335,Point,"{""amenity"":""shelter"",""shelter_type"":""picnic_shelter""}",shelter,,,,,,,
node/12787609781,,waste_basket,135.3758432,34.6535806,Point,"{""amenity"":""waste_basket""}",waste_basket,,,,,,,
node/12787609782,,drinking_water,135.3759276,34.6535932,Point,"{""amenity"":""drinking_water""}",drinking_water,,,,,,,
node/12787617820,,,135.3763399,34.6537074,Point,"{""entrance"":""yes""}",,,,,,,,
node/12787622266,,information,135.3767309,34.6546937,Point,"{""information"":""map"",""tourism"":""information""}",,information,,,,,,
node/12787631841,,,135.3770017,34.6547649,Point,"{""entrance"":""yes""}",,,,,,,,
node/12787640721,,,135.3769669,34.6546001,Point,"{""entrance"":""yes""}",,,,,,,,
node/12787654209,D棟,exhibition_centre,135.3770787,34.6546565,Point,"{""amenity"":""exhibition_centre"",""check_date"":""2025-10-13"",""name"":""D棟""}",exhibition_centre,,,,,,,
node/12787663375,JAXA,exhibition_centre,135.3769789,34.6545188,Point,"{""amenity"":""exhibition_centre"",""check_date"":""2025-10-13"",""name"":""JAXA""}",exhibition_centre,,,,,,,
node/12787666939,海の記憶: 喜界島 サンゴの方舟,artwork,135.3762683,34.6535412,Point,"{""name"":""海の記憶: 喜界島 サンゴの方舟"",""tourism"":""artwork""}",,artwork,,,,,,
node/12787666940,風の広場 マーケットプレイスA,information,135.3764041,34.6526869,Point,"{""information"":""board"",""name"":""風の広場 マーケットプレイスA"",""name:ja"":""風の広場 マーケットプレイスA"",""tourism"":""information""}",,information,,,,,,
node/12787675358,Zero Gravity Art,exhibition_centre,135.376841,34.6544778,Point,"{""amenity"":""exhibition_centre"",""check_date"":""2025-08-14"",""name"":""Zero Gravity Art""}",exhibition_centre,,,,,,,
node/12787675359,メタバース推進協議会,exhibition_centre,135.3768951,34.6544655,Point,"{""amenity"":""exhibition_centre"",""check_date"":""2025-08-14"",""name"":""メタバース推進協議会""}",exhibition_centre,,,,,,,
node/12787683223,Asia 物産,gift,135.3766868,34.6528618,Point,"{""check_date"":""2025-04-26"",""name"":""Asia 物産"",""name:ja"":""アジア物産"",""shop"":""gift""}",,,gift,,,,,
node/12787683227,,,135.3798808,34.6510013,Point,"{""entrance"":""yes""}",,,,,,,,
node/12787687195,大塚食品,vending_machine,135.3768331,34.6549549,Point,"{""amenity"":""vending_machine"",""brand"":""大塚"",""brand:en"":""Otsuka"",""brand:ja"":""大塚"",""brand:wikidata"":""Q11434124"",""check_date"":""2025-04-26"",""name"":""大塚食品"",""name:en"":""Otsuka Foods"",""name:ja"":""大塚食品"",""vending"":""food""}",vending_machine,,,,,,,
node/12787687196,伊藤園,vending_machine,135.3768056,34.6549193,Point,"{""alt_name:en"":""ITOEN"",""amenity"":""vending_machine"",""brand"":""伊藤園"",""brand:en"":""Ito En"",""brand:ja"":""伊藤園"",""brand:wikidata"":""Q3079325"",""check_date"":""2025-04-26"",""drink:tea"":""yes"",""name"":""伊藤園"",""name:en"":""Ito En"",""name:ja"":""伊藤園"",""vending"":""drinks""}",vending_machine,,,,,,,
node/12787687498,,waste_basket,135.3767655,34.654896,Point,"{""amenity"":""waste_basket""}",waste_basket,,,,,,,
node/12787694666,海の記憶: 喜界島 サンゴの方舟,information,135.3762283,34.6535413,Point,"{""information"":""board"",""name"":""海の記憶: 喜界島 サンゴの方舟"",""tourism"":""information""}",,information,,,,,,
node/12787699004,,,135.376834,34.6551688,Point,"{""entrance"":""yes""}",,,,,,,,
node/12787701836,,drinking_water,135.3766314,34.6533246,Point,"{""amenity"":""drinking_water""}",drinking_water,,,,,,,
node/12787701837,,,135.3769359,34.6534322,Point,"{""entrance"":""yes""}",,,,,,,,
node/12787701838,,,135.3768376,34.6533126,Point,"{""entrance"":""yes""}",,,,,,,,
node/12787702955,OFFICIAL STORE 西ゲート店 JR西日本グループ,gift,135.3774787,34.6506545,Point,"{""check_date"":""2025-04-26"",""name"":""OFFICIAL STORE 西ゲート店 JR西日本グループ"",""shop"":""gift""}",,,gift,,,,,
node/12787707028,,,135.3766386,34.6530185,Point,"{""entrance"":""yes""}",,,,,,,,
node/12787707029,,,135.3766043,34.6529451,Point,"{""entrance"":""yes""}",,,,,,,,
node/12787707030,Souvenir JAPAN,gift,135.3767158,34.6529291,Point,"{""check_date"":""2025-04-26"",""name"":""Souvenir JAPAN"",""name:en"":""Souvenir JAPAN"",""name:ja"":""スーベニア ジャパン"",""shop"":""gift""}",,,gift,,,,,
node/12787710858,,waste_basket,135.3758221,34.6519286,Point,"{""amenity"":""waste_basket""}",waste_basket,,,,,,,
node/12787712300,風の広場 マーケットプレイスB,information,135.3766787,34.6531514,Point,"{""information"":""board"",""name"":""風の広場 マーケットプレイスB"",""tourism"":""information""}",,information,,,,,,
node/12787722261,アカカベ,chemist,135.3764581,34.6535425,Point,"{""check_date"":""2025-04-26"",""name"":""アカカベ"",""name:ja"":""アカカベ"",""shop"":""chemist""}",,,chemist,,,,,
node/12787722262,風の広場 マーケットプレイスC,information,135.3763742,34.6534973,Point,"{""information"":""board"",""name"":""風の広場 マーケットプレイスC"",""tourism"":""information""}",,information,,,,,,
node/12787722263,,,135.3764346,34.6535123,Point,"{""entrance"":""yes""}",,,,,,,,
node/12787722264,,,135.3764946,34.6534793,Point,"{""entrance"":""yes""}",,,,,,,,
node/12787722265,,,135.3765491,34.6534494,Point,"{""entrance"":""yes""}",,,,,,,,
node/12787722266,牛カツ京都 勝牛,restaurant,135.3765496,34.6534972,Point,"{""amenity"":""restaurant"",""check_date"":""2025-04-26"",""cuisine"":""japanese;friture;gyukatsu"",""name"":""牛カツ京都 勝牛""}",restaurant,,,,,,,
node/12787726806,,,135.3758038,34.6522441,Point,"{""entrance"":""yes""}",,,,,,,,
node/12787729641,,,135.3768139,34.6508955,Point,"{""entrance"":""yes""}",,,,,,,,
node/12787729642,神戸養蜂場,restaurant,135.3769617,34.650763,Point,"{""amenity"":""restaurant"",""check_date"":""2025-04-26"",""name"":""神戸養蜂場""}",restaurant,,,,,,,
node/12787729662,EXPO2025 WEST郵便局,post_office,135.3785746,34.6505019,Point,"{""addr:city"":""大阪市"",""addr:neighbourhood"":""夢洲中一丁目地先"",""addr:postcode"":""554-8089"",""addr:province"":""大阪府"",""addr:suburb"":""此花区"",""amenity"":""post_office"",""check_date"":""2025-04-26"",""mapillary"":""1446352413397008"",""name"":""EXPO2025 WEST郵便局"",""name:en"":""EXPO2025 WEST Post Office"",""name:es"":""Oficina de Correos de EXPO2025 WEST"",""name:ja"":""EXPO2025 WEST郵便局"",""name:ja-Hira"":""えきすぽ にーぜろにーごうえすと ゆうびんきょく"",""name:pt"":""Correio de EXPO2025 WEST"",""opening_hours"":""Mo-Su 09:00-19:00"",""operator"":""日本郵便"",""operator:en"":""Japan Post"",""operator:ja"":""日本郵便"",""operator:short"":""郵便局"",""operator:short:en"":""JP"",""operator:short:ja"":""郵便局"",""operator:wikidata"":""Q11509260"",""phone"":""+81-6-6743-4091""}",post_office,,,,,Mo-Su 09:00-19:00,,
node/12787730337,,,135.3770101,34.6507871,Point,"{""entrance"":""yes""}",,,,,,,,
node/12787730338,のり結び,restaurant,135.3771878,34.6506694,Point,"{""amenity"":""restaurant"",""check_date"":""2025-04-26"",""name"":""のり結び""}",restaurant,,,,,,,
node/12787731301,,,135.3767902,34.6530337,Point,"{""entrance"":""yes""}",,,,,,,,
node/12787732530,,,135.3775872,34.6506765,Point,"{""entrance"":""yes"",""exit"":""no""}",,,,,,,,
node/12787732531,,,135.377694,34.6506635,Point,"{""entrance"":""exit""}",,,,,,,,
node/12787732532,OFFICIAL STORE 西ゲート店 KINTETSU,gift,135.3778609,34.6506136,Point,"{""check_date"":""2025-04-26"",""mapillary"":""1019294876545398"",""name"":""OFFICIAL STORE 西ゲート店 KINTETSU"",""shop"":""gift""}",,,gift,,,,,
node/12787733558,,,135.3780483,34.6506203,Point,"{""entrance"":""yes"",""exit"":""no""}",,,,,,,,
node/12787733560,,,135.3782023,34.650601,Point,"{""entrance"":""yes""}",,,,,,,,
node/12787745000,,,135.3771904,34.6507249,Point,"{""entrance"":""yes""}",,,,,,,,
node/12787755401,,,135.3773225,34.6507088,Point,"{""entrance"":""exit""}",,,,,,,,
node/12787761612,,waste_basket,135.3782862,34.6506724,Point,"{""amenity"":""waste_basket""}",waste_basket,,,,,,,
node/12787761613,ヤマト運輸,,135.3783918,34.6505252,Point,"{""branch"":""宅配・手荷物預かり西ゲート店"",""brand"":""ヤマト運輸"",""check_date"":""2025-06-27"",""mapillary"":""718915177228798"",""name"":""ヤマト運輸"",""name:en"":""YAMATO TRANSPORT"",""name:ja"":""ヤマト運輸"",""name:ja-Latn"":""Yamato Unyu"",""office"":""courier"",""opening_hours"":""Mo-Fr 09:00-21:00"",""operator"":""ヤマト運輸"",""operator:en"":""Yamato Transport"",""operator:ja"":""ヤマト運輸"",""operator:wikidata"":""Q6584353""}",,,,,,Mo-Fr 09:00-21:00,,
node/12787761614,,,135.3784177,34.6505752,Point,"{""entrance"":""yes""}",,,,,,,,
node/12787761615,,,135.3785099,34.6505641,Point,"{""entrance"":""yes""}",,,,,,,,
node/12787761616,,,135.3786748,34.6505444,Point,"{""entrance"":""yes""}",,,,,,,,
node/12787766417,,information,135.379842,34.650398,Point,"{""information"":""guidepost"",""tourism"":""information""}",,information,,,,,,
node/12787767359,,drinking_water,135.3788961,34.6505187,Point,"{""amenity"":""drinking_water"",""bottle"":""yes""}",drinking_water,,,,,,,
node/12787767360,コカ・コーラ,vending_machine,135.378895,34.6505089,Point,"{""amenity"":""vending_machine"",""brand"":""コカ・コーラ"",""brand:en"":""Coca-Cola"",""brand:ja"":""コカ・コーラ"",""brand:wikidata"":""Q2813"",""check_date"":""2025-04-26"",""drink:cola"":""yes"",""name"":""コカ・コーラ"",""name:en"":""Coca-Cola"",""name:ja"":""コカ・コーラ"",""vending"":""drinks""}",vending_machine,,,,,,,
node/12787767361,アサヒ飲料,vending_machine,135.3788937,34.6504994,Point,"{""amenity"":""vending_machine"",""brand"":""Asahi SOFT DRINKS"",""brand:en"":""Asahi SOFT DRINKS"",""brand:ja"":""アサヒ飲料"",""brand:wikidata"":""Q1833890"",""check_date"":""2025-04-26"",""name"":""アサヒ飲料"",""name:en"":""Asahi Soft Drinks"",""name:ja"":""アサヒ飲料"",""short_name:en"":""Asahi"",""vending"":""drinks""}",vending_machine,,,,,,,
node/12787767362,キリンビバレッジ,vending_machine,135.378892,34.6504891,Point,"{""alt_name"":""キリンBV"",""amenity"":""vending_machine"",""brand"":""キリンビバレッジ"",""brand:en"":""Kirin Beverage"",""brand:ja"":""キリンビバレッジ"",""brand:wikidata"":""Q1833953"",""check_date"":""2025-04-26"",""drink:tea"":""yes"",""name"":""キリンビバレッジ"",""name:en"":""Kirin Beverage"",""name:ja"":""キリンビバレッジ"",""vending"":""drinks""}",vending_machine,,,,,,,
node/12787767363,大塚食品,vending_machine,135.37889,34.6504765,Point,"{""amenity"":""vending_machine"",""brand"":""大塚"",""brand:en"":""Otsuka"",""brand:ja"":""大塚"",""brand:wikidata"":""Q11434124"",""check_date"":""2025-04-26"",""name"":""大塚食品"",""name:en"":""Otsuka Foods"",""name:ja"":""大塚食品"",""vending"":""food""}",vending_machine,,,,,,,
node/12787767364,コカ・コーラ,vending_machine,135.3788884,34.6504658,Point,"{""amenity"":""vending_machine"",""brand"":""コカ・コーラ"",""brand:en"":""Coca-Cola"",""brand:ja"":""コカ・コーラ"",""brand:wikidata"":""Q2813"",""check_date"":""2025-04-26"",""drink:cola"":""yes"",""name"":""コカ・コーラ"",""name:en"":""Coca-Cola"",""name:ja"":""コカ・コーラ"",""vending"":""drinks""}",vending_machine,,,,,,,
node/12787767365,アサヒ飲料,vending_machine,135.3788871,34.6504559,Point,"{""amenity"":""vending_machine"",""brand"":""Asahi SOFT DRINKS"",""brand:en"":""Asahi SOFT DRINKS"",""brand:ja"":""アサヒ飲料"",""brand:wikidata"":""Q1833890"",""check_date"":""2025-04-26"",""name"":""アサヒ飲料"",""name:en"":""Asahi Soft Drinks"",""name:ja"":""アサヒ飲料"",""short_name:en"":""Asahi"",""vending"":""drinks""}",vending_machine,,,,,,,
node/12787767366,キリンビバレッジ,vending_machine,135.3788857,34.6504426,Point,"{""alt_name"":""キリンBV"",""amenity"":""vending_machine"",""brand"":""キリンビバレッジ"",""brand:en"":""Kirin Beverage"",""brand:ja"":""キリンビバレッジ"",""brand:wikidata"":""Q1833953"",""check_date"":""2025-04-26"",""drink:tea"":""yes"",""name"":""キリンビバレッジ"",""name:en"":""Kirin Beverage"",""name:ja"":""キリンビバレッジ"",""vending"":""drinks""}",vending_machine,,,,,,,
node/12787767367,大塚食品,vending_machine,135.3788839,34.6504288,Point,"{""amenity"":""vending_machine"",""brand"":""大塚"",""brand:en"":""Otsuka"",""brand:ja"":""大塚"",""brand:wikidata"":""Q11434124"",""check_date"":""2025-04-26"",""name"":""大塚食品"",""name:en"":""Otsuka Foods"",""name:ja"":""大塚食品"",""vending"":""food""}",vending_machine,,,,,,,
node/12787770828,,artwork,135.3795725,34.6506439,Point,"{""artwork_type"":""statue"",""description"":""ミャクミャクモニュメント「ワクワク」"",""tourism"":""artwork"",""wikimedia_commons"":""File:ミャクミャクと大屋根リング.jpg""}",,artwork,,,,,,
node/12787771671,,,135.3797389,34.6500513,Point,"{""entrance"":""yes""}",,,,,,,,
node/12787771672,,,135.3798033,34.6502053,Point,"{""entrance"":""yes""}",,,,,,,,
node/12787772783,,information,135.3792163,34.6506633,Point,"{""information"":""map"",""tourism"":""information""}",,information,,,,,,
node/12787775659,,waste_basket,135.3797165,34.6494368,Point,"{""amenity"":""waste_basket""}",waste_basket,,,,,,,
node/12787778371,,,135.3802694,34.6487051,Point,"{""entrance"":""main""}",,,,,,,,
node/12787800528,スーダン,exhibition_centre,135.3811384,34.6488987,Point,"{""wikimedia_commons"":""File:Expo 2025 Sudan Pavilion Booth (Commons D Pavilion) 01.JPG"",""amenity"":""exhibition_centre"",""check_date"":""2025-08-20"",""country"":""SD"",""name"":""スーダン"",""website"":""https://www.expo2025.or.jp/official-participant/sudan/"",""reservation"":""no""}",exhibition_centre,,,SD,,,https://www.expo2025.or.jp/official-participant/sudan/,
node/12787826658,共生,artwork,135.3849553,34.6496761,Point,"{""artist_name"":""conix"",""artwork_type"":""mural"",""name"":""共生"",""tourism"":""artwork""}",,artwork,,,,,,
node/12787826663,,,135.3851289,34.6499427,Point,"{""entrance"":""yes""}",,,,,,,,
node/12787826664,,,135.3848363,34.6499648,Point,"{""entrance"":""yes""}",,,,,,,,
node/12787826665,,,135.3850045,34.6496844,Point,"{""entrance"":""yes""}",,,,,,,,
node/12787826666,,,135.3851649,34.6497114,Point,"{""entrance"":""yes""}",,,,,,,,
node/12787826667,,,135.3848452,34.6496576,Point,"{""entrance"":""yes""}",,,,,,,,
node/12787826668,,,135.3846845,34.6496306,Point,"{""entrance"":""yes""}",,,,,,,,
node/12787826669,空飛ぶクルマ ステーション,exhibition_centre,135.3850326,34.6495757,Point,"{""wikimedia_commons"":""File:Expo 2025 Advanced Air Mobility Station 01.JPG"",""amenity"":""exhibition_centre"",""check_date"":""2025-10-29"",""name"":""空飛ぶクルマ ステーション"",""name:ja"":""空飛ぶクルマ ステーション"",""ref"":""P07"",""reservation"":""yes"",""website"":""https://www.expo2025.or.jp/future-index/smart-mobility/advanced-air-mobility/"",""wikidata"":""Q136565327""}",exhibition_centre,,,,,,https://www.expo2025.or.jp/future-index/smart-mobility/advanced-air-mobility/,Q136565327
node/12787831541,,toilets,135.3841143,34.6495386,Point,"{""amenity"":""toilets"",""check_date"":""2025-04-26"",""female"":""yes"",""wheelchair"":""no""}",toilets,,,,no,,,
node/12787837789,,waste_basket,135.3863418,34.6507404,Point,"{""amenity"":""waste_basket""}",waste_basket,,,,,,,
node/12787857980,カームダウン・クールダウンルーム,,135.3841566,34.6493661,Point,"{""check_date"":""2025-04-26"",""government"":""public_service"",""name"":""カームダウン・クールダウンルーム"",""name:ja"":""カームダウン・クールダウンルーム"",""office"":""government""}",,,,,,,,
node/12787874092,MAGNUS RINN/輪,artwork,135.3864207,34.6500624,Point,"{""artist_name"":""Joseph Walsh"",""artwork_type"":""sculpture"",""name"":""MAGNUS RINN/輪"",""tourism"":""artwork""}",,artwork,,,,,,
node/12790712841,,,135.380318,34.6491372,Point,"{""entrance"":""main""}",,,,,,,,
node/12790712843,当日登録センター,,135.3843069,34.6478155,Point,"{""government"":""public_service"",""name"":""当日登録センター"",""name:en"":""Pavillion and event On-Site registration/Tax Refund center"",""name:ja"":""当日登録センター"",""office"":""government"",""ref"":""P32"",""website"":""https://www.expo2025.or.jp/tickets-index/reservation/""}",,,,,,,https://www.expo2025.or.jp/tickets-index/reservation/,
node/12790712844,国際赤十字・赤新月運動,exhibition_centre,135.3841625,34.6478515,Point,"{""wikimedia_commons"":""File:Expo 2025 International Red Cross and Red Crescent Movement Pavilion 01.jpg"",""amenity"":""exhibition_centre"",""name"":""国際赤十字・赤新月運動"",""name:en"":""International Red Cross and Red Crescent Movement"",""name:ja"":""国際赤十字・赤新月運動"",""ref"":""P31"",""reservation"":""recommended"",""website"":""https://www.expo2025.or.jp/official-participant/ircandrcm/"",""wikidata"":""Q136565435""}",exhibition_centre,,,,,,https://www.expo2025.or.jp/official-participant/ircandrcm/,Q136565435
node/12790712845,国連パビリオン,exhibition_centre,135.3840181,34.6478875,Point,"{""wikimedia_commons"":""File:Expo 2025 UN Pavilion 01.jpg"",""alt_name"":""国際連合パビリオン"",""amenity"":""exhibition_centre"",""loc_name"":""国際連合"",""name"":""国連パビリオン"",""name:en"":""The United Nations"",""name:ja"":""国連パビリオン"",""ref"":""P30"",""reservation"":""recommended"",""short_name"":""国連館"",""website"":""https://www.un.org/expo2025/ja"",""wikidata"":""Q10872756""}",exhibition_centre,,,,,,https://www.un.org/expo2025/ja,Q10872756
node/12790712846,国際機関館,exhibition_centre,135.3838737,34.6479236,Point,"{""alt_name"":""国際機関パビリオン"",""amenity"":""exhibition_centre"",""name"":""国際機関館"",""name:en"":""International Organizations Pavilion"",""name:ja"":""国際機関館"",""ref"":""P29"",""reservation"":""no"",""wikidata"":""Q136595576""}",exhibition_centre,,,,,,,Q136595576
node/12790713261,,,135.3841226,34.6495495,Point,"{""entrance"":""yes""}",,,,,,,,
node/12790713262,,,135.3840933,34.6495395,Point,"{""entrance"":""yes""}",,,,,,,,
node/12790713263,,,135.3840618,34.6495368,Point,"{""entrance"":""yes""}",,,,,,,,
node/12790713265,,,135.3841356,34.649557,Point,"{""entrance"":""yes""}",,,,,,,,
node/12790713266,,,135.3841084,34.6495436,Point,"{""entrance"":""yes""}",,,,,,,,
node/12790713267,,,135.3840777,34.6495372,Point,"{""entrance"":""yes""}",,,,,,,,
node/12790713290,ヨルダンパビリオン,exhibition_centre,135.384713,34.6495211,Point,"{""wikimedia_commons"":""File:Expo 2025 Jordan Pavilion 01.JPG"",""alt_name"":""ヨルダン館"",""amenity"":""exhibition_centre"",""country"":""JO"",""name"":""ヨルダンパビリオン"",""website"":""https://www.expo2025.or.jp/official-participant/jordan/"",""name:en"":""Jordan Pavilion"",""name:ja"":""ヨルダンパビリオン"",""ref"":""P04"",""reservation"":""no"",""wikidata"":""Q136564649""}",exhibition_centre,,,JO,,,https://www.expo2025.or.jp/official-participant/jordan/,Q136564649
node/12790713291,ペルーパビリオン,exhibition_centre,135.3848728,34.6495484,Point,"{""wikimedia_commons"":""File:Expo 2025 Peru Pavilion 01.JPG"",""alt_name"":""ペルー館"",""amenity"":""exhibition_centre"",""country"":""PE"",""name"":""ペルーパビリオン"",""website"":""https://www.expo2025.or.jp/official-participant/peru/"",""name:en"":""Peru Pavilion"",""name:ja"":""ペルーパビリオン"",""ref"":""P05"",""reservation"":""no"",""wikidata"":""Q136565058""}",exhibition_centre,,,PE,,,https://www.expo2025.or.jp/official-participant/peru/,Q136565058
node/12790713292,モザンビークパビリオン,exhibition_centre,135.3851928,34.6496033,Point,"{""wikimedia_commons"":""File:Expo 2025 Mozambique Pavilion 01.JPG"",""alt_name"":""モザンビーク館"",""amenity"":""exhibition_centre"",""check_date"":""2025-05-11"",""country"":""MZ"",""name"":""モザンビークパビリオン"",""website"":""https://www.expo2025.or.jp/official-participant/mozambique/"",""name:en"":""Mozambique Pavilion"",""name:ja"":""モザンビークパビリオン"",""ref"":""P08"",""reservation"":""no"",""wikidata"":""Q136564736""}",exhibition_centre,,,MZ,,,https://www.expo2025.or.jp/official-participant/mozambique/,Q136564736
node/12791229036,西ゲート施設案内所,information,135.37785,34.6512152,Point,"{""check_date"":""2025-04-20"",""government"":""public_service"",""information"":""office"",""name"":""西ゲート施設案内所"",""name:en"":""West Gate Information Center"",""name:ja"":""西ゲート施設案内所"",""office"":""government"",""tourism"":""information""}",,information,,,,,,
node/12791229038,,information,135.3867528,34.6473075,Point,"{""check_date"":""2025-09-04"",""information"":""office"",""tourism"":""information""}",,information,,,,,,
node/12791229039,,information,135.3862531,34.6512995,Point,"{""information"":""office"",""tourism"":""information""}",,information,,,,,,
node/12791229041,,information,135.3770479,34.6506652,Point,"{""information"":""office"",""tourism"":""information""}",,information,,,,,,
node/12791602000,リング東停留所,bus_stop,135.3862901,34.6465612,Point,"{""bus"":""yes"",""highway"":""bus_stop"",""name"":""リング東停留所"",""name:en"":""Grand Ring East Stop"",""name:ja"":""リング東停留所"",""public_transport"":""platform"",""ref"":""3""}",,,,,,,,
node/12791605901,西ゲート南停留所,bus_stop,135.3789157,34.6500047,Point,"{""bus"":""yes"",""highway"":""bus_stop"",""name"":""西ゲート南停留所"",""name:en"":""West Gate South Stop"",""name:ja"":""西ゲート南停留所"",""public_transport"":""platform"",""ref"":""2""}",,,,,,,,
node/12791632868,,information,135.3841549,34.6494731,Point,"{""information"":""office"",""tourism"":""information""}",,information,,,,,,
node/12794246296,東ゲート マーケットプレイス,information,135.3895731,34.6494985,Point,"{""information"":""board"",""name"":""東ゲート マーケットプレイス"",""tourism"":""information""}",,information,,,,,,
node/12794262272,,,135.3897164,34.6493786,Point,"{""entrance"":""yes""}",,,,,,,,
node/12794265188,WORLDSs,artwork,135.3898677,34.6497902,Point,"{""artist_name"":""みんな"",""artwork_type"":""mural"",""fixme"":""Please merge me into a nearby wall"",""name"":""WORLDSs"",""tourism"":""artwork""}",,artwork,,,,,,
node/12794276594,洋食KISSHO,restaurant,135.3816777,34.6521751,Point,"{""addr:floor"":""2"",""amenity"":""restaurant"",""check_date"":""2025-05-11"",""cuisine"":""curry;pasta"",""drink:coffee"":""yes"",""level"":""1"",""name"":""洋食KISSHO"",""name:ja"":""洋食KISSHO"",""opening_hours"":""11:00-19:00""}",restaurant,,,,,11:00-19:00,,
node/12794280398,ポップアウト,artwork,135.3893536,34.6510674,Point,"{""artist_name"":""サマーハウス"",""artwork_type"":""mural"",""name"":""ポップアウト"",""name:ja"":""ポップアウト"",""tourism"":""artwork""}",,artwork,,,,,,
node/12794344935,KANPAI SMILE BATON,pub,135.3868093,34.6507262,Point,"{""amenity"":""pub"",""check_date"":""2025-04-28"",""name"":""KANPAI SMILE BATON""}",pub,,,,,,,
node/12794345693,,,135.3871365,34.6512166,Point,"{""entrance"":""yes""}",,,,,,,,
node/12794345694,,,135.3869754,34.6512806,Point,"{""entrance"":""yes""}",,,,,,,,
node/12794346316,,artwork,135.3870488,34.6510535,Point,"{""artwork_type"":""statue"",""tourism"":""artwork""}",,artwork,,,,,,
node/12794521644,未来に繋がる森,information,135.3837501,34.649643,Point,"{""information"":""board"",""name"":""未来に繋がる森"",""tourism"":""information""}",,information,,,,,,
node/12794551267,,tree,135.3827151,34.6476872,Point,"{""natural"":""tree""}",,,,,,,,
node/12794551268,,tree,135.3826472,34.6476768,Point,"{""natural"":""tree""}",,,,,,,,
node/12794551269,,tree,135.3826035,34.6476516,Point,"{""natural"":""tree""}",,,,,,,,
node/12794551270,トイレ,information,135.38252,34.6476129,Point,"{""information"":""board"",""name"":""トイレ"",""tourism"":""information""}",,information,,,,,,
node/12794592083,,,135.3848272,34.6514434,Point,"{""entrance"":""yes""}",,,,,,,,
node/12794592084,,waste_basket,135.3852207,34.6515545,Point,"{""amenity"":""waste_basket""}",waste_basket,,,,,,,
node/12794592085,,restaurant,135.3842671,34.6508332,Point,"{""addr:floor"":""3"",""amenity"":""restaurant"",""check_date"":""2025-04-28"",""cuisine"":""アゼルバイジャン""}",restaurant,,,,,,,
node/12794602064,,tree,135.3832118,34.6474978,Point,"{""natural"":""tree""}",,,,,,,,
node/12794602065,,tree,135.3831828,34.6474681,Point,"{""natural"":""tree""}",,,,,,,,
node/12794602066,サントリー,vending_machine,135.383314,34.6473393,Point,"{""amenity"":""vending_machine"",""brand"":""サントリー"",""brand:en"":""Suntory"",""brand:ja"":""サントリー"",""brand:wikidata"":""Q1345267"",""check_date"":""2025-04-28"",""name"":""サントリー"",""name:en"":""Suntory"",""name:ja"":""サントリー"",""vending"":""drinks""}",vending_machine,,,,,,,
node/12794602067,サントリー,vending_machine,135.3833049,34.6473252,Point,"{""amenity"":""vending_machine"",""brand"":""サントリー"",""brand:en"":""Suntory"",""brand:ja"":""サントリー"",""brand:wikidata"":""Q1345267"",""check_date"":""2025-04-28"",""name"":""サントリー"",""name:en"":""Suntory"",""name:ja"":""サントリー"",""vending"":""drinks""}",vending_machine,,,,,,,
node/12794602068,サントリー,vending_machine,135.3832969,34.647313,Point,"{""amenity"":""vending_machine"",""brand"":""サントリー"",""brand:en"":""Suntory"",""brand:ja"":""サントリー"",""brand:wikidata"":""Q1345267"",""check_date"":""2025-04-28"",""name"":""サントリー"",""name:en"":""Suntory"",""name:ja"":""サントリー"",""vending"":""drinks""}",vending_machine,,,,,,,
node/12794602069,サントリー,vending_machine,135.383288,34.6472992,Point,"{""amenity"":""vending_machine"",""brand"":""サントリー"",""brand:en"":""Suntory"",""brand:ja"":""サントリー"",""brand:wikidata"":""Q1345267"",""check_date"":""2025-04-28"",""name"":""サントリー"",""name:en"":""Suntory"",""name:ja"":""サントリー"",""vending"":""drinks""}",vending_machine,,,,,,,
node/12794604228,,,135.3850358,34.6470419,Point,"{""entrance"":""yes""}",,,,,,,,
node/12794604229,,,135.3849787,34.6469853,Point,"{""entrance"":""yes""}",,,,,,,,
node/12794604230,,,135.3852032,34.6471036,Point,"{""entrance"":""yes""}",,,,,,,,
node/12794604231,,,135.3853399,34.6470416,Point,"{""entrance"":""yes""}",,,,,,,,
node/12794604232,,,135.3854229,34.6469398,Point,"{""entrance"":""yes""}",,,,,,,,
node/12794604233,ファミリーマート,convenience,135.385277,34.6470017,Point,"{""brand"":""FamilyMart"",""brand:en"":""FamilyMart"",""brand:ja"":""ファミリーマート"",""brand:wikidata"":""Q11247682"",""check_date"":""2025-04-28"",""name"":""ファミリーマート"",""name:en"":""FamilyMart"",""name:ja"":""ファミリーマート"",""shop"":""convenience""}",,,convenience,,,,,
node/12794604234,フェリシもっと,gift,135.3853512,34.6469147,Point,"{""check_date"":""2025-04-28"",""name"":""フェリシもっと"",""name:en"":""felissimore"",""name:ja"":""フェリシもっと"",""shop"":""gift""}",,,gift,,,,,
node/12794604825,トイレ6,toilets,135.3842835,34.6506338,Point,"{""amenity"":""toilets"",""check_date"":""2025-06-21"",""name"":""トイレ6"",""toilets:disposal"":""flush""}",toilets,,,,,,,
node/12794605468,いのち球,artwork,135.3827987,34.6481287,Point,"{""artwork_type"":""sculpture"",""name"":""いのち球"",""tourism"":""artwork""}",,artwork,,,,,,
node/12794608431,,tree,135.3827465,34.6477002,Point,"{""natural"":""tree""}",,,,,,,,
node/12794613560,anima harmonizer,artwork,135.3853779,34.646995,Point,"{""artist_name"":""ハシグチリンタロウ"",""artwork_type"":""mural"",""name"":""anima harmonizer"",""tourism"":""artwork""}",,artwork,,,,,,
node/12794619298,,restaurant,135.3837659,34.6475803,Point,"{""addr:floor"":""4"",""amenity"":""restaurant"",""check_date"":""2025-09-26"",""cuisine"":""czech"",""takeaway"":""yes""}",restaurant,,,,,,,
node/12794635766,,drinking_water,135.386754,34.6474769,Point,"{""access"":""yes"",""amenity"":""drinking_water"",""bottle"":""no"",""fee"":""no""}",drinking_water,,,,,,,
node/12794641612,,,135.3842165,34.6473087,Point,"{""entrance"":""yes""}",,,,,,,,
node/12794641613,,,135.3841303,34.6473304,Point,"{""entrance"":""yes""}",,,,,,,,
node/12794641614,ノルディック・ショップ,gift,135.384154,34.6473786,Point,"{""check_date"":""2025-04-28"",""name"":""ノルディック・ショップ"",""name:en"":""Nordic Shop"",""name:ja"":""ノルディック・ショップ"",""shop"":""gift""}",,,gift,,,,,
node/12794652099,ノルディック・フードバー,restaurant,135.3842346,34.6475589,Point,"{""amenity"":""restaurant"",""check_date"":""2025-08-05"",""cuisine"":""nordic;danish;swedish;waffle"",""drink:beer"":""yes"",""drink:coffee"":""yes"",""drink:wine"":""yes"",""level"":""2"",""name"":""ノルディック・フードバー"",""name:en"":""Nordic Foodbar"",""name:ja"":""ノルディック・フードバー"",""opening_hours"":""Mo-Fr 09:00-21:30"",""outdoor_seating"":""yes"",""reservation"":""no"",""toilets"":""yes"",""wheelchair"":""yes""}",restaurant,,,,yes,Mo-Fr 09:00-21:30,,
node/12794655863,,waste_basket,135.3867886,34.6474683,Point,"{""amenity"":""waste_basket""}",waste_basket,,,,,,,
node/12794660679,ミャクミャク ぬいぐるみくじ,gift,135.376595,34.652725,Point,"{""check_date"":""2025-07-18"",""name"":""ミャクミャク ぬいぐるみくじ"",""name:ja"":""ミャクミャク ぬいぐるみくじ"",""name:zh"":""脉脉玩偶签"",""shop"":""gift""}",,,gift,,,,,
node/12794662465,,information,135.3858439,34.6468623,Point,"{""information"":""map"",""tourism"":""information""}",,information,,,,,,
node/12794662466,,elevator,135.3860388,34.6468368,Point,"{""addr:floor"":""1;2"",""highway"":""elevator"",""level"":""0;1"",""ref"":""EV6""}",,,,,,,,
node/12794662467,,waste_basket,135.3860508,34.6469988,Point,"{""amenity"":""waste_basket""}",waste_basket,,,,,,,
node/12794666317,,,135.3866922,34.6472662,Point,"{""entrance"":""yes""}",,,,,,,,
node/12794666318,,,135.3867316,34.6473703,Point,"{""entrance"":""yes""}",,,,,,,,
node/12794666319,WORLD EXPO 2025,artwork,135.3868499,34.6473835,Point,"{""artist_name"":""COOK"",""artwork_type"":""mural"",""name"":""WORLD EXPO 2025"",""name:en"":""WORLD EXPO 2025"",""tourism"":""artwork""}",,artwork,,,,,,
node/12796986853,,drinking_water,135.3856777,34.6471182,Point,"{""amenity"":""drinking_water"",""bottle"":""no""}",drinking_water,,,,,,,
node/12796986854,,drinking_water,135.3865889,34.6497702,Point,"{""amenity"":""drinking_water""}",drinking_water,,,,,,,
node/12797219457,,,135.3769192,34.6545349,Point,"{""entrance"":""yes""}",,,,,,,,
node/12797219484,,,135.3770085,34.6546157,Point,"{""entrance"":""yes""}",,,,,,,,
node/12797219491,,,135.3769449,34.6545609,Point,"{""entrance"":""yes""}",,,,,,,,
node/12797219499,,,135.3768852,34.6545958,Point,"{""entrance"":""yes""}",,,,,,,,
node/12797220305,,tree,135.3863672,34.6500691,Point,"{""natural"":""tree""}",,,,,,,,
node/12797220306,,tree,135.3863213,34.6500192,Point,"{""natural"":""tree""}",,,,,,,,
node/12798155982,,,135.3834909,34.6491205,Point,"{""entrance"":""yes""}",,,,,,,,
node/12799770536,,,135.3853963,34.6496775,Point,"{""entrance"":""yes""}",,,,,,,,
node/12799770565,,,135.3847488,34.6474385,Point,"{""entrance"":""main""}",,,,,,,,
node/12799770576,,,135.3838943,34.64748,Point,"{""entrance"":""main""}",,,,,,,,
node/12800182775,,,135.3803501,34.6488611,Point,"{""entrance"":""main""}",,,,,,,,
node/12800209219,,,135.3839641,34.6510891,Point,"{""entrance"":""main""}",,,,,,,,
node/12800227407,,,135.3831059,34.6503432,Point,"{""entrance"":""yes""}",,,,,,,,
node/12800339931,,,135.3816601,34.6511565,Point,"{""entrance"":""yes""}",,,,,,,,
node/12800374492,,,135.3881811,34.6495724,Point,"{""entrance"":""main""}",,,,,,,,
node/12800374494,,,135.3873804,34.6488223,Point,"{""entrance"":""yes""}",,,,,,,,
node/12800513192,,,135.3780048,34.6510398,Point,"{""entrance"":""yes""}",,,,,,,,
node/12800513196,,,135.3777744,34.6511678,Point,"{""entrance"":""yes""}",,,,,,,,
node/12800513197,,artwork,135.378445,34.65092,Point,"{""artwork_type"":""statue"",""tourism"":""artwork""}",,artwork,,,,,,
node/12800513198,コカ・コーラ,vending_machine,135.3783095,34.6509604,Point,"{""amenity"":""vending_machine"",""brand"":""コカ・コーラ"",""brand:en"":""Coca-Cola"",""brand:ja"":""コカ・コーラ"",""brand:wikidata"":""Q2813"",""check_date"":""2025-05-04"",""drink:cola"":""yes"",""name"":""コカ・コーラ"",""name:en"":""Coca-Cola"",""name:ja"":""コカ・コーラ"",""vending"":""drinks""}",vending_machine,,,,,,,
node/12800513199,アサヒ飲料,vending_machine,135.3783289,34.6509594,Point,"{""amenity"":""vending_machine"",""brand"":""Asahi SOFT DRINKS"",""brand:en"":""Asahi SOFT DRINKS"",""brand:ja"":""アサヒ飲料"",""brand:wikidata"":""Q1833890"",""check_date"":""2025-05-04"",""name"":""アサヒ飲料"",""name:en"":""Asahi Soft Drinks"",""name:ja"":""アサヒ飲料"",""short_name:en"":""Asahi"",""vending"":""drinks""}",vending_machine,,,,,,,
node/12800513200,サントリー,vending_machine,135.3783483,34.6509583,Point,"{""amenity"":""vending_machine"",""brand"":""サントリー"",""brand:en"":""Suntory"",""brand:ja"":""サントリー"",""brand:wikidata"":""Q1345267"",""check_date"":""2025-05-04"",""name"":""サントリー"",""name:en"":""Suntory"",""name:ja"":""サントリー"",""vending"":""drinks""}",vending_machine,,,,,,,
node/12800544501,キリンビバレッジ,vending_machine,135.3783677,34.6509573,Point,"{""alt_name"":""キリンBV"",""amenity"":""vending_machine"",""brand"":""キリンビバレッジ"",""brand:en"":""Kirin Beverage"",""brand:ja"":""キリンビバレッジ"",""brand:wikidata"":""Q1833953"",""check_date"":""2025-05-04"",""drink:tea"":""yes"",""name"":""キリンビバレッジ"",""name:en"":""Kirin Beverage"",""name:ja"":""キリンビバレッジ"",""vending"":""drinks""}",vending_machine,,,,,,,
node/12800544502,大塚食品,vending_machine,135.3783871,34.6509562,Point,"{""amenity"":""vending_machine"",""brand"":""大塚"",""brand:en"":""Otsuka"",""brand:ja"":""大塚"",""brand:wikidata"":""Q11434124"",""check_date"":""2025-05-04"",""name"":""大塚食品"",""name:en"":""Otsuka Foods"",""name:ja"":""大塚食品"",""vending"":""food""}",vending_machine,,,,,,,
node/12800544503,伊藤園,vending_machine,135.3784065,34.6509552,Point,"{""alt_name:en"":""ITOEN"",""amenity"":""vending_machine"",""brand"":""伊藤園"",""brand:en"":""Ito En"",""brand:ja"":""伊藤園"",""brand:wikidata"":""Q3079325"",""check_date"":""2025-05-04"",""drink:tea"":""yes"",""name"":""伊藤園"",""name:en"":""Ito En"",""name:ja"":""伊藤園"",""vending"":""drinks""}",vending_machine,,,,,,,
node/12800544504,コカ・コーラ,vending_machine,135.3784259,34.6509542,Point,"{""amenity"":""vending_machine"",""brand"":""コカ・コーラ"",""brand:en"":""Coca-Cola"",""brand:ja"":""コカ・コーラ"",""brand:wikidata"":""Q2813"",""check_date"":""2025-05-04"",""drink:cola"":""yes"",""name"":""コカ・コーラ"",""name:en"":""Coca-Cola"",""name:ja"":""コカ・コーラ"",""vending"":""drinks""}",vending_machine,,,,,,,
node/12800544505,アサヒ飲料,vending_machine,135.3784453,34.6509531,Point,"{""amenity"":""vending_machine"",""brand"":""Asahi SOFT DRINKS"",""brand:en"":""Asahi SOFT DRINKS"",""brand:ja"":""アサヒ飲料"",""brand:wikidata"":""Q1833890"",""check_date"":""2025-05-04"",""name"":""アサヒ飲料"",""name:en"":""Asahi Soft Drinks"",""name:ja"":""アサヒ飲料"",""short_name:en"":""Asahi"",""vending"":""drinks""}",vending_machine,,,,,,,
node/12800544506,サントリー,vending_machine,135.3784646,34.6509521,Point,"{""amenity"":""vending_machine"",""brand"":""サントリー"",""brand:en"":""Suntory"",""brand:ja"":""サントリー"",""brand:wikidata"":""Q1345267"",""check_date"":""2025-05-04"",""name"":""サントリー"",""name:en"":""Suntory"",""name:ja"":""サントリー"",""vending"":""drinks""}",vending_machine,,,,,,,
node/12800544507,キリンビバレッジ,vending_machine,135.378484,34.650951,Point,"{""alt_name"":""キリンBV"",""amenity"":""vending_machine"",""brand"":""キリンビバレッジ"",""brand:en"":""Kirin Beverage"",""brand:ja"":""キリンビバレッジ"",""brand:wikidata"":""Q1833953"",""check_date"":""2025-05-04"",""drink:tea"":""yes"",""name"":""キリンビバレッジ"",""name:en"":""Kirin Beverage"",""name:ja"":""キリンビバレッジ"",""vending"":""drinks""}",vending_machine,,,,,,,
node/12800544508,伊藤園,vending_machine,135.3785034,34.6509499,Point,"{""alt_name:en"":""ITOEN"",""amenity"":""vending_machine"",""brand"":""伊藤園"",""brand:en"":""Ito En"",""brand:ja"":""伊藤園"",""brand:wikidata"":""Q3079325"",""check_date"":""2025-05-04"",""drink:tea"":""yes"",""name"":""伊藤園"",""name:en"":""Ito En"",""name:ja"":""伊藤園"",""vending"":""drinks""}",vending_machine,,,,,,,
node/12800544510,,,135.378788,34.6510721,Point,"{""entrance"":""yes""}",,,,,,,,
node/12800626920,,,135.3769279,34.6545204,Point,"{""entrance"":""yes""}",,,,,,,,
node/12801555821,,,135.3827795,34.6502939,Point,"{""entrance"":""yes""}",,,,,,,,
node/12801601088,,,135.3757348,34.6541865,Point,"{""entrance"":""yes""}",,,,,,,,
node/12801601092,,,135.3757212,34.6538086,Point,"{""entrance"":""yes""}",,,,,,,,
node/12801601095,,,135.375329,34.6534783,Point,"{""entrance"":""yes""}",,,,,,,,
node/12801601097,,,135.3752089,34.6535466,Point,"{""entrance"":""yes""}",,,,,,,,
node/12801604124,f fields,restaurant,135.3827445,34.6497793,Point,"{""amenity"":""restaurant"",""name"":""f fields""}",restaurant,,,,,,,
node/12801604125,とんかつ 乃ぐち,restaurant,135.3827694,34.6497187,Point,"{""amenity"":""restaurant"",""name"":""とんかつ 乃ぐち""}",restaurant,,,,,,,
node/12801604126,EARTH SWEETS,restaurant,135.3827942,34.649658,Point,"{""amenity"":""restaurant"",""name"":""EARTH SWEETS""}",restaurant,,,,,,,
node/12801604127,GF RAMEN LAB,restaurant,135.3828191,34.6495974,Point,"{""amenity"":""restaurant"",""name"":""GF RAMEN LAB""}",restaurant,,,,,,,
node/12801604128,テラス ニチレイ,restaurant,135.3828439,34.6495368,Point,"{""amenity"":""restaurant"",""name"":""テラス ニチレイ""}",restaurant,,,,,,,
node/12801604129,THEO'S CAFE,restaurant,135.3828688,34.6494761,Point,"{""amenity"":""restaurant"",""name"":""THEO'S CAFE""}",restaurant,,,,,,,
node/12801608480,,,135.3872593,34.6481088,Point,"{""entrance"":""yes""}",,,,,,,,
node/12801608483,,,135.3892854,34.649198,Point,"{""entrance"":""yes""}",,,,,,,,
node/12801608486,,,135.3888174,34.6491599,Point,"{""entrance"":""yes""}",,,,,,,,
node/12801608491,,,135.3898705,34.6493711,Point,"{""entrance"":""yes""}",,,,,,,,
node/12801619565,,,135.3827775,34.6493011,Point,"{""entrance"":""yes""}",,,,,,,,
node/12801619573,,,135.3830901,34.6488632,Point,"{""entrance"":""yes""}",,,,,,,,
node/12801619579,,,135.3843649,34.6505668,Point,"{""entrance"":""yes""}",,,,,,,,
node/12802108302,,,135.3763604,34.6540829,Point,"{""entrance"":""yes""}",,,,,,,,
node/12802108303,,toilets,135.3763452,34.6540692,Point,"{""access"":""yes"",""amenity"":""toilets"",""capacity:female"":""5"",""capacity:male"":""8"",""capacity:unisex"":""1"",""changing_table"":""yes"",""check_date"":""2025-05-17"",""fee"":""no"",""toilets:disposal"":""flush"",""toilets:handwashing"":""yes"",""wheelchair"":""yes""}",toilets,,,,yes,,,
node/12802712152,ギャラリー EAST,theatre,135.3863286,34.646727,Point,"{""amenity"":""theatre"",""check_date"":""2025-06-27"",""name"":""ギャラリー EAST"",""ref"":""E13""}",theatre,,,,,,,
node/12802712153,ポップアップステージ 南,stage,135.3860599,34.646697,Point,"{""amenity"":""stage"",""check_date"":""2025-05-28"",""name"":""ポップアップステージ 南"",""ref"":""E15""}",stage,,,,,,,
node/12803293795,22,information,135.3812642,34.6512763,Point,"{""board_type"":""traffic"",""information"":""board"",""name"":""22"",""tourism"":""information""}",,information,,,,,,
node/12803315427,,waste_basket,135.3818312,34.6515831,Point,"{""amenity"":""waste_basket""}",waste_basket,,,,,,,
node/12803328045,,information,135.3799832,34.649271,Point,"{""information"":""map"",""tourism"":""information""}",,information,,,,,,
node/12803331861,ラカント,fast_food,135.3814348,34.6516753,Point,"{""amenity"":""fast_food"",""check_date"":""2025-05-02"",""cuisine"":""sandwich"",""name"":""ラカント""}",fast_food,,,,,,,
node/12803337779,アンジャリ・ムドラー,artwork,135.3814645,34.6511001,Point,"{""artwork_type"":""statue"",""mapillary"":""1064838238840658"",""name"":""アンジャリ・ムドラー"",""name:en"":""Namaste Hands"",""tourism"":""artwork""}",,artwork,,,,,,
node/12803344528,,waste_basket,135.3840974,34.6503704,Point,"{""amenity"":""waste_basket""}",waste_basket,,,,,,,
node/12803344529,ランゴリRangoli,artwork,135.3815998,34.6511626,Point,"{""artwork_type"":""painting"",""name"":""ランゴリRangoli"",""tourism"":""artwork""}",,artwork,,,,,,
node/12803344530,砂岩の彫刻,artwork,135.3815021,34.6511288,Point,"{""artwork_type"":""sculpture"",""name"":""砂岩の彫刻"",""name:en"":""Sandstone Backlit Sculptures"",""tourism"":""artwork""}",,artwork,,,,,,
node/12803350023,11,information,135.3801521,34.6500215,Point,"{""board_type"":""traffic"",""information"":""board"",""name"":""11"",""tourism"":""information""}",,information,,,,,,
node/12803350024,,drinking_water,135.3801262,34.6499632,Point,"{""amenity"":""drinking_water"",""bottle"":""yes""}",drinking_water,,,,,,,
node/12803350025,サントリー,vending_machine,135.3801048,34.6499449,Point,"{""amenity"":""vending_machine"",""brand"":""サントリー"",""brand:en"":""Suntory"",""brand:ja"":""サントリー"",""brand:wikidata"":""Q1345267"",""check_date"":""2025-05-02"",""name"":""サントリー"",""name:en"":""Suntory"",""name:ja"":""サントリー"",""vending"":""drinks""}",vending_machine,,,,,,,
node/12803350026,サントリー,vending_machine,135.3801298,34.649938,Point,"{""amenity"":""vending_machine"",""brand"":""サントリー"",""brand:en"":""Suntory"",""brand:ja"":""サントリー"",""brand:wikidata"":""Q1345267"",""check_date"":""2025-05-02"",""name"":""サントリー"",""name:en"":""Suntory"",""name:ja"":""サントリー"",""vending"":""drinks""}",vending_machine,,,,,,,
node/12803350027,サントリー,vending_machine,135.3800988,34.6499294,Point,"{""amenity"":""vending_machine"",""brand"":""サントリー"",""brand:en"":""Suntory"",""brand:ja"":""サントリー"",""brand:wikidata"":""Q1345267"",""check_date"":""2025-05-02"",""name"":""サントリー"",""name:en"":""Suntory"",""name:ja"":""サントリー"",""vending"":""drinks""}",vending_machine,,,,,,,
node/12803350028,サントリー,vending_machine,135.3801236,34.649922,Point,"{""amenity"":""vending_machine"",""brand"":""サントリー"",""brand:en"":""Suntory"",""brand:ja"":""サントリー"",""brand:wikidata"":""Q1345267"",""check_date"":""2025-05-02"",""name"":""サントリー"",""name:en"":""Suntory"",""name:ja"":""サントリー"",""vending"":""drinks""}",vending_machine,,,,,,,
node/12803350029,コカ・コーラ,vending_machine,135.3800929,34.649914,Point,"{""amenity"":""vending_machine"",""brand"":""コカ・コーラ"",""brand:en"":""Coca-Cola"",""brand:ja"":""コカ・コーラ"",""brand:wikidata"":""Q2813"",""check_date"":""2025-05-02"",""drink:cola"":""yes"",""name"":""コカ・コーラ"",""name:en"":""Coca-Cola"",""name:ja"":""コカ・コーラ"",""vending"":""drinks""}",vending_machine,,,,,,,
node/12803350030,コカ・コーラ,vending_machine,135.3801175,34.649906,Point,"{""amenity"":""vending_machine"",""brand"":""コカ・コーラ"",""brand:en"":""Coca-Cola"",""brand:ja"":""コカ・コーラ"",""brand:wikidata"":""Q2813"",""check_date"":""2025-05-02"",""drink:cola"":""yes"",""name"":""コカ・コーラ"",""name:en"":""Coca-Cola"",""name:ja"":""コカ・コーラ"",""vending"":""drinks""}",vending_machine,,,,,,,
node/12803350031,コカ・コーラ,vending_machine,135.3800869,34.6498985,Point,"{""amenity"":""vending_machine"",""brand"":""コカ・コーラ"",""brand:en"":""Coca-Cola"",""brand:ja"":""コカ・コーラ"",""brand:wikidata"":""Q2813"",""check_date"":""2025-05-02"",""drink:cola"":""yes"",""name"":""コカ・コーラ"",""name:en"":""Coca-Cola"",""name:ja"":""コカ・コーラ"",""vending"":""drinks""}",vending_machine,,,,,,,
node/12803350032,コカ・コーラ,vending_machine,135.3801113,34.64989,Point,"{""amenity"":""vending_machine"",""brand"":""コカ・コーラ"",""brand:en"":""Coca-Cola"",""brand:ja"":""コカ・コーラ"",""brand:wikidata"":""Q2813"",""check_date"":""2025-05-02"",""drink:cola"":""yes"",""name"":""コカ・コーラ"",""name:en"":""Coca-Cola"",""name:ja"":""コカ・コーラ"",""vending"":""drinks""}",vending_machine,,,,,,,
node/12803350777,23,information,135.3814389,34.6513861,Point,"{""board_type"":""traffic"",""information"":""board"",""name"":""23"",""tourism"":""information""}",,information,,,,,,
node/12803350778,05,information,135.3799431,34.6489091,Point,"{""board_type"":""traffic"",""information"":""board"",""name"":""05"",""tourism"":""information""}",,information,,,,,,
node/12803350780,,elevator,135.3798238,34.648681,Point,"{""addr:floor"":""1;2"",""highway"":""elevator"",""level"":""0;1"",""ref"":""EV1""}",,,,,,,,
node/12803350781,04,information,135.3799716,34.6487125,Point,"{""board_type"":""traffic"",""information"":""board"",""name"":""04"",""tourism"":""information""}",,information,,,,,,
node/12803353820,,waste_basket,135.3804553,34.65047,Point,"{""amenity"":""waste_basket""}",waste_basket,,,,,,,
node/12803358556,18,information,135.3807109,34.6508389,Point,"{""board_type"":""traffic"",""information"":""board"",""name"":""18"",""tourism"":""information""}",,information,,,,,,
node/12803358557,19,information,135.3808214,34.6509409,Point,"{""board_type"":""traffic"",""information"":""board"",""name"":""19"",""tourism"":""information""}",,information,,,,,,
node/12803358558,10,information,135.3800877,34.6498753,Point,"{""board_type"":""traffic"",""information"":""board"",""name"":""10"",""tourism"":""information""}",,information,,,,,,
node/12803360452,06,information,135.3799446,34.6491129,Point,"{""board_type"":""traffic"",""information"":""board"",""name"":""06"",""tourism"":""information""}",,information,,,,,,
node/12803362317,24,information,135.3816007,34.6514717,Point,"{""board_type"":""traffic"",""information"":""board"",""name"":""24"",""tourism"":""information""}",,information,,,,,,
node/12803369266,21,information,135.3811299,34.6511906,Point,"{""board_type"":""traffic"",""information"":""board"",""name"":""21"",""tourism"":""information""}",,information,,,,,,
node/12803369267,20,information,135.3809804,34.6510741,Point,"{""board_type"":""traffic"",""information"":""board"",""name"":""20"",""tourism"":""information""}",,information,,,,,,
node/12803373522,07,information,135.3799675,34.6493219,Point,"{""board_type"":""traffic"",""information"":""board"",""name"":""07"",""tourism"":""information""}",,information,,,,,,
node/12803373830,09,information,135.3800333,34.6496831,Point,"{""board_type"":""traffic"",""information"":""board"",""name"":""09"",""tourism"":""information""}",,information,,,,,,
node/12803373831,08,information,135.3799871,34.649519,Point,"{""board_type"":""traffic"",""information"":""board"",""name"":""08"",""tourism"":""information""}",,information,,,,,,
node/12803375314,17,information,135.3806289,34.6507412,Point,"{""board_type"":""traffic"",""information"":""board"",""name"":""17"",""tourism"":""information""}",,information,,,,,,
node/12803375315,16,information,135.3805418,34.6506541,Point,"{""board_type"":""traffic"",""information"":""board"",""name"":""16"",""tourism"":""information""}",,information,,,,,,
node/12803375620,01,information,135.3800628,34.6482954,Point,"{""board_type"":""traffic"",""information"":""board"",""name"":""01"",""tourism"":""information""}",,information,,,,,,
node/12803377548,,drinking_water,135.3804921,34.6505289,Point,"{""amenity"":""drinking_water"",""bottle"":""yes""}",drinking_water,,,,,,,
node/12803378167,,information,135.3803812,34.6503641,Point,"{""information"":""map"",""tourism"":""information""}",,information,,,,,,
node/12803378168,13,information,135.3802971,34.6503076,Point,"{""board_type"":""traffic"",""information"":""board"",""name"":""13"",""tourism"":""information""}",,information,,,,,,
node/12803378169,表裏一体,artwork,135.3802534,34.6502643,Point,"{""artist_name"":""カワグチ タクヤ"",""artwork_type"":""painting"",""name"":""表裏一体"",""tourism"":""artwork""}",,artwork,,,,,,
node/12803380288,,drinking_water,135.3805064,34.6505202,Point,"{""amenity"":""drinking_water"",""bottle"":""yes""}",drinking_water,,,,,,,
node/12803382536,14,information,135.3803732,34.6504243,Point,"{""board_type"":""traffic"",""information"":""board"",""name"":""14"",""tourism"":""information""}",,information,,,,,,
node/12803383695,12,information,135.3802238,34.6501689,Point,"{""board_type"":""traffic"",""information"":""board"",""name"":""12"",""tourism"":""information""}",,information,,,,,,
node/12803385188,,waste_basket,135.3799968,34.6486495,Point,"{""amenity"":""waste_basket""}",waste_basket,,,,,,,
node/12803385189,03,information,135.3800075,34.6485441,Point,"{""board_type"":""traffic"",""information"":""board"",""name"":""03"",""tourism"":""information""}",,information,,,,,,
node/12803385190,02,information,135.3800328,34.6484222,Point,"{""board_type"":""traffic"",""information"":""board"",""name"":""02"",""tourism"":""information""}",,information,,,,,,
node/12803385191,,information,135.3800592,34.6483755,Point,"{""information"":""map"",""tourism"":""information""}",,information,,,,,,
node/12803404454,春,restaurant,135.3813408,34.6483457,Point,"{""amenity"":""restaurant"",""check_date"":""2025-05-02"",""cuisine"":""romanian"",""name"":""春"",""name:en"":""HARU"",""name:ja"":""春"",""reservation"":""recommended""}",restaurant,,,,,,,
node/12803415649,,,135.3851331,34.6480652,Point,"{""entrance"":""yes""}",,,,,,,,
node/12803415650,,fast_food,135.3850793,34.6479689,Point,"{""amenity"":""fast_food"",""check_date"":""2025-05-02"",""cuisine"":""cake""}",fast_food,,,,,,,
node/12803424115,INTER-WORLD/Cocooner: Apparent motion of celestial bodies,artwork,135.3822934,34.6484442,Point,"{""artist_name"":""奥中章人"",""name"":""INTER-WORLD/Cocooner: Apparent motion of celestial bodies"",""tourism"":""artwork""}",,artwork,,,,,,
node/12803439249,retto,artwork,135.3852527,34.6496929,Point,"{""artist_name"":""宮内 紗也果"",""artwork_type"":""mural"",""name"":""retto"",""tourism"":""artwork""}",,artwork,,,,,,
node/12803442772,,waste_basket,135.3855024,34.6501398,Point,"{""amenity"":""waste_basket""}",waste_basket,,,,,,,
node/12803452320,うなぎパイ,,135.3855497,34.6500947,Point,"{""check_date"":""2025-05-02"",""craft"":""confectionery"",""name"":""うなぎパイ"",""name:en"":""Unagi Pie"",""name:ja"":""うなぎパイ""}",,,,,,,,
node/12803452321,月化粧,,135.3854471,34.6501091,Point,"{""check_date"":""2025-05-02"",""craft"":""confectionery"",""name"":""月化粧"",""name:ja"":""月化粧"",""name:ja-Latn"":""Tsukigesho""}",,,,,,,,
node/12803452322,,,135.385567,34.6502888,Point,"{""check_date"":""2025-05-02"",""craft"":""confectionery""}",,,,,,,,
node/12803459685,これから,artwork,135.3809662,34.6487378,Point,"{""artist_name"":""田中かえ"",""artwork_type"":""mural"",""name"":""これから"",""tourism"":""artwork""}",,artwork,,,,,,
node/12803459687,氷のクールスポット,shelter,135.3807166,34.6485127,Point,"{""amenity"":""shelter"",""bench"":""yes"",""bin"":""no"",""name"":""氷のクールスポット"",""shelter_type"":""sun_shelter""}",shelter,,,,,,,
node/12803484028,コモングラウンド,gift,135.3805999,34.648721,Point,"{""check_date"":""2025-05-02"",""name"":""コモングラウンド"",""shop"":""gift""}",,,gift,,,,,
node/12803490324,,,135.3804775,34.6486526,Point,"{""entrance"":""main""}",,,,,,,,
node/12803498388,,stone,135.3809379,34.6483068,Point,"{""natural"":""stone""}",,,,,,,,
node/12803498389,,stone,135.3809611,34.648314,Point,"{""natural"":""stone""}",,,,,,,,
node/12803498390,,stone,135.3810308,34.6483136,Point,"{""natural"":""stone""}",,,,,,,,
node/12803498391,,stone,135.3810144,34.6483247,Point,"{""natural"":""stone""}",,,,,,,,
node/12803498392,,,135.3810755,34.6482335,Point,"{""indoor"":""no"",""man_made"":""water_tap""}",,,,,,,,
node/12803498393,TELEPHONE,artwork,135.3817787,34.6478771,Point,"{""name"":""TELEPHONE"",""tourism"":""artwork""}",,artwork,,,,,,
node/12803501899,氷のクールスポット,information,135.3808606,34.6485973,Point,"{""information"":""board"",""name"":""氷のクールスポット"",""tourism"":""information""}",,information,,,,,,
node/12803502011,LOUNGE&DINING,restaurant,135.3865213,34.6467462,Point,"{""addr:floor"":""3"",""amenity"":""restaurant"",""check_date"":""2025-05-28"",""level"":""2"",""name"":""LOUNGE&DINING"",""name:ja"":""ラウンジ＆ダイニング"",""ref"":""E14""}",restaurant,,,,,,,
node/12803504709,,,135.3805867,34.648658,Point,"{""entrance"":""yes""}",,,,,,,,
node/12803519517,,tree,135.3866326,34.6472906,Point,"{""natural"":""tree""}",,,,,,,,
node/12803519518,,tree,135.3866597,34.6473325,Point,"{""natural"":""tree""}",,,,,,,,
node/12803519519,,tree,135.3867016,34.6474171,Point,"{""natural"":""tree""}",,,,,,,,
node/12803522545,コカ・コーラ,vending_machine,135.3866202,34.6472272,Point,"{""amenity"":""vending_machine"",""brand"":""コカ・コーラ"",""brand:en"":""Coca-Cola"",""brand:ja"":""コカ・コーラ"",""brand:wikidata"":""Q2813"",""check_date"":""2025-06-27"",""drink:cola"":""yes"",""name"":""コカ・コーラ"",""name:en"":""Coca-Cola"",""name:ja"":""コカ・コーラ"",""vending"":""drinks""}",vending_machine,,,,,,,
node/12803522546,コカ・コーラ,vending_machine,135.3866093,34.6472298,Point,"{""amenity"":""vending_machine"",""brand"":""コカ・コーラ"",""brand:en"":""Coca-Cola"",""brand:ja"":""コカ・コーラ"",""brand:wikidata"":""Q2813"",""check_date"":""2025-06-27"",""drink:cola"":""yes"",""name"":""コカ・コーラ"",""name:en"":""Coca-Cola"",""name:ja"":""コカ・コーラ"",""vending"":""drinks""}",vending_machine,,,,,,,
node/12803522547,コカ・コーラ,vending_machine,135.3865984,34.6472324,Point,"{""amenity"":""vending_machine"",""brand"":""コカ・コーラ"",""brand:en"":""Coca-Cola"",""brand:ja"":""コカ・コーラ"",""brand:wikidata"":""Q2813"",""check_date"":""2025-06-27"",""drink:cola"":""yes"",""name"":""コカ・コーラ"",""name:en"":""Coca-Cola"",""name:ja"":""コカ・コーラ"",""vending"":""drinks""}",vending_machine,,,,,,,
node/12803522548,サントリー,vending_machine,135.3865876,34.647235,Point,"{""amenity"":""vending_machine"",""brand"":""サントリー"",""brand:en"":""Suntory"",""brand:ja"":""サントリー"",""brand:wikidata"":""Q1345267"",""check_date"":""2025-06-27"",""name"":""サントリー"",""name:en"":""Suntory"",""name:ja"":""サントリー"",""vending"":""drinks""}",vending_machine,,,,,,,
node/12803522549,サントリー,vending_machine,135.3865767,34.6472376,Point,"{""amenity"":""vending_machine"",""brand"":""サントリー"",""brand:en"":""Suntory"",""brand:ja"":""サントリー"",""brand:wikidata"":""Q1345267"",""check_date"":""2025-06-27"",""name"":""サントリー"",""name:en"":""Suntory"",""name:ja"":""サントリー"",""vending"":""drinks""}",vending_machine,,,,,,,
node/12803522550,サントリー,vending_machine,135.3865658,34.6472402,Point,"{""amenity"":""vending_machine"",""brand"":""サントリー"",""brand:en"":""Suntory"",""brand:ja"":""サントリー"",""brand:wikidata"":""Q1345267"",""check_date"":""2025-06-27"",""name"":""サントリー"",""name:en"":""Suntory"",""name:ja"":""サントリー"",""vending"":""drinks""}",vending_machine,,,,,,,
node/12803522602,氷のクールスポット,information,135.3807633,34.6485455,Point,"{""information"":""board"",""name"":""氷のクールスポット"",""tourism"":""information""}",,information,,,,,,
node/12803535943,サントリー,vending_machine,135.3823393,34.6475813,Point,"{""amenity"":""vending_machine"",""brand"":""サントリー"",""brand:en"":""Suntory"",""brand:ja"":""サントリー"",""brand:wikidata"":""Q1345267"",""check_date"":""2025-05-02"",""name"":""サントリー"",""name:en"":""Suntory"",""name:ja"":""サントリー"",""vending"":""drinks""}",vending_machine,,,,,,,
node/12803535944,サントリー,vending_machine,135.3823388,34.6475647,Point,"{""amenity"":""vending_machine"",""brand"":""サントリー"",""brand:en"":""Suntory"",""brand:ja"":""サントリー"",""brand:wikidata"":""Q1345267"",""check_date"":""2025-05-02"",""name"":""サントリー"",""name:en"":""Suntory"",""name:ja"":""サントリー"",""vending"":""drinks""}",vending_machine,,,,,,,
node/12803535945,サントリー,vending_machine,135.3823392,34.6475471,Point,"{""amenity"":""vending_machine"",""brand"":""サントリー"",""brand:en"":""Suntory"",""brand:ja"":""サントリー"",""brand:wikidata"":""Q1345267"",""check_date"":""2025-05-02"",""name"":""サントリー"",""name:en"":""Suntory"",""name:ja"":""サントリー"",""vending"":""drinks""}",vending_machine,,,,,,,
node/12803535946,サントリー,vending_machine,135.3823386,34.6475335,Point,"{""amenity"":""vending_machine"",""brand"":""サントリー"",""brand:en"":""Suntory"",""brand:ja"":""サントリー"",""brand:wikidata"":""Q1345267"",""check_date"":""2025-05-02"",""name"":""サントリー"",""name:en"":""Suntory"",""name:ja"":""サントリー"",""vending"":""drinks""}",vending_machine,,,,,,,
node/12803538039,,waste_basket,135.3824559,34.6475478,Point,"{""amenity"":""waste_basket""}",waste_basket,,,,,,,
node/12803538040,浪漫、ここにあり,artwork,135.3856269,34.647147,Point,"{""artist_name"":""前田豆コ"",""artwork_type"":""mural"",""fixme"":""Please merge me into a nearby wall"",""name"":""浪漫、ここにあり"",""tourism"":""artwork""}",,artwork,,,,,,
node/12803547528,サービス施設南東,shelter,135.3868313,34.6473012,Point,"{""amenity"":""shelter"",""name"":""サービス施設南東""}",shelter,,,,,,,
node/12803547530,,drinking_water,135.3868117,34.6473504,Point,"{""amenity"":""drinking_water"",""bottle"":""yes""}",drinking_water,,,,,,,
node/12803547531,コカ・コーラ,vending_machine,135.38681,34.647379,Point,"{""amenity"":""vending_machine"",""brand"":""コカ・コーラ"",""brand:en"":""Coca-Cola"",""brand:ja"":""コカ・コーラ"",""brand:wikidata"":""Q2813"",""check_date"":""2025-05-02"",""drink:cola"":""yes"",""name"":""コカ・コーラ"",""name:en"":""Coca-Cola"",""name:ja"":""コカ・コーラ"",""vending"":""drinks""}",vending_machine,,,,,,,
node/12803547532,サントリー,vending_machine,135.3867982,34.6473499,Point,"{""amenity"":""vending_machine"",""brand"":""サントリー"",""brand:en"":""Suntory"",""brand:ja"":""サントリー"",""brand:wikidata"":""Q1345267"",""check_date"":""2025-05-02"",""name"":""サントリー"",""name:en"":""Suntory"",""name:ja"":""サントリー"",""vending"":""drinks""}",vending_machine,,,,,,,
node/12803554338,74,information,135.3863256,34.6472924,Point,"{""board_type"":""traffic"",""information"":""board"",""name"":""74"",""tourism"":""information""}",,information,,,,,,
node/12803559058,E11 EXPOホール「シャインハット」,information,135.3868377,34.6475848,Point,"{""information"":""board"",""name"":""E11 EXPOホール「シャインハット」"",""name:en"":""E11 EXPO Hall Shining hat"",""name:ja"":""E11 EXPOホール「シャインハット」"",""tourism"":""information""}",,information,,,,,,
node/12803578847,72,information,135.3865495,34.6475809,Point,"{""board_type"":""traffic"",""information"":""board"",""name"":""72"",""tourism"":""information""}",,information,,,,,,
node/12803589012,EXPOナショナルデーホール「レイガーデン」,information,135.3863158,34.6469441,Point,"{""information"":""board"",""name"":""EXPOナショナルデーホール「レイガーデン」"",""ref"":""E12"",""tourism"":""information""}",,information,,,,,,
node/12803611092,,gift,135.3843805,34.6473428,Point,"{""check_date"":""2025-05-02"",""shop"":""gift""}",,,gift,,,,,
node/12803612412,,,135.384063,34.6473472,Point,"{""entrance"":""main""}",,,,,,,,
node/12803673953,スプラ,restaurant,135.3844416,34.6475282,Point,"{""addr:floor"":""3"",""amenity"":""restaurant"",""check_date"":""2025-09-15"",""cuisine"":""turkmen"",""level"":""2"",""name"":""スプラ"",""name:en"":""SUPRA""}",restaurant,,,,,,,
node/12803700540,,,135.3835629,34.6475745,Point,"{""entrance"":""main""}",,,,,,,,
node/12803700541,,,135.3835851,34.6474855,Point,"{""entrance"":""yes""}",,,,,,,,
node/12803700542,,,135.3836492,34.6474265,Point,"{""entrance"":""yes""}",,,,,,,,
node/12803749031,発酵食堂 HASSHOKU,restaurant,135.3850544,34.6469746,Point,"{""addr:floor"":""1"",""amenity"":""restaurant"",""check_date"":""2025-05-17"",""cuisine"":""japanese"",""level"":""0"",""name"":""発酵食堂 HASSHOKU"",""name:en"":""HASSHOKU"",""name:ja-Hira"":""はっしょく""}",restaurant,,,,,,,
node/12803756701,好きやねん大阪フードコート,food_court,135.3852212,34.6469266,Point,"{""addr:floor"":""2"",""amenity"":""food_court"",""check_date"":""2025-05-02"",""level"":""1"",""name"":""好きやねん大阪フードコート"",""name:ja"":""好きやねん大阪フードコート""}",food_court,,,,,,,
node/12803762156,万福うどん,restaurant,135.38503,34.6468726,Point,"{""addr:floor"":""2"",""amenity"":""restaurant"",""check_date"":""2025-05-23"",""cuisine"":""udon"",""level"":""1"",""name"":""万福うどん"",""name:en"":""Manpuku Udon"",""name:ja"":""万福うどん""}",restaurant,,,,,,,
node/12803766029,日本一の串かつ 横綱,restaurant,135.3851577,34.646837,Point,"{""addr:floor"":""2"",""amenity"":""restaurant"",""check_date"":""2025-05-02"",""level"":""1"",""name"":""日本一の串かつ 横綱"",""name:ja"":""日本一の串かつ 横綱"",""name:ja-Latn"":""Yokozuna""}",restaurant,,,,,,,
node/12803766030,新世界ぎふや,restaurant,135.3852043,34.6468281,Point,"{""addr:floor"":""2"",""amenity"":""restaurant"",""check_date"":""2025-05-02"",""level"":""1"",""name"":""新世界ぎふや"",""name:ja"":""新世界ぎふや"",""name:ja-Latn"":""Shinsekai Gifuya""}",restaurant,,,,,,,
node/12803766031,大衆中華 ひよこ飯店,restaurant,135.3852572,34.6468132,Point,"{""addr:floor"":""2"",""amenity"":""restaurant"",""check_date"":""2025-05-23"",""cuisine"":""chinese"",""level"":""1"",""name"":""大衆中華 ひよこ飯店"",""name:ja"":""大衆中華 ひよこ飯店"",""name:ja-Latn"":""Hiyoko Hanten"",""payment:cash"":""yes"",""payment:credit_cards"":""yes"",""payment:debit_cards"":""yes""}",restaurant,,,,,,,
node/12803767943,65,information,135.3869546,34.648397,Point,"{""board_type"":""traffic"",""information"":""board"",""name"":""65"",""tourism"":""information""}",,information,,,,,,
node/12803782121,すしネーター,artwork,135.3868373,34.6486221,Point,"{""artist_name"":""西島 大介"",""artwork_type"":""mural"",""name"":""すしネーター"",""tourism"":""artwork""}",,artwork,,,,,,
node/12803785825,61,information,135.3870352,34.6489999,Point,"{""board_type"":""traffic"",""information"":""board"",""name"":""61"",""tourism"":""information""}",,information,,,,,,
node/12803807968,64,information,135.386977,34.6485205,Point,"{""board_type"":""traffic"",""information"":""board"",""name"":""64"",""tourism"":""information""}",,information,,,,,,
node/12803813824,Hard Boiled Daydream (Sculpture/Spook/Osaka),artwork,135.3782176,34.6509473,Point,"{""artist_name"":""金氏徹平"",""artwork_type"":""statue"",""name"":""Hard Boiled Daydream (Sculpture/Spook/Osaka)"",""tourism"":""artwork""}",,artwork,,,,,,
node/12803813882,,drinking_water,135.3763606,34.6534506,Point,"{""amenity"":""drinking_water""}",drinking_water,,,,,,,
node/12803814652,コソボ,exhibition_centre,135.3852371,34.6501518,Point,"{""wikimedia_commons"":""File:Expo 2025 Kosovo Pavilion Booth (Commons A Pavilion) 01.JPG"",""amenity"":""exhibition_centre"",""check_date"":""2025-08-14"",""country"":""XK"",""name"":""コソボ"",""website"":""https://www.expo2025.or.jp/official-participant/kosovo/"",""name:en"":""Kosovo"",""name:ja"":""コソボ"",""reservation"":""no""}",exhibition_centre,,,XK,,,https://www.expo2025.or.jp/official-participant/kosovo/,
node/12803814654,パプアニューギニア,exhibition_centre,135.3851558,34.6501661,Point,"{""wikimedia_commons"":""File:Expo 2025 Papua New Guinea Pavilion Booth (Commons A Pavilion) 01.JPG"",""amenity"":""exhibition_centre"",""check_date"":""2025-08-14"",""country"":""PG"",""name"":""パプアニューギニア"",""website"":""https://www.expo2025.or.jp/official-participant/papua-new-guinea/"",""name:en"":""Papua New Guinea"",""name:ja"":""パプアニューギニア"",""reservation"":""no""}",exhibition_centre,,,PG,,,https://www.expo2025.or.jp/official-participant/papua-new-guinea/,
node/12803824007,大地の息吹,artwork,135.3808186,34.6502675,Point,"{""artist_name"":""emma (絵馬)"",""artwork_type"":""mural"",""name"":""大地の息吹"",""tourism"":""artwork""}",,artwork,,,,,,
node/12803859831,イエメン,gift,135.3848758,34.650066,Point,"{""check_date"":""2025-07-14"",""name"":""イエメン"",""name:en"":""YEMEN"",""shop"":""gift""}",,,gift,,,,,
node/12803859832,ブルンジ カフェ,cafe,135.3847696,34.6500809,Point,"{""amenity"":""cafe"",""check_date"":""2025-09-21"",""name"":""ブルンジ カフェ""}",cafe,,,,,,,
node/12803859833,イエメン,exhibition_centre,135.3846452,34.6500216,Point,"{""wikimedia_commons"":""File:Expo 2025 Yemen Pavilion Booth (Commons A Pavilion) 01.JPG"",""amenity"":""exhibition_centre"",""check_date"":""2025-05-02"",""country"":""YE"",""name"":""イエメン"",""website"":""https://www.expo2025.or.jp/official-participant/yemen/"",""name:en"":""Yemen"",""name:ja"":""イエメン"",""reservation"":""no""}",exhibition_centre,,,YE,,,https://www.expo2025.or.jp/official-participant/yemen/,
node/12803859834,セントルシア,exhibition_centre,135.3846515,34.6500702,Point,"{""wikimedia_commons"":""File:Expo 2025 Saint Lucia Pavilion Booth (Commons A Pavilion) 01.JPG"",""amenity"":""exhibition_centre"",""check_date"":""2025-05-02"",""country"":""LC"",""name"":""セントルシア"",""website"":""https://www.expo2025.or.jp/official-participant/saintlucia/"",""name:en"":""Saint Lucia"",""name:ja"":""セントルシア"",""reservation"":""no""}",exhibition_centre,,,LC,,,https://www.expo2025.or.jp/official-participant/saintlucia/,
node/12803859835,ブルンジ,exhibition_centre,135.3846578,34.6501188,Point,"{""wikimedia_commons"":""File:Expo 2025 Burundi Pavilion Booth (Commons A Pavilion) 01.JPG"",""amenity"":""exhibition_centre"",""check_date"":""2025-05-02"",""country"":""BI"",""name"":""ブルンジ"",""website"":""https://www.expo2025.or.jp/official-participant/burundi/"",""name:en"":""Burundi"",""name:ja"":""ブルンジ"",""reservation"":""no""}",exhibition_centre,,,BI,,,https://www.expo2025.or.jp/official-participant/burundi/,
node/12803859836,ガーナ,exhibition_centre,135.3846641,34.6501674,Point,"{""wikimedia_commons"":""File:Expo 2025 Ghana Pavilion Booth (Commons A Pavilion) 01.JPG"",""amenity"":""exhibition_centre"",""check_date"":""2025-05-02"",""country"":""GH"",""name"":""ガーナ"",""website"":""https://www.expo2025.or.jp/official-participant/ghana/"",""name:en"":""Ghana"",""name:ja"":""ガーナ"",""reservation"":""no""}",exhibition_centre,,,GH,,,https://www.expo2025.or.jp/official-participant/ghana/,
node/12803859837,トリニダード・トバコ,exhibition_centre,135.3846704,34.6502159,Point,"{""wikimedia_commons"":""File:Expo 2025 Trinidad and Tobago Pavilion Booth (Commons A Pavilion) 01.JPG"",""amenity"":""exhibition_centre"",""check_date"":""2025-05-02"",""country"":""TT"",""name"":""トリニダード・トバコ"",""website"":""https://www.expo2025.or.jp/official-participant/trinidad_and_tobago/"",""name:en"":""Trinidad and Tobago"",""name:ja"":""トリニダード・トバコ"",""reservation"":""no""}",exhibition_centre,,,TT,,,https://www.expo2025.or.jp/official-participant/trinidad_and_tobago/,
node/12803859838,マラウイ,exhibition_centre,135.3846767,34.6502645,Point,"{""wikimedia_commons"":""File:Expo 2025 Malawi Pavilion Booth (Commons A Pavilion) 01.JPG"",""amenity"":""exhibition_centre"",""check_date"":""2025-05-02"",""country"":""MW"",""name"":""マラウイ"",""website"":""https://www.expo2025.or.jp/official-participant/malawi/"",""name:en"":""Malawi"",""name:ja"":""マラウイ"",""reservation"":""no""}",exhibition_centre,,,MW,,,https://www.expo2025.or.jp/official-participant/malawi/,
node/12803859839,スリナム,exhibition_centre,135.384683,34.6503131,Point,"{""wikimedia_commons"":""File:Expo 2025 Suriname Pavilion Booth (Commons A Pavilion) 01.JPG"",""amenity"":""exhibition_centre"",""check_date"":""2025-05-02"",""country"":""SR"",""name"":""スリナム"",""website"":""https://www.expo2025.or.jp/official-participant/suriname/"",""name:en"":""Suriname"",""name:ja"":""スリナム"",""reservation"":""no""}",exhibition_centre,,,SR,,,https://www.expo2025.or.jp/official-participant/suriname/,
node/12803859840,ケニア,exhibition_centre,135.3846893,34.6503617,Point,"{""wikimedia_commons"":""File:Expo 2025 Kenya Pavilion Booth (Commons A Pavilion) 01.JPG"",""amenity"":""exhibition_centre"",""check_date"":""2025-05-02"",""country"":""KE"",""name"":""ケニア"",""website"":""https://www.expo2025.or.jp/official-participant/kenya/"",""name:en"":""Kenya"",""name:ja"":""ケニア"",""reservation"":""no""}",exhibition_centre,,,KE,,,https://www.expo2025.or.jp/official-participant/kenya/,
node/12803873381,モーリシャス,exhibition_centre,135.3847893,34.6503311,Point,"{""wikimedia_commons"":""File:Expo 2025 Mauritius Pavilion Booth (Commons A Pavilion) 01.JPG"",""amenity"":""exhibition_centre"",""check_date"":""2025-05-02"",""country"":""MU"",""name"":""モーリシャス"",""website"":""https://www.expo2025.or.jp/official-participant/mauritius/"",""name:en"":""Mauritius"",""name:ja"":""モーリシャス"",""reservation"":""no""}",exhibition_centre,,,MU,,,https://www.expo2025.or.jp/official-participant/mauritius/,
node/12803873382,北マケドニア,exhibition_centre,135.384778,34.6501949,Point,"{""wikimedia_commons"":""File:Expo 2025 North Macedonia Pavilion Booth (Commons A Pavilion) 01.JPG"",""amenity"":""exhibition_centre"",""check_date"":""2025-08-14"",""country"":""MK"",""name"":""北マケドニア"",""website"":""https://www.expo2025.or.jp/official-participant/north-macedonia/"",""name:en"":""North Macedonia"",""name:ja"":""北マケドニア"",""reservation"":""no""}",exhibition_centre,,,MK,,,https://www.expo2025.or.jp/official-participant/north-macedonia/,
node/12803873383,スリランカ,exhibition_centre,135.3848659,34.6503254,Point,"{""wikimedia_commons"":""File:Expo 2025 Sri Lanka Pavilion Booth (Commons A Pavilion) 01.JPG"",""amenity"":""exhibition_centre"",""check_date"":""2025-05-02"",""country"":""LK"",""name"":""スリランカ"",""website"":""https://www.expo2025.or.jp/official-participant/srilanka/"",""name:en"":""Sri Lanka"",""name:ja"":""スリランカ"",""reservation"":""no""}",exhibition_centre,,,LK,,,https://www.expo2025.or.jp/official-participant/srilanka/,
node/12803873384,キルギス,exhibition_centre,135.3849426,34.6503196,Point,"{""wikimedia_commons"":""File:Expo 2025 Kyrgyzstan Pavilion Booth (Commons A Pavilion) 01.JPG"",""amenity"":""exhibition_centre"",""check_date"":""2025-05-02"",""country"":""KG"",""name"":""キルギス"",""website"":""https://www.expo2025.or.jp/official-participant/kyrgyz/"",""name:en"":""Kyrgyzstan"",""name:ja"":""キルギス"",""reservation"":""no""}",exhibition_centre,,,KG,,,https://www.expo2025.or.jp/official-participant/kyrgyz/,
node/12803873385,ルワンダ,exhibition_centre,135.3850192,34.6503139,Point,"{""wikimedia_commons"":""File:Expo 2025 Rwanda Pavilion Booth (Commons A Pavilion) 01.JPG"",""amenity"":""exhibition_centre"",""check_date"":""2025-05-02"",""country"":""RW"",""name"":""ルワンダ"",""website"":""https://www.expo2025.or.jp/official-participant/rwanda/"",""name:en"":""Rwanda"",""name:ja"":""ルワンダ"",""reservation"":""no""}",exhibition_centre,,,RW,,,https://www.expo2025.or.jp/official-participant/rwanda/,
node/12803873386,コモロ,exhibition_centre,135.3850958,34.6503081,Point,"{""wikimedia_commons"":""File:Expo 2025 Comoros Pavilion Booth (Commons A Pavilion) 01.JPG"",""amenity"":""exhibition_centre"",""check_date"":""2025-05-02"",""country"":""KM"",""name"":""コモロ"",""website"":""https://www.expo2025.or.jp/official-participant/comoros/"",""name:en"":""Comoros"",""name:ja"":""コモロ"",""reservation"":""no""}",exhibition_centre,,,KM,,,https://www.expo2025.or.jp/official-participant/comoros/,
node/12803873387,グレナダ,exhibition_centre,135.3851725,34.6503023,Point,"{""wikimedia_commons"":""File:Expo 2025 Grenada Pavilion Booth (Commons A Pavilion) 01.JPG"",""amenity"":""exhibition_centre"",""check_date"":""2025-05-02"",""country"":""GD"",""name"":""グレナダ"",""website"":""https://www.expo2025.or.jp/official-participant/grenada/"",""name:en"":""Grenada"",""name:ja"":""グレナダ"",""reservation"":""no""}",exhibition_centre,,,GD,,,https://www.expo2025.or.jp/official-participant/grenada/,
node/12803873388,ソロモン,exhibition_centre,135.3852491,34.6502966,Point,"{""wikimedia_commons"":""File:Expo 2025 Solomon Islands Pavilion Booth (Commons A Pavilion) 01.JPG"",""amenity"":""exhibition_centre"",""check_date"":""2025-05-02"",""country"":""SB"",""name"":""ソロモン"",""website"":""https://www.expo2025.or.jp/official-participant/solomon/"",""name:en"":""Solomon"",""name:ja"":""ソロモン"",""reservation"":""no""}",exhibition_centre,,,SB,,,https://www.expo2025.or.jp/official-participant/solomon/,
node/12803873389,トンガ,exhibition_centre,135.3853816,34.6503021,Point,"{""wikimedia_commons"":""File:Expo 2025 Tonga Pavilion Booth (Commons A Pavilion) 01.JPG"",""amenity"":""exhibition_centre"",""check_date"":""2025-05-02"",""country"":""TO"",""name"":""トンガ"",""website"":""https://www.expo2025.or.jp/official-participant/tonga/"",""name:en"":""Tonga"",""name:ja"":""トンガ"",""reservation"":""no""}",exhibition_centre,,,TO,,,https://www.expo2025.or.jp/official-participant/tonga/,
node/12803873390,バヌアツ,exhibition_centre,135.3853704,34.6502065,Point,"{""wikimedia_commons"":""File:Expo 2025 Vanuatu Pavilion Booth (Commons A Pavilion) 01.JPG"",""amenity"":""exhibition_centre"",""check_date"":""2025-05-02"",""country"":""VU"",""name"":""バヌアツ"",""website"":""https://www.expo2025.or.jp/official-participant/vanuatu/"",""name:en"":""Vanuatu"",""name:ja"":""バヌアツ"",""reservation"":""no""}",exhibition_centre,,,VU,,,https://www.expo2025.or.jp/official-participant/vanuatu/,
node/12803873391,エスワティニ,exhibition_centre,135.385376,34.6502543,Point,"{""wikimedia_commons"":""File:Expo 2025 Eswatini Pavilion Booth (Commons A Pavilion) 01.JPG"",""amenity"":""exhibition_centre"",""check_date"":""2025-05-02"",""country"":""SZ"",""name"":""エスワティニ"",""website"":""https://www.expo2025.or.jp/official-participant/eswatini/"",""name:en"":""Eswatini"",""name:ja"":""エスワティニ"",""reservation"":""no""}",exhibition_centre,,,SZ,,,https://www.expo2025.or.jp/official-participant/eswatini/,
node/12803873392,ギニア ビサウ,exhibition_centre,135.3853648,34.6501587,Point,"{""wikimedia_commons"":""File:Expo 2025 Guinea-Bissau Pavilion Booth (Commons A Pavilion) 01.JPG"",""amenity"":""exhibition_centre"",""check_date"":""2025-05-02"",""country"":""GW"",""name"":""ギニア ビサウ"",""website"":""https://www.expo2025.or.jp/official-participant/guinea-bissau/"",""name:en"":""Guinea-Bissau"",""name:ja"":""ギニア ビサウ"",""reservation"":""no""}",exhibition_centre,,,GW,,,https://www.expo2025.or.jp/official-participant/guinea-bissau/,
node/12803873393,パラオ,exhibition_centre,135.3853592,34.6501108,Point,"{""wikimedia_commons"":""File:Expo 2025 Palau Pavilion Booth (Commons A Pavilion) 01.JPG"",""amenity"":""exhibition_centre"",""check_date"":""2025-05-02"",""country"":""PW"",""name"":""パラオ"",""website"":""https://www.expo2025.or.jp/official-participant/palau/"",""name:en"":""Palau"",""name:ja"":""パラオ"",""reservation"":""no""}",exhibition_centre,,,PW,,,https://www.expo2025.or.jp/official-participant/palau/,
node/12803873394,セーシェル,exhibition_centre,135.3853536,34.650063,Point,"{""wikimedia_commons"":""File:Expo 2025 Seychelles Pavilion Booth (Commons A Pavilion) 01.JPG"",""amenity"":""exhibition_centre"",""check_date"":""2025-05-02"",""country"":""SC"",""name"":""セーシェル"",""website"":""https://www.expo2025.or.jp/official-participant/seychelles/"",""name:en"":""Seychelles"",""name:ja"":""セーシェル"",""reservation"":""no""}",exhibition_centre,,,SC,,,https://www.expo2025.or.jp/official-participant/seychelles/,
node/12803873395,サモア,exhibition_centre,135.385348,34.6500152,Point,"{""wikimedia_commons"":""File:Expo 2025 Samoa Pavilion Booth (Commons A Pavilion) 01.JPG"",""amenity"":""exhibition_centre"",""check_date"":""2025-05-02"",""country"":""WS"",""name"":""サモア"",""website"":""https://www.expo2025.or.jp/official-participant/samoa/"",""name:en"":""Samoa"",""name:ja"":""サモア"",""reservation"":""no""}",exhibition_centre,,,WS,,,https://www.expo2025.or.jp/official-participant/samoa/,
node/12803873396,ボリビア,exhibition_centre,135.3853424,34.6499674,Point,"{""wikimedia_commons"":""File:Expo 2025 Bolivia Pavilion Booth (Commons A Pavilion) 01.JPG"",""amenity"":""exhibition_centre"",""check_date"":""2025-05-02"",""country"":""BO"",""name"":""ボリビア"",""website"":""https://www.expo2025.or.jp/official-participant/bolivia/"",""name:en"":""Bolivia"",""name:ja"":""ボリビア"",""reservation"":""no""}",exhibition_centre,,,BO,,,https://www.expo2025.or.jp/official-participant/bolivia/,
node/12803873971,,shelter,135.3836688,34.6506624,Point,"{""amenity"":""shelter"",""shelter_type"":""picnic_shelter""}",shelter,,,,,,,
node/12803890197,バルバトス,exhibition_centre,135.3849336,34.6501855,Point,"{""wikimedia_commons"":""File:Expo 2025 Barbados Pavilion Booth (Commons A Pavilion) 01.JPG"",""amenity"":""exhibition_centre"",""check_date"":""2025-08-14"",""country"":""BB"",""name"":""バルバトス"",""website"":""https://www.expo2025.or.jp/official-participant/barbados/"",""name:en"":""Barbados"",""name:ja"":""バルバトス"",""reservation"":""no""}",exhibition_centre,,,BB,,,https://www.expo2025.or.jp/official-participant/barbados/,
node/12803890198,セントクリストファー・ネービス,exhibition_centre,135.3848613,34.6501925,Point,"{""wikimedia_commons"":""File:Expo 2025 Saint Kitts and Nevis Pavilion Booth (Commons A Pavilion) 01.JPG"",""amenity"":""exhibition_centre"",""check_date"":""2025-08-14"",""country"":""KN"",""name"":""セントクリストファー・ネービス"",""website"":""https://www.expo2025.or.jp/official-participant/saint-christopher-and-nevis/"",""name:en"":""Saint Kitts and Nevis"",""name:ja"":""セントクリストファー・ネービス"",""reservation"":""no""}",exhibition_centre,,,KN,,,https://www.expo2025.or.jp/official-participant/saint-christopher-and-nevis/,
node/12803953059,隠された植物たりのコミュニティ,artwork,135.3836908,34.6503951,Point,"{""artist_name"":""ステファノ・マンクーゾ and PNAT"",""name"":""隠された植物たりのコミュニティ"",""tourism"":""artwork""}",,artwork,,,,,,
node/12803969035,,information,135.3839132,34.6504923,Point,"{""information"":""map"",""tourism"":""information""}",,information,,,,,,
node/12804011539,コカ・コーラ,vending_machine,135.3891197,34.6512575,Point,"{""amenity"":""vending_machine"",""brand"":""コカ・コーラ"",""brand:en"":""Coca-Cola"",""brand:ja"":""コカ・コーラ"",""brand:wikidata"":""Q2813"",""check_date"":""2025-05-02"",""drink:cola"":""yes"",""name"":""コカ・コーラ"",""name:en"":""Coca-Cola"",""name:ja"":""コカ・コーラ"",""vending"":""drinks""}",vending_machine,,,,,,,
node/12804011540,コカ・コーラ,vending_machine,135.3891446,34.6512394,Point,"{""amenity"":""vending_machine"",""brand"":""コカ・コーラ"",""brand:en"":""Coca-Cola"",""brand:ja"":""コカ・コーラ"",""brand:wikidata"":""Q2813"",""check_date"":""2025-05-02"",""drink:cola"":""yes"",""name"":""コカ・コーラ"",""name:en"":""Coca-Cola"",""name:ja"":""コカ・コーラ"",""vending"":""drinks""}",vending_machine,,,,,,,
node/12804012788,サントリー,vending_machine,135.3892122,34.6511917,Point,"{""amenity"":""vending_machine"",""brand"":""サントリー"",""brand:en"":""Suntory"",""brand:ja"":""サントリー"",""brand:wikidata"":""Q1345267"",""check_date"":""2025-05-02"",""name"":""サントリー"",""name:en"":""Suntory"",""name:ja"":""サントリー"",""vending"":""drinks""}",vending_machine,,,,,,,
node/12804012789,サントリー,vending_machine,135.3892276,34.6511802,Point,"{""amenity"":""vending_machine"",""brand"":""サントリー"",""brand:en"":""Suntory"",""brand:ja"":""サントリー"",""brand:wikidata"":""Q1345267"",""check_date"":""2025-05-02"",""name"":""サントリー"",""name:en"":""Suntory"",""name:ja"":""サントリー"",""vending"":""drinks""}",vending_machine,,,,,,,
node/12805298319,,,135.3817073,34.64837,Point,"{""entrance"":""main""}",,,,,,,,
node/12805298353,,,135.3842248,34.6506234,Point,"{""entrance"":""yes""}",,,,,,,,
node/12805298449,,,135.3831036,34.651929,Point,"{""addr:floor"":""2"",""entrance"":""yes"",""level"":""1"",""wheelchair"":""yes""}",,,,,yes,,,
node/12805782257,,,135.3841774,34.6508291,Point,"{""entrance"":""yes""}",,,,,,,,
node/12805782261,,,135.3843174,34.6511222,Point,"{""entrance"":""main""}",,,,,,,,
node/12805782335,,,135.3838823,34.6511062,Point,"{""entrance"":""yes""}",,,,,,,,
node/12805782974,,,135.376597,34.6543192,Point,"{""entrance"":""yes""}",,,,,,,,
node/12805782975,,,135.376535,34.6542278,Point,"{""entrance"":""yes""}",,,,,,,,
node/12805782990,くら寿司,restaurant,135.3755629,34.653784,Point,"{""amenity"":""restaurant"",""name"":""くら寿司"",""name:en"":""Kura Sushi"",""name:ja"":""くら寿司"",""reservation"":""yes""}",restaurant,,,,,,,
node/12805887398,伊藤園,vending_machine,135.3786579,34.6511121,Point,"{""alt_name:en"":""ITOEN"",""amenity"":""vending_machine"",""brand"":""伊藤園"",""brand:en"":""Ito En"",""brand:ja"":""伊藤園"",""brand:wikidata"":""Q3079325"",""check_date"":""2025-05-04"",""drink:tea"":""yes"",""name"":""伊藤園"",""name:en"":""Ito En"",""name:ja"":""伊藤園"",""vending"":""drinks""}",vending_machine,,,,,,,
node/12805887399,コカ・コーラ,vending_machine,135.3786272,34.6510736,Point,"{""amenity"":""vending_machine"",""brand"":""コカ・コーラ"",""brand:en"":""Coca-Cola"",""brand:ja"":""コカ・コーラ"",""brand:wikidata"":""Q2813"",""check_date"":""2025-05-04"",""drink:cola"":""yes"",""name"":""コカ・コーラ"",""name:en"":""Coca-Cola"",""name:ja"":""コカ・コーラ"",""short_name:en"":""Asahi"",""vending"":""drinks""}",vending_machine,,,,,,,
node/12805887400,コカ・コーラ,vending_machine,135.3786157,34.6510611,Point,"{""amenity"":""vending_machine"",""brand"":""コカ・コーラ"",""brand:en"":""Coca-Cola"",""brand:ja"":""コカ・コーラ"",""brand:wikidata"":""Q2813"",""check_date"":""2025-05-04"",""drink:cola"":""yes"",""name"":""コカ・コーラ"",""name:en"":""Coca-Cola"",""name:ja"":""コカ・コーラ"",""vending"":""drinks""}",vending_machine,,,,,,,
node/12805950901,大塚食品,vending_machine,135.3786494,34.6510992,Point,"{""amenity"":""vending_machine"",""brand"":""大塚"",""brand:en"":""Otsuka"",""brand:ja"":""大塚"",""brand:wikidata"":""Q11434124"",""check_date"":""2025-05-04"",""name"":""大塚食品"",""name:en"":""Otsuka Foods"",""name:ja"":""大塚食品"",""vending"":""food""}",vending_machine,,,,,,,
node/12805950902,サントリー,vending_machine,135.3786377,34.6510868,Point,"{""amenity"":""vending_machine"",""brand"":""サントリー"",""brand:en"":""Suntory"",""brand:ja"":""サントリー"",""brand:wikidata"":""Q1345267"",""check_date"":""2025-05-04"",""name"":""サントリー"",""name:en"":""Suntory"",""name:ja"":""サントリー"",""vending"":""drinks""}",vending_machine,,,,,,,
node/12805950907,,,135.3789738,34.6509694,Point,"{""entrance"":""yes""}",,,,,,,,
node/12805950908,,,135.3788812,34.6510206,Point,"{""entrance"":""yes""}",,,,,,,,
node/12805950919,,,135.3786964,34.6511228,Point,"{""entrance"":""yes""}",,,,,,,,
node/12805950921,迷子/ベビーセンター,,135.3780609,34.6510881,Point,"{""check_date"":""2025-04-20"",""government"":""public_service"",""name"":""迷子/ベビーセンター"",""name:en"":""Lost Children and Baby Center"",""name:ja"":""迷子/ベビーセンター"",""office"":""government""}",,,,,,,,
node/12806439061,,,135.37564,34.6520392,Point,"{""entrance"":""yes""}",,,,,,,,
node/12806439062,,,135.3755431,34.6520917,Point,"{""entrance"":""yes""}",,,,,,,,
node/12806439099,,,135.374612,34.6527008,Point,"{""entrance"":""yes""}",,,,,,,,
node/12806439100,,,135.3745727,34.6526534,Point,"{""entrance"":""yes""}",,,,,,,,
node/12806460075,,vending_machine,135.376446,34.652253,Point,"{""amenity"":""vending_machine"",""check_date"":""2025-05-15"",""vending"":""drinks""}",vending_machine,,,,,,,
node/12806460076,,vending_machine,135.3764589,34.6522688,Point,"{""amenity"":""vending_machine"",""check_date"":""2025-05-15"",""vending"":""drinks""}",vending_machine,,,,,,,
node/12806460077,,vending_machine,135.3764713,34.6522851,Point,"{""amenity"":""vending_machine"",""check_date"":""2025-05-15"",""vending"":""drinks""}",vending_machine,,,,,,,
node/12806460078,,vending_machine,135.3764845,34.652302,Point,"{""amenity"":""vending_machine"",""check_date"":""2025-05-15"",""vending"":""drinks""}",vending_machine,,,,,,,
node/12806460079,,vending_machine,135.3764975,34.6523176,Point,"{""amenity"":""vending_machine"",""check_date"":""2025-05-15"",""vending"":""drinks""}",vending_machine,,,,,,,
node/12806460080,,vending_machine,135.3765084,34.6523327,Point,"{""amenity"":""vending_machine"",""check_date"":""2025-05-15"",""vending"":""drinks""}",vending_machine,,,,,,,
node/12806460081,,vending_machine,135.376519,34.6523468,Point,"{""amenity"":""vending_machine"",""check_date"":""2025-05-15"",""vending"":""drinks""}",vending_machine,,,,,,,
node/12806460082,大塚食品,vending_machine,135.3765852,34.6524261,Point,"{""amenity"":""vending_machine"",""brand"":""大塚"",""brand:en"":""Otsuka"",""brand:ja"":""大塚"",""brand:wikidata"":""Q11434124"",""check_date"":""2025-05-06"",""name"":""大塚食品"",""name:en"":""Otsuka Foods"",""name:ja"":""大塚食品"",""vending"":""food""}",vending_machine,,,,,,,
node/12806460083,伊藤園,vending_machine,135.3765947,34.6524416,Point,"{""alt_name:en"":""ITOEN"",""amenity"":""vending_machine"",""brand"":""伊藤園"",""brand:en"":""Ito En"",""brand:ja"":""伊藤園"",""brand:wikidata"":""Q3079325"",""check_date"":""2025-05-06"",""drink:tea"":""yes"",""name"":""伊藤園"",""name:en"":""Ito En"",""name:ja"":""伊藤園"",""vending"":""drinks""}",vending_machine,,,,,,,
node/12806460084,コカ・コーラ,vending_machine,135.3766083,34.6524567,Point,"{""amenity"":""vending_machine"",""brand"":""コカ・コーラ"",""brand:en"":""Coca-Cola"",""brand:ja"":""コカ・コーラ"",""brand:wikidata"":""Q2813"",""check_date"":""2025-05-06"",""drink:cola"":""yes"",""name"":""コカ・コーラ"",""name:en"":""Coca-Cola"",""name:ja"":""コカ・コーラ"",""vending"":""drinks""}",vending_machine,,,,,,,
node/12806460085,アサヒ飲料,vending_machine,135.3766195,34.6524708,Point,"{""amenity"":""vending_machine"",""brand"":""Asahi SOFT DRINKS"",""brand:en"":""Asahi SOFT DRINKS"",""brand:ja"":""アサヒ飲料"",""brand:wikidata"":""Q1833890"",""check_date"":""2025-05-06"",""name"":""アサヒ飲料"",""name:en"":""Asahi Soft Drinks"",""name:ja"":""アサヒ飲料"",""short_name:en"":""Asahi"",""vending"":""drinks""}",vending_machine,,,,,,,
node/12806460086,サントリー,vending_machine,135.3766341,34.6524888,Point,"{""amenity"":""vending_machine"",""brand"":""サントリー"",""brand:en"":""Suntory"",""brand:ja"":""サントリー"",""brand:wikidata"":""Q1345267"",""check_date"":""2025-05-06"",""name"":""サントリー"",""name:en"":""Suntory"",""name:ja"":""サントリー"",""vending"":""drinks""}",vending_machine,,,,,,,
node/12806460087,キリンビバレッジ,vending_machine,135.3766471,34.6525053,Point,"{""alt_name"":""キリンBV"",""amenity"":""vending_machine"",""brand"":""キリンビバレッジ"",""brand:en"":""Kirin Beverage"",""brand:ja"":""キリンビバレッジ"",""brand:wikidata"":""Q1833953"",""check_date"":""2025-05-06"",""drink:tea"":""yes"",""name"":""キリンビバレッジ"",""name:en"":""Kirin Beverage"",""name:ja"":""キリンビバレッジ"",""vending"":""drinks""}",vending_machine,,,,,,,
node/12806460088,大塚食品,vending_machine,135.3766583,34.6525199,Point,"{""amenity"":""vending_machine"",""brand"":""大塚"",""brand:en"":""Otsuka"",""brand:ja"":""大塚"",""brand:wikidata"":""Q11434124"",""check_date"":""2025-05-06"",""name"":""大塚食品"",""name:en"":""Otsuka Foods"",""name:ja"":""大塚食品"",""vending"":""food""}",vending_machine,,,,,,,
node/12806460089,伊藤園,vending_machine,135.3766678,34.6525365,Point,"{""alt_name:en"":""ITOEN"",""amenity"":""vending_machine"",""brand"":""伊藤園"",""brand:en"":""Ito En"",""brand:ja"":""伊藤園"",""brand:wikidata"":""Q3079325"",""check_date"":""2025-05-06"",""drink:tea"":""yes"",""name"":""伊藤園"",""name:en"":""Ito En"",""name:ja"":""伊藤園"",""vending"":""drinks""}",vending_machine,,,,,,,
node/12806460090,,vending_machine,135.3764342,34.6522373,Point,"{""amenity"":""vending_machine"",""check_date"":""2025-05-15"",""vending"":""drinks""}",vending_machine,,,,,,,
node/12806496392,サントリー,vending_machine,135.374952,34.6533182,Point,"{""amenity"":""vending_machine"",""brand"":""サントリー"",""brand:en"":""Suntory"",""brand:ja"":""サントリー"",""brand:wikidata"":""Q1345267"",""check_date"":""2025-05-17"",""name"":""サントリー"",""name:en"":""Suntory"",""name:ja"":""サントリー"",""vending"":""drinks""}",vending_machine,,,,,,,
node/12806496393,コカ・コーラ,vending_machine,135.3749921,34.653342,Point,"{""amenity"":""vending_machine"",""brand"":""コカ・コーラ"",""brand:en"":""Coca-Cola"",""brand:ja"":""コカ・コーラ"",""brand:wikidata"":""Q2813"",""check_date"":""2025-05-17"",""drink:cola"":""yes"",""name"":""コカ・コーラ"",""name:en"":""Coca-Cola"",""name:ja"":""コカ・コーラ"",""vending"":""drinks""}",vending_machine,,,,,,,
node/12806496394,アサヒ飲料,vending_machine,135.3749607,34.6533271,Point,"{""amenity"":""vending_machine"",""brand"":""Asahi SOFT DRINKS"",""brand:en"":""Asahi SOFT DRINKS"",""brand:ja"":""アサヒ飲料"",""brand:wikidata"":""Q1833890"",""check_date"":""2025-05-17"",""name"":""アサヒ飲料"",""name:en"":""Asahi Soft Drinks"",""name:ja"":""アサヒ飲料"",""short_name:en"":""Asahi"",""vending"":""drinks""}",vending_machine,,,,,,,
node/12806496395,コカ・コーラ,vending_machine,135.374969,34.653337,Point,"{""amenity"":""vending_machine"",""brand"":""コカ・コーラ"",""brand:en"":""Coca-Cola"",""brand:ja"":""コカ・コーラ"",""brand:wikidata"":""Q2813"",""check_date"":""2025-05-17"",""drink:cola"":""yes"",""name"":""コカ・コーラ"",""name:en"":""Coca-Cola"",""name:ja"":""コカ・コーラ"",""vending"":""drinks""}",vending_machine,,,,,,,
node/12806496396,キリンビバレッジ,vending_machine,135.3749798,34.6533486,Point,"{""alt_name"":""キリンBV"",""amenity"":""vending_machine"",""brand"":""キリンビバレッジ"",""brand:en"":""Kirin Beverage"",""brand:ja"":""キリンビバレッジ"",""brand:wikidata"":""Q1833953"",""check_date"":""2025-05-17"",""drink:tea"":""yes"",""name"":""キリンビバレッジ"",""name:en"":""Kirin Beverage"",""name:ja"":""キリンビバレッジ"",""vending"":""drinks""}",vending_machine,,,,,,,
node/12809077368,,structure,135.3793294,34.6509733,Point,"{""playground"":""structure""}",,,,,,,,
node/12809077369,,artwork,135.3794,34.6509163,Point,"{""artwork_type"":""sculpture"",""tourism"":""artwork""}",,artwork,,,,,,
node/12809077399,,waste_basket,135.3835345,34.6506243,Point,"{""amenity"":""waste_basket""}",waste_basket,,,,,,,
node/12809077400,,fast_food,135.3836106,34.6506996,Point,"{""amenity"":""fast_food"",""check_date"":""2025-05-04"",""cuisine"":""juice""}",fast_food,,,,,,,
node/12809091225,,,135.3791315,34.6502185,Point,"{""entrance"":""yes""}",,,,,,,,
node/12809110726,未来の食体験 かるカツバーガー,fast_food,135.3794657,34.6503031,Point,"{""amenity"":""fast_food"",""check_date"":""2025-05-04"",""cuisine"":""burger"",""name"":""未来の食体験 かるカツバーガー""}",fast_food,,,,,,,
node/12809112122,サントリー,vending_machine,135.3769936,34.6527009,Point,"{""amenity"":""vending_machine"",""brand"":""サントリー"",""brand:en"":""Suntory"",""brand:ja"":""サントリー"",""brand:wikidata"":""Q1345267"",""check_date"":""2025-05-04"",""name"":""サントリー"",""name:en"":""Suntory"",""name:ja"":""サントリー"",""vending"":""drinks""}",vending_machine,,,,,,,
node/12809112123,アサヒ飲料,vending_machine,135.376985,34.6526839,Point,"{""amenity"":""vending_machine"",""brand"":""Asahi SOFT DRINKS"",""brand:en"":""Asahi SOFT DRINKS"",""brand:ja"":""アサヒ飲料"",""brand:wikidata"":""Q1833890"",""check_date"":""2025-05-04"",""name"":""アサヒ飲料"",""name:en"":""Asahi Soft Drinks"",""name:ja"":""アサヒ飲料"",""short_name:en"":""Asahi"",""vending"":""drinks""}",vending_machine,,,,,,,
node/12809112124,コカ・コーラ,vending_machine,135.3769725,34.6526685,Point,"{""amenity"":""vending_machine"",""brand"":""コカ・コーラ"",""brand:en"":""Coca-Cola"",""brand:ja"":""コカ・コーラ"",""brand:wikidata"":""Q2813"",""check_date"":""2025-05-04"",""drink:cola"":""yes"",""name"":""コカ・コーラ"",""name:en"":""Coca-Cola"",""name:ja"":""コカ・コーラ"",""vending"":""drinks""}",vending_machine,,,,,,,
node/12809112125,キリンビバレッジ,vending_machine,135.3769581,34.6526492,Point,"{""alt_name"":""キリンBV"",""amenity"":""vending_machine"",""brand"":""キリンビバレッジ"",""brand:en"":""Kirin Beverage"",""brand:ja"":""キリンビバレッジ"",""brand:wikidata"":""Q1833953"",""check_date"":""2025-05-04"",""drink:tea"":""yes"",""name"":""キリンビバレッジ"",""name:en"":""Kirin Beverage"",""name:ja"":""キリンビバレッジ"",""vending"":""drinks""}",vending_machine,,,,,,,
node/12809112126,サントリー,vending_machine,135.3769424,34.6526321,Point,"{""amenity"":""vending_machine"",""brand"":""サントリー"",""brand:en"":""Suntory"",""brand:ja"":""サントリー"",""brand:wikidata"":""Q1345267"",""check_date"":""2025-05-04"",""name"":""サントリー"",""name:en"":""Suntory"",""name:ja"":""サントリー"",""vending"":""drinks""}",vending_machine,,,,,,,
node/12809112127,アサヒ飲料,vending_machine,135.3769283,34.6526088,Point,"{""amenity"":""vending_machine"",""brand"":""Asahi SOFT DRINKS"",""brand:en"":""Asahi SOFT DRINKS"",""brand:ja"":""アサヒ飲料"",""brand:wikidata"":""Q1833890"",""check_date"":""2025-05-04"",""name"":""アサヒ飲料"",""name:en"":""Asahi Soft Drinks"",""name:ja"":""アサヒ飲料"",""short_name:en"":""Asahi"",""vending"":""drinks""}",vending_machine,,,,,,,
node/12809112128,コカ・コーラ,vending_machine,135.3769124,34.6525869,Point,"{""amenity"":""vending_machine"",""brand"":""コカ・コーラ"",""brand:en"":""Coca-Cola"",""brand:ja"":""コカ・コーラ"",""brand:wikidata"":""Q2813"",""check_date"":""2025-05-04"",""drink:cola"":""yes"",""name"":""コカ・コーラ"",""name:en"":""Coca-Cola"",""name:ja"":""コカ・コーラ"",""vending"":""drinks""}",vending_machine,,,,,,,
node/12809147427,,information,135.3769216,34.6512081,Point,"{""information"":""guidepost"",""tourism"":""information""}",,information,,,,,,
node/12809147428,,information,135.3768891,34.6512313,Point,"{""information"":""map"",""tourism"":""information""}",,information,,,,,,
node/12809147429,,information,135.3769986,34.6511562,Point,"{""information"":""map"",""tourism"":""information""}",,information,,,,,,
node/12809159362,,,135.3799555,34.6489809,Point,"{""addr:floor"":""2"",""entrance"":""yes"",""layer"":""1"",""level"":""1"",""wheelchair"":""yes""}",,,,,yes,,,
node/12809159364,,,135.3799904,34.6486663,Point,"{""entrance"":""yes"",""layer"":""1"",""level"":""1""}",,,,,,,,
node/12809163858,,information,135.3778226,34.6511066,Point,"{""information"":""board"",""tourism"":""information""}",,information,,,,,,
node/12809163859,,bench,135.3778741,34.6510881,Point,"{""amenity"":""bench""}",bench,,,,,,,
node/12809163860,,bench,135.3779121,34.6510665,Point,"{""amenity"":""bench""}",bench,,,,,,,
node/12809163861,,bench,135.3778946,34.6510761,Point,"{""amenity"":""bench""}",bench,,,,,,,
node/12809163862,,bench,135.3779446,34.6510529,Point,"{""amenity"":""bench""}",bench,,,,,,,
node/12809163863,,bench,135.3779614,34.651037,Point,"{""amenity"":""bench""}",bench,,,,,,,
node/12809164583,ネオ万葉,artwork,135.3789301,34.6509915,Point,"{""artist_name"":""横山裕一"",""artwork_type"":""mural"",""fixme"":""Please merge me into a nearby wall"",""name"":""ネオ万葉"",""tourism"":""artwork""}",,artwork,,,,,,
node/12809168016,42,information,135.3848957,34.6516955,Point,"{""board_type"":""traffic"",""information"":""board"",""name"":""42"",""tourism"":""information""}",,information,,,,,,
node/12809170636,,toilets,135.3781722,34.6511,Point,"{""amenity"":""toilets"",""check_date"":""2025-05-04"",""fee"":""no"",""portable"":""no"",""toilets:disposal"":""flush"",""toilets:handwashing"":""yes"",""unisex"":""yes""}",toilets,,,,,,,
node/12809170637,,drinking_water,135.3782995,34.650946,Point,"{""amenity"":""drinking_water"",""bottle"":""yes""}",drinking_water,,,,,,,
node/12809171995,,information,135.3823818,34.6500916,Point,"{""information"":""board"",""tourism"":""information""}",,information,,,,,,
node/12809171996,,bench,135.3828338,34.6501199,Point,"{""amenity"":""bench""}",bench,,,,,,,
node/12809174429,,,135.3829497,34.6495009,Point,"{""entrance"":""yes""}",,,,,,,,
node/12809174430,,,135.3829259,34.6495597,Point,"{""entrance"":""yes""}",,,,,,,,
node/12809174431,,,135.3828333,34.6497888,Point,"{""entrance"":""yes""}",,,,,,,,
node/12809174432,,,135.3828521,34.6497423,Point,"{""entrance"":""yes""}",,,,,,,,
node/12809174433,,,135.3828746,34.6496865,Point,"{""entrance"":""yes""}",,,,,,,,
node/12809174434,,,135.3828988,34.6496268,Point,"{""entrance"":""yes""}",,,,,,,,
node/12809198282,,waste_basket,135.3843314,34.6504649,Point,"{""amenity"":""waste_basket""}",waste_basket,,,,,,,
node/12809213201,,fast_food,135.3836798,34.6506871,Point,"{""amenity"":""fast_food"",""check_date"":""2025-05-04""}",fast_food,,,,,,,
node/12809213202,EXPO2025 OFFICIAL STORE 大丸松坂屋百貨店,gift,135.3837915,34.6506583,Point,"{""check_date"":""2025-05-04"",""name"":""EXPO2025 OFFICIAL STORE 大丸松坂屋百貨店"",""shop"":""gift""}",,,gift,,,,,
node/12809223684,,elevator,135.3831913,34.6491091,Point,"{""addr:floor"":""1;2"",""highway"":""elevator"",""level"":""0;1""}",,,,,,,,
node/12809223685,,tree,135.3831198,34.6489895,Point,"{""natural"":""tree"",""species"":""Ginkgo biloba""}",,,,,,,,
node/12809223686,校舎の記憶と共に移植するイチョウの木,information,135.3831354,34.649027,Point,"{""information"":""board"",""name"":""校舎の記憶と共に移植するイチョウの木"",""name:en"":""The Gingko Tree Replanted Together with the School's Memories"",""tourism"":""information""}",,information,,,,,,
node/12809224607,カザフスタン,exhibition_centre,135.3848238,34.6513556,Point,"{""wikimedia_commons"":""File:Expo 2025 Kazakhstan Pavilion Booth (Commons F Pavilion) 01.JPG"",""amenity"":""exhibition_centre"",""check_date"":""2025-05-04"",""country"":""KZ"",""name"":""カザフスタン"",""website"":""https://www.expo2025.or.jp/official-participant/kazakhstan/"",""ref"":""C05""}",exhibition_centre,,,KZ,,,https://www.expo2025.or.jp/official-participant/kazakhstan/,
node/12809224608,アルメニア,exhibition_centre,135.3847811,34.6512807,Point,"{""wikimedia_commons"":""File:Expo 2025 Armenia Pavilion Booth (Commons F Pavilion) 01.JPG"",""amenity"":""exhibition_centre"",""check_date"":""2025-05-04"",""country"":""AM"",""name"":""アルメニア"",""website"":""https://www.expo2025.or.jp/official-participant/armenia/"",""ref"":""C05""}",exhibition_centre,,,AM,,,https://www.expo2025.or.jp/official-participant/armenia/,
node/12809224609,ブルネイ,exhibition_centre,135.3847376,34.651209,Point,"{""wikimedia_commons"":""File:Expo 2025 Brunei Pavilion Booth (Commons F Pavilion) 01.JPG"",""amenity"":""exhibition_centre"",""check_date"":""2025-05-04"",""country"":""BN"",""name"":""ブルネイ"",""website"":""https://www.expo2025.or.jp/official-participant/brunei/"",""ref"":""C05""}",exhibition_centre,,,BN,,,https://www.expo2025.or.jp/official-participant/brunei/,
node/12809227829,43,information,135.385046,34.6516382,Point,"{""board_type"":""traffic"",""information"":""board"",""name"":""43"",""tourism"":""information""}",,information,,,,,,
node/12809230600,アサヒ飲料,vending_machine,135.383711,34.6505035,Point,"{""amenity"":""vending_machine"",""brand"":""Asahi SOFT DRINKS"",""brand:en"":""Asahi SOFT DRINKS"",""brand:ja"":""アサヒ飲料"",""brand:wikidata"":""Q1833890"",""check_date"":""2025-05-04"",""name"":""アサヒ飲料"",""name:en"":""Asahi Soft Drinks"",""name:ja"":""アサヒ飲料"",""short_name:en"":""Asahi"",""vending"":""drinks""}",vending_machine,,,,,,,
node/12809244627,,waste_basket,135.383027,34.6493781,Point,"{""amenity"":""waste_basket""}",waste_basket,,,,,,,
node/12809246274,,tree,135.3848033,34.6479509,Point,"{""natural"":""tree""}",,,,,,,,
node/12809249001,コカ・コーラ,vending_machine,135.3837112,34.6504856,Point,"{""amenity"":""vending_machine"",""brand"":""コカ・コーラ"",""brand:en"":""Coca-Cola"",""brand:ja"":""コカ・コーラ"",""brand:wikidata"":""Q2813"",""check_date"":""2025-05-04"",""drink:cola"":""yes"",""name"":""コカ・コーラ"",""name:en"":""Coca-Cola"",""name:ja"":""コカ・コーラ"",""vending"":""drinks""}",vending_machine,,,,,,,
node/12809249002,コカ・コーラ,vending_machine,135.3836896,34.6505033,Point,"{""amenity"":""vending_machine"",""brand"":""コカ・コーラ"",""brand:en"":""Coca-Cola"",""brand:ja"":""コカ・コーラ"",""brand:wikidata"":""Q2813"",""check_date"":""2025-05-04"",""drink:cola"":""yes"",""name"":""コカ・コーラ"",""name:en"":""Coca-Cola"",""name:ja"":""コカ・コーラ"",""vending"":""drinks""}",vending_machine,,,,,,,
node/12809249003,,drinking_water,135.3836897,34.6504854,Point,"{""amenity"":""drinking_water"",""bottle"":""yes""}",drinking_water,,,,,,,
node/12809249004,大塚食品,vending_machine,135.3836681,34.6505031,Point,"{""amenity"":""vending_machine"",""brand"":""大塚"",""brand:en"":""Otsuka"",""brand:ja"":""大塚"",""brand:wikidata"":""Q11434124"",""check_date"":""2025-05-04"",""name"":""大塚食品"",""name:en"":""Otsuka Foods"",""name:ja"":""大塚食品"",""vending"":""food""}",vending_machine,,,,,,,
node/12809249005,コカ・コーラ,vending_machine,135.3836681,34.6504852,Point,"{""amenity"":""vending_machine"",""brand"":""コカ・コーラ"",""brand:en"":""Coca-Cola"",""brand:ja"":""コカ・コーラ"",""brand:wikidata"":""Q2813"",""check_date"":""2025-05-04"",""drink:cola"":""yes"",""name"":""コカ・コーラ"",""name:en"":""Coca-Cola"",""name:ja"":""コカ・コーラ"",""vending"":""drinks""}",vending_machine,,,,,,,
node/12809249006,コカ・コーラ,vending_machine,135.3836467,34.6505029,Point,"{""amenity"":""vending_machine"",""brand"":""コカ・コーラ"",""brand:en"":""Coca-Cola"",""brand:ja"":""コカ・コーラ"",""brand:wikidata"":""Q2813"",""check_date"":""2025-05-04"",""drink:cola"":""yes"",""name"":""コカ・コーラ"",""name:en"":""Coca-Cola"",""name:ja"":""コカ・コーラ"",""vending"":""drinks""}",vending_machine,,,,,,,
node/12809249007,大塚食品,vending_machine,135.3836466,34.650485,Point,"{""amenity"":""vending_machine"",""brand"":""大塚"",""brand:en"":""Otsuka"",""brand:ja"":""大塚"",""brand:wikidata"":""Q11434124"",""check_date"":""2025-05-04"",""name"":""大塚食品"",""name:en"":""Otsuka Foods"",""name:ja"":""大塚食品"",""vending"":""food""}",vending_machine,,,,,,,
node/12809251734,Dialogue Theater いのちのあかし,information,135.3831139,34.6493022,Point,"{""information"":""board"",""name"":""Dialogue Theater いのちのあかし"",""tourism"":""information""}",,information,,,,,,
node/12809257092,,stage,135.3853154,34.6491839,Point,"{""amenity"":""stage"",""check_date"":""2025-05-04"",""covered"":""yes""}",stage,,,,,,,
node/12809257308,サントリー,vending_machine,135.3860793,34.6470127,Point,"{""amenity"":""vending_machine"",""brand"":""サントリー"",""brand:en"":""Suntory"",""brand:ja"":""サントリー"",""brand:wikidata"":""Q1345267"",""check_date"":""2025-05-04"",""name"":""サントリー"",""name:en"":""Suntory"",""name:ja"":""サントリー"",""vending"":""drinks""}",vending_machine,,,,,,,
node/12809257309,サントリー,vending_machine,135.386063,34.6470255,Point,"{""amenity"":""vending_machine"",""brand"":""サントリー"",""brand:en"":""Suntory"",""brand:ja"":""サントリー"",""brand:wikidata"":""Q1345267"",""check_date"":""2025-05-04"",""name"":""サントリー"",""name:en"":""Suntory"",""name:ja"":""サントリー"",""vending"":""drinks""}",vending_machine,,,,,,,
node/12809257310,サントリー,vending_machine,135.3860937,34.6470251,Point,"{""amenity"":""vending_machine"",""brand"":""サントリー"",""brand:en"":""Suntory"",""brand:ja"":""サントリー"",""brand:wikidata"":""Q1345267"",""check_date"":""2025-05-04"",""name"":""サントリー"",""name:en"":""Suntory"",""name:ja"":""サントリー"",""vending"":""drinks""}",vending_machine,,,,,,,
node/12809257311,サントリー,vending_machine,135.3860773,34.6470379,Point,"{""amenity"":""vending_machine"",""brand"":""サントリー"",""brand:en"":""Suntory"",""brand:ja"":""サントリー"",""brand:wikidata"":""Q1345267"",""check_date"":""2025-05-04"",""name"":""サントリー"",""name:en"":""Suntory"",""name:ja"":""サントリー"",""vending"":""drinks""}",vending_machine,,,,,,,
node/12809259253,73,information,135.3864487,34.6474449,Point,"{""board_type"":""traffic"",""information"":""board"",""name"":""73"",""tourism"":""information""}",,information,,,,,,
node/12809268296,Dialogue Theater いのちのあかし,information,135.3830914,34.648773,Point,"{""information"":""board"",""name"":""Dialogue Theater いのちのあかし"",""tourism"":""information""}",,information,,,,,,
node/12809268297,,information,135.3833443,34.6487496,Point,"{""information"":""map"",""tourism"":""information""}",,information,,,,,,
node/12809268298,いのちパーク,information,135.3833128,34.6487689,Point,"{""information"":""board"",""name"":""いのちパーク"",""tourism"":""information""}",,information,,,,,,
node/12809273981,69,information,135.3867391,34.6478869,Point,"{""board_type"":""traffic"",""information"":""board"",""name"":""69"",""tourism"":""information""}",,information,,,,,,
node/12809277241,62,information,135.3870047,34.6488249,Point,"{""board_type"":""traffic"",""information"":""board"",""name"":""62"",""tourism"":""information""}",,information,,,,,,
node/12809278327,,,135.3862747,34.6477767,Point,"{""entrance"":""yes""}",,,,,,,,
node/12809278328,,,135.386037,34.6476757,Point,"{""entrance"":""main""}",,,,,,,,
node/12809278329,サントリー,vending_machine,135.3866385,34.6477397,Point,"{""amenity"":""vending_machine"",""brand"":""サントリー"",""brand:en"":""Suntory"",""brand:ja"":""サントリー"",""brand:wikidata"":""Q1345267"",""check_date"":""2025-05-04"",""name"":""サントリー"",""name:en"":""Suntory"",""name:ja"":""サントリー"",""vending"":""drinks""}",vending_machine,,,,,,,
node/12809278330,サントリー,vending_machine,135.3866639,34.6477293,Point,"{""amenity"":""vending_machine"",""brand"":""サントリー"",""brand:en"":""Suntory"",""brand:ja"":""サントリー"",""brand:wikidata"":""Q1345267"",""check_date"":""2025-05-04"",""name"":""サントリー"",""name:en"":""Suntory"",""name:ja"":""サントリー"",""vending"":""drinks""}",vending_machine,,,,,,,
node/12809278331,サントリー,vending_machine,135.3866501,34.6477587,Point,"{""amenity"":""vending_machine"",""brand"":""サントリー"",""brand:en"":""Suntory"",""brand:ja"":""サントリー"",""brand:wikidata"":""Q1345267"",""check_date"":""2025-05-04"",""name"":""サントリー"",""name:en"":""Suntory"",""name:ja"":""サントリー"",""vending"":""drinks""}",vending_machine,,,,,,,
node/12809278332,サントリー,vending_machine,135.3866728,34.64775,Point,"{""amenity"":""vending_machine"",""brand"":""サントリー"",""brand:en"":""Suntory"",""brand:ja"":""サントリー"",""brand:wikidata"":""Q1345267"",""check_date"":""2025-05-04"",""name"":""サントリー"",""name:en"":""Suntory"",""name:ja"":""サントリー"",""vending"":""drinks""}",vending_machine,,,,,,,
node/12809281094,,,135.3853553,34.6493398,Point,"{""entrance"":""yes""}",,,,,,,,
node/12809281095,,,135.3854007,34.6492232,Point,"{""entrance"":""yes""}",,,,,,,,
node/12809281096,アストロスパーク,restaurant,135.3852459,34.6493582,Point,"{""amenity"":""restaurant"",""check_date"":""2025-07-06"",""cuisine"":""american"",""level"":""0"",""name"":""アストロスパーク"",""takeaway"":""yes""}",restaurant,,,,,,,
node/12809281097,,gift,135.3853761,34.6493929,Point,"{""check_date"":""2025-05-04"",""level"":""0"",""shop"":""gift""}",,,gift,,,,,
node/12809281098,,tree,135.3852277,34.6492723,Point,"{""natural"":""tree""}",,,,,,,,
node/12809281099,,artwork,135.3852403,34.649223,Point,"{""artwork_type"":""sculpture"",""tourism"":""artwork""}",,artwork,,,,,,
node/12809284134,,drinking_water,135.386108,34.6470375,Point,"{""amenity"":""drinking_water"",""bottle"":""yes""}",drinking_water,,,,,,,
node/12809284135,,drinking_water,135.3860916,34.6470503,Point,"{""amenity"":""drinking_water"",""bottle"":""yes""}",drinking_water,,,,,,,
node/12809288266,大塚食品,vending_machine,135.3868871,34.648208,Point,"{""amenity"":""vending_machine"",""brand"":""大塚"",""brand:en"":""Otsuka"",""brand:ja"":""大塚"",""brand:wikidata"":""Q11434124"",""check_date"":""2025-05-04"",""name"":""大塚食品"",""name:en"":""Otsuka Foods"",""name:ja"":""大塚食品"",""vending"":""food""}",vending_machine,,,,,,,
node/12809288267,大塚食品,vending_machine,135.3868657,34.6482134,Point,"{""amenity"":""vending_machine"",""brand"":""大塚"",""brand:en"":""Otsuka"",""brand:ja"":""大塚"",""brand:wikidata"":""Q11434124"",""check_date"":""2025-05-04"",""name"":""大塚食品"",""name:en"":""Otsuka Foods"",""name:ja"":""大塚食品"",""vending"":""food""}",vending_machine,,,,,,,
node/12809288268,大塚食品,vending_machine,135.3868754,34.6482394,Point,"{""amenity"":""vending_machine"",""brand"":""大塚"",""brand:en"":""Otsuka"",""brand:ja"":""大塚"",""brand:wikidata"":""Q11434124"",""check_date"":""2025-05-04"",""name"":""大塚食品"",""name:en"":""Otsuka Foods"",""name:ja"":""大塚食品"",""vending"":""food""}",vending_machine,,,,,,,
node/12809288269,大塚食品,vending_machine,135.3868968,34.648234,Point,"{""amenity"":""vending_machine"",""brand"":""大塚"",""brand:en"":""Otsuka"",""brand:ja"":""大塚"",""brand:wikidata"":""Q11434124"",""check_date"":""2025-05-04"",""name"":""大塚食品"",""name:en"":""Otsuka Foods"",""name:ja"":""大塚食品"",""vending"":""food""}",vending_machine,,,,,,,
node/12809288303,70,information,135.3866857,34.6477873,Point,"{""board_type"":""traffic"",""information"":""board"",""name"":""70"",""tourism"":""information""}",,information,,,,,,
node/12809306096,,waste_basket,135.379266,34.6507818,Point,"{""amenity"":""waste_basket""}",waste_basket,,,,,,,
node/12809321203,,gift,135.381283,34.6498554,Point,"{""check_date"":""2025-05-04"",""operator"":""カンボジア"",""shop"":""gift""}",,,gift,,,,,
node/12809337514,,,135.3767033,34.6523694,Point,"{""entrance"":""yes""}",,,,,,,,
node/12810742783,,,135.3832214,34.6490874,Point,"{""entrance"":""yes""}",,,,,,,,
node/12810823442,,,135.3831967,34.6492652,Point,"{""entrance"":""yes""}",,,,,,,,
node/12811025168,,,135.3843097,34.6495614,Point,"{""entrance"":""yes""}",,,,,,,,
node/12811025173,,,135.3841761,34.6494807,Point,"{""entrance"":""yes""}",,,,,,,,
node/12811025175,,,135.3842251,34.6494119,Point,"{""entrance"":""yes""}",,,,,,,,
node/12811681071,サントリー,vending_machine,135.3808486,34.6485078,Point,"{""amenity"":""vending_machine"",""brand"":""サントリー"",""brand:en"":""Suntory"",""brand:ja"":""サントリー"",""brand:wikidata"":""Q1345267"",""check_date"":""2025-05-11"",""name"":""サントリー"",""name:en"":""Suntory"",""name:ja"":""サントリー"",""vending"":""drinks""}",vending_machine,,,,,,,
node/12811681072,サントリー,vending_machine,135.3808589,34.6485104,Point,"{""amenity"":""vending_machine"",""brand"":""サントリー"",""brand:en"":""Suntory"",""brand:ja"":""サントリー"",""brand:wikidata"":""Q1345267"",""check_date"":""2025-05-11"",""name"":""サントリー"",""name:en"":""Suntory"",""name:ja"":""サントリー"",""vending"":""drinks""}",vending_machine,,,,,,,
node/12811681073,サントリー,vending_machine,135.3808691,34.6485131,Point,"{""amenity"":""vending_machine"",""brand"":""サントリー"",""brand:en"":""Suntory"",""brand:ja"":""サントリー"",""brand:wikidata"":""Q1345267"",""check_date"":""2025-05-11"",""name"":""サントリー"",""name:en"":""Suntory"",""name:ja"":""サントリー"",""vending"":""drinks""}",vending_machine,,,,,,,
node/12811681074,サントリー,vending_machine,135.3808794,34.6485157,Point,"{""amenity"":""vending_machine"",""brand"":""サントリー"",""brand:en"":""Suntory"",""brand:ja"":""サントリー"",""brand:wikidata"":""Q1345267"",""check_date"":""2025-05-11"",""name"":""サントリー"",""name:en"":""Suntory"",""name:ja"":""サントリー"",""vending"":""drinks""}",vending_machine,,,,,,,
node/12811681075,サントリー,vending_machine,135.3808897,34.6485184,Point,"{""amenity"":""vending_machine"",""brand"":""サントリー"",""brand:en"":""Suntory"",""brand:ja"":""サントリー"",""brand:wikidata"":""Q1345267"",""check_date"":""2025-05-11"",""name"":""サントリー"",""name:en"":""Suntory"",""name:ja"":""サントリー"",""vending"":""drinks""}",vending_machine,,,,,,,
node/12811681076,サントリー,vending_machine,135.3809,34.648521,Point,"{""amenity"":""vending_machine"",""brand"":""サントリー"",""brand:en"":""Suntory"",""brand:ja"":""サントリー"",""brand:wikidata"":""Q1345267"",""check_date"":""2025-05-11"",""name"":""サントリー"",""name:en"":""Suntory"",""name:ja"":""サントリー"",""vending"":""drinks""}",vending_machine,,,,,,,
node/12811681077,サントリー,vending_machine,135.3809102,34.6485237,Point,"{""amenity"":""vending_machine"",""brand"":""サントリー"",""brand:en"":""Suntory"",""brand:ja"":""サントリー"",""brand:wikidata"":""Q1345267"",""check_date"":""2025-05-11"",""name"":""サントリー"",""name:en"":""Suntory"",""name:ja"":""サントリー"",""vending"":""drinks""}",vending_machine,,,,,,,
node/12811681078,サントリー,vending_machine,135.3809205,34.6485263,Point,"{""amenity"":""vending_machine"",""brand"":""サントリー"",""brand:en"":""Suntory"",""brand:ja"":""サントリー"",""brand:wikidata"":""Q1345267"",""check_date"":""2025-05-11"",""name"":""サントリー"",""name:en"":""Suntory"",""name:ja"":""サントリー"",""vending"":""drinks""}",vending_machine,,,,,,,
node/12811909417,,tree,135.3825373,34.647645,Point,"{""natural"":""tree""}",,,,,,,,
node/12811909418,,tree,135.3825762,34.6476345,Point,"{""natural"":""tree""}",,,,,,,,
node/12811909419,,tree,135.3828934,34.6477498,Point,"{""natural"":""tree""}",,,,,,,,
node/12811909420,,tree,135.3827841,34.6477289,Point,"{""natural"":""tree""}",,,,,,,,
node/12811909421,,tree,135.3832199,34.6474552,Point,"{""natural"":""tree""}",,,,,,,,
node/12811909422,,tree,135.382996,34.6476776,Point,"{""natural"":""tree""}",,,,,,,,
node/12811909423,,tree,135.3830396,34.6476748,Point,"{""natural"":""tree""}",,,,,,,,
node/12811909424,,tree,135.3830684,34.6476494,Point,"{""natural"":""tree""}",,,,,,,,
node/12811909425,,tree,135.3830235,34.6476472,Point,"{""natural"":""tree""}",,,,,,,,
node/12811909426,,tree,135.3829135,34.6479236,Point,"{""natural"":""tree""}",,,,,,,,
node/12811909427,,tree,135.3829454,34.6479048,Point,"{""natural"":""tree""}",,,,,,,,
node/12811909428,,tree,135.3829467,34.6478679,Point,"{""natural"":""tree""}",,,,,,,,
node/12811909429,,tree,135.3829138,34.6478839,Point,"{""natural"":""tree""}",,,,,,,,
node/12811909430,,tree,135.3830168,34.6477945,Point,"{""natural"":""tree""}",,,,,,,,
node/12811909431,,tree,135.3830308,34.6478345,Point,"{""natural"":""tree""}",,,,,,,,
node/12811909432,,tree,135.3830446,34.6478055,Point,"{""natural"":""tree""}",,,,,,,,
node/12811909433,,tree,135.3830697,34.6478389,Point,"{""natural"":""tree""}",,,,,,,,
node/12811909434,,tree,135.3830959,34.6478806,Point,"{""natural"":""tree""}",,,,,,,,
node/12811909435,,tree,135.383057,34.6478706,Point,"{""natural"":""tree""}",,,,,,,,
node/12811909436,,tree,135.383283,34.648147,Point,"{""natural"":""tree""}",,,,,,,,
node/12811909437,,tree,135.38323,34.6481415,Point,"{""natural"":""tree""}",,,,,,,,
node/12811909438,,tree,135.3832434,34.6481045,Point,"{""natural"":""tree""}",,,,,,,,
node/12811909439,,tree,135.3832059,34.6481172,Point,"{""natural"":""tree""}",,,,,,,,
node/12811909440,,tree,135.383171,34.6481012,Point,"{""natural"":""tree""}",,,,,,,,
node/12811909441,,tree,135.3831914,34.6480678,Point,"{""natural"":""tree""}",,,,,,,,
node/12811909442,,tree,135.3832005,34.6480374,Point,"{""natural"":""tree""}",,,,,,,,
node/12811909443,,tree,135.3831837,34.6480014,Point,"{""natural"":""tree""}",,,,,,,,
node/12811909444,,tree,135.3831522,34.6480207,Point,"{""natural"":""tree""}",,,,,,,,
node/12811909445,,tree,135.383112,34.6480212,Point,"{""natural"":""tree""}",,,,,,,,
node/12811909446,,tree,135.3831187,34.6479699,Point,"{""natural"":""tree""}",,,,,,,,
node/12811909447,,tree,135.3831616,34.6479556,Point,"{""natural"":""tree""}",,,,,,,,
node/12811909448,,tree,135.3829484,34.6484184,Point,"{""natural"":""tree""}",,,,,,,,
node/12811909449,,tree,135.3829732,34.6484526,Point,"{""natural"":""tree""}",,,,,,,,
node/12811909450,,tree,135.3829748,34.6482959,Point,"{""natural"":""tree""}",,,,,,,,
node/12811909451,,tree,135.3829353,34.6482838,Point,"{""natural"":""tree""}",,,,,,,,
node/12811909452,,tree,135.3829531,34.648307,Point,"{""natural"":""tree""}",,,,,,,,
node/12811909453,,tree,135.3829303,34.648056,Point,"{""natural"":""tree""}",,,,,,,,
node/12811909454,,tree,135.3829611,34.6480632,Point,"{""natural"":""tree""}",,,,,,,,
node/12811909455,,tree,135.3829873,34.6480356,Point,"{""natural"":""tree""}",,,,,,,,
node/12811909456,,tree,135.3829685,34.648003,Point,"{""natural"":""tree""}",,,,,,,,
node/12811909457,,tree,135.3829403,34.6480317,Point,"{""natural"":""tree""}",,,,,,,,
node/12811909458,,tree,135.3829638,34.6480949,Point,"{""natural"":""tree""}",,,,,,,,
node/12811909459,,tree,135.3829765,34.6481685,Point,"{""natural"":""tree""}",,,,,,,,
node/12811909460,,tree,135.3829645,34.6482005,Point,"{""natural"":""tree""}",,,,,,,,
node/12811909461,,tree,135.3829484,34.6482347,Point,"{""natural"":""tree""}",,,,,,,,
node/12811909462,,tree,135.3829635,34.6482695,Point,"{""natural"":""tree""}",,,,,,,,
node/12811909463,,tree,135.3830798,34.6486639,Point,"{""natural"":""tree""}",,,,,,,,
node/12811909464,,tree,135.3830952,34.6486291,Point,"{""natural"":""tree""}",,,,,,,,
node/12811909465,,tree,135.383122,34.6486523,Point,"{""natural"":""tree""}",,,,,,,,
node/12811909466,,tree,135.3831321,34.6486782,Point,"{""natural"":""tree""}",,,,,,,,
node/12811909467,,tree,135.383401,34.6486269,Point,"{""natural"":""tree""}",,,,,,,,
node/12811909468,,tree,135.3834426,34.648612,Point,"{""natural"":""tree""}",,,,,,,,
node/12811909469,,tree,135.3834338,34.6486402,Point,"{""natural"":""tree""}",,,,,,,,
node/12811909470,,tree,135.3837705,34.6482413,Point,"{""natural"":""tree""}",,,,,,,,
node/12811909471,,tree,135.383682,34.6482844,Point,"{""natural"":""tree""}",,,,,,,,
node/12811909472,,tree,135.38357,34.6482402,Point,"{""natural"":""tree""}",,,,,,,,
node/12811909473,,tree,135.3834365,34.6482651,Point,"{""natural"":""tree""}",,,,,,,,
node/12811909474,,tree,135.3834976,34.6483202,Point,"{""natural"":""tree""}",,,,,,,,
node/12811909475,,tree,135.3834667,34.6483031,Point,"{""natural"":""tree""}",,,,,,,,
node/12811909476,,tree,135.3833748,34.6482755,Point,"{""natural"":""tree""}",,,,,,,,
node/12811909477,,tree,135.3833614,34.6483092,Point,"{""natural"":""tree""}",,,,,,,,
node/12811909478,,tree,135.3833748,34.6483417,Point,"{""natural"":""tree""}",,,,,,,,
node/12811909479,,tree,135.3834144,34.6483263,Point,"{""natural"":""tree""}",,,,,,,,
node/12811909480,,tree,135.383403,34.6483004,Point,"{""natural"":""tree""}",,,,,,,,
node/12811909493,,artwork,135.3832344,34.6486445,Point,"{""artwork_type"":""mural"",""description"":""こみゃく"",""man_made"":""column"",""tourism"":""artwork""}",,artwork,,,,,,
node/12813234434,,artwork,135.3786588,34.6506471,Point,"{""artwork_type"":""painting"",""tourism"":""artwork""}",,artwork,,,,,,
node/12813238692,,artwork,135.378284,34.6507385,Point,"{""artwork_type"":""painting"",""tourism"":""artwork""}",,artwork,,,,,,
node/12813248348,,artwork,135.3784724,34.6507012,Point,"{""artwork_type"":""painting"",""tourism"":""artwork""}",,artwork,,,,,,
node/12813251519,,bench,135.376099,34.6537712,Point,"{""access"":""yes"",""amenity"":""bench"",""backrest"":""no""}",bench,,,,,,,
node/12813251521,潮流,artwork,135.3762709,34.6542912,Point,"{""artist_name"":""中西 保裕"",""artwork_type"":""sculpture"",""name"":""潮流"",""tourism"":""artwork""}",,artwork,,,,,,
node/12813266945,,gift,135.3816994,34.6480285,Point,"{""check_date"":""2025-05-06"",""shop"":""gift""}",,,gift,,,,,
node/12813268774,ジョニーウォーカーバー,bar,135.3817344,34.6481019,Point,"{""addr:floor"":""2"",""amenity"":""bar"",""check_date"":""2025-05-06"",""level"":""1"",""name"":""ジョニーウォーカーバー"",""name:en"":""JOHNNIE WALKER"",""name:ja"":""ジョニーウォーカーバー""}",bar,,,,,,,
node/12813269686,,,135.3811376,34.6479999,Point,"{""entrance"":""yes""}",,,,,,,,
node/12813269687,,,135.3810934,34.6479667,Point,"{""entrance"":""yes""}",,,,,,,,
node/12813269688,,,135.3810668,34.6479406,Point,"{""entrance"":""yes""}",,,,,,,,
node/12813271501,,drinking_water,135.3760987,34.6524627,Point,"{""amenity"":""drinking_water"",""bottle"":""yes""}",drinking_water,,,,,,,
node/12813271503,サントリー,vending_machine,135.3761034,34.6524732,Point,"{""amenity"":""vending_machine"",""brand"":""サントリー"",""brand:en"":""Suntory"",""brand:ja"":""サントリー"",""brand:wikidata"":""Q1345267"",""check_date"":""2025-05-06"",""name"":""サントリー"",""name:en"":""Suntory"",""name:ja"":""サントリー"",""vending"":""drinks""}",vending_machine,,,,,,,
node/12813271504,コカ・コーラ,vending_machine,135.3761081,34.6524837,Point,"{""amenity"":""vending_machine"",""brand"":""コカ・コーラ"",""brand:en"":""Coca-Cola"",""brand:ja"":""コカ・コーラ"",""brand:wikidata"":""Q2813"",""check_date"":""2025-05-06"",""drink:cola"":""yes"",""name"":""コカ・コーラ"",""name:en"":""Coca-Cola"",""name:ja"":""コカ・コーラ"",""vending"":""drinks""}",vending_machine,,,,,,,
node/12813271505,アサヒ飲料,vending_machine,135.3761128,34.6524942,Point,"{""amenity"":""vending_machine"",""brand"":""Asahi SOFT DRINKS"",""brand:en"":""Asahi SOFT DRINKS"",""brand:ja"":""アサヒ飲料"",""brand:wikidata"":""Q1833890"",""check_date"":""2025-05-06"",""name"":""アサヒ飲料"",""name:en"":""Asahi Soft Drinks"",""name:ja"":""アサヒ飲料"",""short_name:en"":""Asahi"",""vending"":""drinks""}",vending_machine,,,,,,,
node/12813271506,キリンビバレッジ,vending_machine,135.3761175,34.6525047,Point,"{""alt_name"":""キリンBV"",""amenity"":""vending_machine"",""brand"":""キリンビバレッジ"",""brand:en"":""Kirin Beverage"",""brand:ja"":""キリンビバレッジ"",""brand:wikidata"":""Q1833953"",""check_date"":""2025-05-06"",""drink:tea"":""yes"",""name"":""キリンビバレッジ"",""name:en"":""Kirin Beverage"",""name:ja"":""キリンビバレッジ"",""vending"":""drinks""}",vending_machine,,,,,,,
node/12813271507,大塚食品,vending_machine,135.3761222,34.6525152,Point,"{""amenity"":""vending_machine"",""brand"":""大塚"",""brand:en"":""Otsuka"",""brand:ja"":""大塚"",""brand:wikidata"":""Q11434124"",""check_date"":""2025-05-06"",""name"":""大塚食品"",""name:en"":""Otsuka Foods"",""name:ja"":""大塚食品"",""vending"":""food""}",vending_machine,,,,,,,
node/12813271508,伊藤園,vending_machine,135.3761269,34.6525256,Point,"{""alt_name:en"":""ITOEN"",""amenity"":""vending_machine"",""brand"":""伊藤園"",""brand:en"":""Ito En"",""brand:ja"":""伊藤園"",""brand:wikidata"":""Q3079325"",""check_date"":""2025-05-06"",""drink:tea"":""yes"",""name"":""伊藤園"",""name:en"":""Ito En"",""name:ja"":""伊藤園"",""vending"":""drinks""}",vending_machine,,,,,,,
node/12813271509,コカ・コーラ,vending_machine,135.3761317,34.6525361,Point,"{""amenity"":""vending_machine"",""brand"":""コカ・コーラ"",""brand:en"":""Coca-Cola"",""brand:ja"":""コカ・コーラ"",""brand:wikidata"":""Q2813"",""check_date"":""2025-05-06"",""drink:cola"":""yes"",""name"":""コカ・コーラ"",""name:en"":""Coca-Cola"",""name:ja"":""コカ・コーラ"",""vending"":""drinks""}",vending_machine,,,,,,,
node/12813271510,キリンビバレッジ,vending_machine,135.3761364,34.6525466,Point,"{""alt_name"":""キリンBV"",""amenity"":""vending_machine"",""brand"":""キリンビバレッジ"",""brand:en"":""Kirin Beverage"",""brand:ja"":""キリンビバレッジ"",""brand:wikidata"":""Q1833953"",""check_date"":""2025-05-06"",""drink:tea"":""yes"",""name"":""キリンビバレッジ"",""name:en"":""Kirin Beverage"",""name:ja"":""キリンビバレッジ"",""vending"":""drinks""}",vending_machine,,,,,,,
node/12813275824,,information,135.377416,34.6509633,Point,"{""information"":""board"",""tourism"":""information""}",,information,,,,,,
node/12813287231,,shelter,135.3774981,34.6508243,Point,"{""amenity"":""shelter"",""shelter_type"":""picnic_shelter""}",shelter,,,,,,,
node/12813287429,,,135.3816199,34.6480168,Point,"{""entrance"":""main""}",,,,,,,,
node/12813303322,,artwork,135.3810823,34.6476674,Point,"{""artwork_type"":""mural"",""tourism"":""artwork""}",,artwork,,,,,,
node/12813327747,,restaurant,135.3817661,34.6480133,Point,"{""amenity"":""restaurant"",""check_date"":""2025-05-06"",""payment:app"":""yes"",""payment:cards"":""yes"",""payment:contactless"":""yes"",""payment:credit_cards"":""yes"",""payment:debit_cards"":""yes"",""payment:paypay"":""yes""}",restaurant,,,,,,,
node/12813331085,EXPO2025,artwork,135.3828681,34.6475181,Point,"{""artwork_type"":""sculpture"",""inscription"":""EXPO 2025"",""mapillary"":""9657951967586468"",""name"":""EXPO2025"",""tourism"":""artwork""}",,artwork,,,,,,
node/12813337900,,,135.381742,34.6479871,Point,"{""entrance"":""yes""}",,,,,,,,
node/12813341301,,,135.3816727,34.648004,Point,"{""entrance"":""yes""}",,,,,,,,
node/12813356816,,waste_basket,135.38368,34.6482513,Point,"{""amenity"":""waste_basket""}",waste_basket,,,,,,,
node/12813358058,大阪・関西万博 BIE コスモス賞,information,135.3847614,34.6478199,Point,"{""information"":""board"",""name"":""大阪・関西万博 BIE コスモス賞"",""name:ja"":""大阪・関西万博 BIE コスモス賞"",""tourism"":""information""}",,information,,,,,,
node/12813358070,アラブ首長国連邦館,information,135.3864801,34.6479225,Point,"{""information"":""board"",""name"":""アラブ首長国連邦館"",""tourism"":""information""}",,information,,,,,,
node/12813362665,国際機関館 館内 MAP,information,135.3839402,34.6480307,Point,"{""information"":""map"",""name"":""国際機関館 館内 MAP"",""tourism"":""information""}",,information,,,,,,
node/12813363986,,information,135.3832366,34.6474021,Point,"{""information"":""board"",""tourism"":""information""}",,information,,,,,,
node/12813377165,,gift,135.3862844,34.6479097,Point,"{""check_date"":""2025-05-06"",""shop"":""gift""}",,,gift,,,,,
node/12813384861,La Poutinerie,fast_food,135.3861981,34.6478117,Point,"{""amenity"":""fast_food"",""check_date"":""2025-05-06"",""cuisine"":""canadian;poutine"",""name"":""La Poutinerie"",""outdoor_seating"":""yes"",""takeaway"":""yes""}",fast_food,,,,,,,
node/12813391056,,,135.3836713,34.6481387,Point,"{""entrance"":""yes""}",,,,,,,,
node/12813406892,,tree,135.386561,34.6481289,Point,"{""leaf_type"":""needleleaved"",""natural"":""tree""}",,,,,,,,
node/12813406893,,tree,135.3865399,34.6481164,Point,"{""leaf_type"":""broadleaved"",""natural"":""tree""}",,,,,,,,
node/12813406894,,bench,135.3865796,34.6481529,Point,"{""amenity"":""bench"",""armrest"":""no"",""backrest"":""no"",""colour"":""brown"",""covered"":""no"",""material"":""dateform"",""seats"":""3""}",bench,,,,,,,
node/12813407535,,,135.3861142,34.6483389,Point,"{""entrance"":""yes""}",,,,,,,,
node/12813411602,,tree,135.3864045,34.6478651,Point,"{""natural"":""tree""}",,,,,,,,
node/12813411603,,tree,135.3863896,34.6478367,Point,"{""natural"":""tree""}",,,,,,,,
node/12813411604,,tree,135.3864149,34.6478249,Point,"{""natural"":""tree""}",,,,,,,,
node/12813411605,,tree,135.3863838,34.6478074,Point,"{""natural"":""tree""}",,,,,,,,
node/12813411606,,restaurant,135.3862039,34.6479691,Point,"{""amenity"":""restaurant"",""check_date"":""2025-05-06"",""cuisine"":""arab;emirati""}",restaurant,,,,,,,
node/12813413783,71,information,135.3866192,34.6476874,Point,"{""board_type"":""traffic"",""information"":""board"",""name"":""71"",""tourism"":""information""}",,information,,,,,,
node/12813419046,,,135.3860596,34.6485662,Point,"{""entrance"":""main""}",,,,,,,,
node/12813427337,MAR DE PORTUGAL,restaurant,135.3856065,34.6475022,Point,"{""amenity"":""restaurant"",""check_date"":""2025-06-04"",""cuisine"":""portuguese"",""name"":""MAR DE PORTUGAL"",""name:ja"":""まるでポルトガル"",""takeaway"":""yes""}",restaurant,,,,,,,
node/12813428160,,,135.3861939,34.6479136,Point,"{""description"":""For restaurant"",""entrance"":""shop""}",,,,,,,,
node/12813452464,,gift,135.3861399,34.6485005,Point,"{""check_date"":""2025-05-06"",""shop"":""gift""}",,,gift,,,,,
node/12813465092,,information,135.3829185,34.6499368,Point,"{""information"":""map"",""tourism"":""information""}",,information,,,,,,
node/12813465093,,information,135.3829335,34.6499163,Point,"{""information"":""board"",""tourism"":""information""}",,information,,,,,,
node/12813465902,,gift,135.3855056,34.6476059,Point,"{""check_date"":""2025-05-06"",""shop"":""gift""}",,,gift,,,,,
node/12813465903,Palenke Juan Valde,cafe,135.3855196,34.6475937,Point,"{""amenity"":""cafe"",""check_date"":""2025-05-06"",""name"":""Palenke Juan Valde"",""name:en"":""Palenke Juan Valde"",""name:ja"":""フアン・バルデス・カフェ""}",cafe,,,,,,,
node/12813466190,警備控室,,135.3862776,34.6474648,Point,"{""check_date"":""2025-05-06"",""government"":""public_service"",""name"":""警備控室"",""office"":""government""}",,,,,,,,
node/12813472966,クウェート,information,135.3843714,34.6482335,Point,"{""information"":""board"",""name"":""クウェート"",""name:ja"":""クウェート"",""tourism"":""information""}",,information,,,,,,
node/12813476004,,bench,135.3827476,34.6500627,Point,"{""amenity"":""bench"",""armrest"":""no"",""backrest"":""no"",""material"":""stone"",""seats"":""2""}",bench,,,,,,,
node/12813477448,,,135.384385,34.6483632,Point,"{""entrance"":""main""}",,,,,,,,
node/12813477449,クウェート屋,gift,135.3845462,34.6485408,Point,"{""check_date"":""2025-09-09"",""name"":""クウェート屋"",""shop"":""gift""}",,,gift,,,,,
node/12813477450,SIDRA,restaurant,135.3845667,34.6484092,Point,"{""amenity"":""restaurant"",""check_date"":""2025-05-18"",""check_date:opening_hours"":""2025-05-18"",""name"":""SIDRA"",""name:en"":""SIDRA"",""name:ja"":""シドラ"",""opening_hours"":""Mo-Su,PH 11:00-21:00""}",restaurant,,,,,"Mo-Su,PH 11:00-21:00",,
node/12813479476,「いのちの未来」~変化する水~ 体験 AR,attraction,135.3835048,34.6486547,Point,"{""name"":""「いのちの未来」~変化する水~ 体験 AR"",""name:ja"":""「いのちの未来」~変化する水~ 体験 AR"",""tourism"":""attraction""}",,attraction,,,,,,
node/12813479477,「いのちの未来」~変化する水~ 体験 AR,attraction,135.3834874,34.6484081,Point,"{""name"":""「いのちの未来」~変化する水~ 体験 AR"",""name:ja"":""「いのちの未来」~変化する水~ 体験 AR"",""tourism"":""attraction""}",,attraction,,,,,,
node/12813480806,People 14.,artwork,135.3849521,34.6479993,Point,"{""artist_name"":""Julian Opie"",""artwork_type"":""mural"",""name"":""People 14."",""tourism"":""artwork""}",,artwork,,,,,,
node/12813480807,,,135.3849117,34.6481325,Point,"{""entrance"":""main""}",,,,,,,,
node/12813480808,,,135.3847041,34.6482495,Point,"{""entrance"":""main""}",,,,,,,,
node/12813480809,,,135.3846097,34.6482744,Point,"{""entrance"":""yes""}",,,,,,,,
node/12813480810,BRASILブラジル,cafe,135.3845556,34.6482175,Point,"{""amenity"":""cafe"",""check_date"":""2025-05-06"",""name"":""BRASILブラジル"",""name:ja"":""BRASILブラジル"",""takeaway"":""yes""}",cafe,,,,,,,
node/12813481038,,stage,135.384456,34.6483124,Point,"{""amenity"":""stage"",""check_date"":""2025-05-06""}",stage,,,,,,,
node/12813489569,,,135.3811718,34.6503795,Point,"{""entrance"":""yes""}",,,,,,,,
node/12813495363,future suit,artwork,135.3816619,34.6502365,Point,"{""artist_name"":""オートモアイ"",""artwork_type"":""mural"",""name"":""future suit"",""tourism"":""artwork""}",,artwork,,,,,,
node/12813529936,,gift,135.3805751,34.6515118,Point,"{""check_date"":""2025-05-06"",""shop"":""gift""}",,,gift,,,,,
node/12813530155,28,information,135.3823557,34.6517733,Point,"{""board_type"":""traffic"",""information"":""board"",""name"":""28"",""tourism"":""information""}",,information,,,,,,
node/12813535641,,,135.3813404,34.6510074,Point,"{""entrance"":""exit""}",,,,,,,,
node/12813535642,インドネシアパビリオン,information,135.3817888,34.65131,Point,"{""information"":""board"",""name"":""インドネシアパビリオン"",""tourism"":""information""}",,information,,,,,,
node/12813535875,,restaurant,135.3830225,34.6511085,Point,"{""amenity"":""restaurant"",""check_date"":""2025-05-06"",""cuisine"":""spanish""}",restaurant,,,,,,,
node/12813535876,,restaurant,135.3833902,34.6510385,Point,"{""amenity"":""restaurant"",""check_date"":""2025-05-30"",""cuisine"":""thai""}",restaurant,,,,,,,
node/12813542768,,stage,135.3830152,34.6512527,Point,"{""amenity"":""stage"",""check_date"":""2025-05-06"",""level"":""1""}",stage,,,,,,,
node/12813543041,警備控室,,135.3811703,34.6509956,Point,"{""check_date"":""2025-05-06"",""government"":""public_service"",""name"":""警備控室"",""office"":""government""}",,,,,,,,
node/12813544088,27,information,135.382152,34.651714,Point,"{""board_type"":""traffic"",""information"":""board"",""name"":""27"",""tourism"":""information""}",,information,,,,,,
node/12813544089,,information,135.3821856,34.6517086,Point,"{""information"":""map"",""tourism"":""information""}",,information,,,,,,
node/12813553861,29,information,135.3825517,34.6518263,Point,"{""board_type"":""traffic"",""information"":""board"",""name"":""29"",""tourism"":""information""}",,information,,,,,,
node/12813555572,,,135.3818519,34.6512461,Point,"{""entrance"":""main""}",,,,,,,,
node/12813556561,,cafe,135.383128,34.6511804,Point,"{""amenity"":""cafe"",""check_date"":""2025-05-06"",""outdoor_seating"":""yes""}",cafe,,,,,,,
node/12813597269,40,information,135.3846528,34.6517756,Point,"{""board_type"":""traffic"",""information"":""board"",""name"":""40"",""tourism"":""information""}",,information,,,,,,
node/12813618076,32,information,135.3832306,34.6519297,Point,"{""board_type"":""traffic"",""information"":""board"",""name"":""32"",""tourism"":""information""}",,information,,,,,,
node/12813648551,35,information,135.3838567,34.6519163,Point,"{""board_type"":""traffic"",""information"":""board"",""name"":""35"",""tourism"":""information""}",,information,,,,,,
node/12813674158,50,information,135.3861625,34.6509166,Point,"{""board_type"":""traffic"",""information"":""board"",""name"":""50"",""tourism"":""information""}",,information,,,,,,
node/12813674874,56,information,135.3868599,34.6499303,Point,"{""board_type"":""traffic"",""information"":""board"",""name"":""56"",""tourism"":""information""}",,information,,,,,,
node/12813678322,38,information,135.3843431,34.6518473,Point,"{""board_type"":""traffic"",""information"":""board"",""name"":""38"",""tourism"":""information""}",,information,,,,,,
node/12813679616,34,information,135.3836902,34.65193,Point,"{""board_type"":""traffic"",""information"":""board"",""name"":""34"",""tourism"":""information""}",,information,,,,,,
node/12813679618,Sync,artwork,135.3841145,34.6515346,Point,"{""artist_name"":""Zennyan"",""artwork_type"":""mural"",""name"":""Sync"",""tourism"":""artwork""}",,artwork,,,,,,
node/12813685821,,information,135.3845395,34.6518084,Point,"{""information"":""map"",""tourism"":""information""}",,information,,,,,,
node/12813690221,,,135.3757069,34.6522966,Point,"{""entrance"":""yes""}",,,,,,,,
node/12813698303,,waste_basket,135.3842738,34.6520441,Point,"{""amenity"":""waste_basket""}",waste_basket,,,,,,,
node/12813698304,,information,135.3843223,34.6520342,Point,"{""information"":""map"",""map_size"":""local"",""tourism"":""information""}",,information,,,,,,
node/12813698305,ポップ☆コーンミャク,artwork,135.3842039,34.6521018,Point,"{""artist_name"":""ぬQ"",""artwork_type"":""mural"",""name"":""ポップ☆コーンミャク"",""tourism"":""artwork""}",,artwork,,,,,,
node/12813698306,EXPO2025 OFFICIAL STORE KINTETSU,gift,135.3846014,34.6519765,Point,"{""check_date"":""2025-05-06"",""name"":""EXPO2025 OFFICIAL STORE KINTETSU"",""shop"":""gift""}",,,gift,,,,,
node/12813699740,つながる脈動,artwork,135.3847628,34.6513869,Point,"{""artist_name"":""KAMI"",""artwork_type"":""mural"",""name"":""つながる脈動"",""tourism"":""artwork""}",,artwork,,,,,,
node/12813703657,,information,135.3869266,34.6500106,Point,"{""information"":""map"",""tourism"":""information""}",,information,,,,,,
node/12813709311,49,information,135.3860293,34.6510392,Point,"{""board_type"":""traffic"",""information"":""board"",""name"":""49"",""tourism"":""information""}",,information,,,,,,
node/12813709312,,information,135.3859253,34.6511129,Point,"{""information"":""map"",""tourism"":""information""}",,information,,,,,,
node/12813724010,,,135.3849466,34.6512895,Point,"{""entrance"":""yes""}",,,,,,,,
node/12813730583,Oishii Germany,restaurant,135.3853327,34.6510998,Point,"{""addr:floor"":""2"",""amenity"":""restaurant"",""check_date"":""2025-06-15"",""cuisine"":""german"",""name"":""Oishii Germany""}",restaurant,,,,,,,
node/12813731092,52,information,135.3864495,34.6506023,Point,"{""board_type"":""traffic"",""information"":""board"",""name"":""52"",""tourism"":""information""}",,information,,,,,,
node/12813734369,,,135.3863616,34.6501941,Point,"{""entrance"":""main""}",,,,,,,,
node/12813734370,55,information,135.3867797,34.6501077,Point,"{""board_type"":""traffic"",""information"":""board"",""name"":""55"",""tourism"":""information""}",,information,,,,,,
node/12813750067,,stage,135.3875132,34.6489959,Point,"{""amenity"":""stage"",""check_date"":""2025-05-06""}",stage,,,,,,,
node/12813772905,電力館 可能性のタマゴたち,information,135.3872318,34.6493505,Point,"{""information"":""board"",""name"":""電力館 可能性のタマゴたち"",""tourism"":""information""}",,information,,,,,,
node/12813784889,,,135.3757286,34.651769,Point,"{""entrance"":""main""}",,,,,,,,
node/12813846392,,bench,135.3872468,34.6489517,Point,"{""amenity"":""bench"",""armrest"":""no"",""backrest"":""no"",""seats"":""6""}",bench,,,,,,,
node/12813866160,,gift,135.3874059,34.6493463,Point,"{""check_date"":""2025-05-06"",""shop"":""gift""}",,,gift,,,,,
node/12813871729,,gift,135.3865338,34.6487641,Point,"{""check_date"":""2025-05-06"",""operator"":""ベトナム"",""shop"":""gift""}",,,gift,,,,,
node/12813892633,,restaurant,135.3864718,34.6486536,Point,"{""amenity"":""restaurant"",""check_date"":""2025-05-06"",""cuisine"":""vietnamese"",""takeaway"":""only""}",restaurant,,,,,,,
node/12813899558,コカ・コーラ,vending_machine,135.3889349,34.6512572,Point,"{""amenity"":""vending_machine"",""brand"":""コカ・コーラ"",""brand:en"":""Coca-Cola"",""brand:ja"":""コカ・コーラ"",""brand:wikidata"":""Q2813"",""check_date"":""2025-05-06"",""drink:cola"":""yes"",""name"":""コカ・コーラ"",""name:en"":""Coca-Cola"",""name:ja"":""コカ・コーラ"",""vending"":""drinks""}",vending_machine,,,,,,,
node/12813899559,コカ・コーラ,vending_machine,135.3889175,34.6512443,Point,"{""amenity"":""vending_machine"",""brand"":""コカ・コーラ"",""brand:en"":""Coca-Cola"",""brand:ja"":""コカ・コーラ"",""brand:wikidata"":""Q2813"",""check_date"":""2025-05-06"",""drink:cola"":""yes"",""name"":""コカ・コーラ"",""name:en"":""Coca-Cola"",""name:ja"":""コカ・コーラ"",""vending"":""drinks""}",vending_machine,,,,,,,
node/12813899560,サントリー,vending_machine,135.3888988,34.6512309,Point,"{""amenity"":""vending_machine"",""brand"":""サントリー"",""brand:en"":""Suntory"",""brand:ja"":""サントリー"",""brand:wikidata"":""Q1345267"",""check_date"":""2025-05-06"",""name"":""サントリー"",""name:en"":""Suntory"",""name:ja"":""サントリー"",""vending"":""drinks""}",vending_machine,,,,,,,
node/12813899561,サントリー,vending_machine,135.3888824,34.6512181,Point,"{""amenity"":""vending_machine"",""brand"":""サントリー"",""brand:en"":""Suntory"",""brand:ja"":""サントリー"",""brand:wikidata"":""Q1345267"",""check_date"":""2025-05-06"",""name"":""サントリー"",""name:en"":""Suntory"",""name:ja"":""サントリー"",""vending"":""drinks""}",vending_machine,,,,,,,
node/12813899562,,drinking_water,135.3888634,34.6512064,Point,"{""amenity"":""drinking_water"",""bottle"":""yes""}",drinking_water,,,,,,,
node/12813934806,,artwork,135.3903243,34.6502614,Point,"{""artwork_type"":""mural"",""fixme"":""Please merge me into a nearby wall"",""tourism"":""artwork""}",,artwork,,,,,,
node/12813934807,大塚食品,vending_machine,135.3904813,34.6502534,Point,"{""amenity"":""vending_machine"",""brand"":""大塚"",""brand:en"":""Otsuka"",""brand:ja"":""大塚"",""brand:wikidata"":""Q11434124"",""check_date"":""2025-05-06"",""name"":""大塚食品"",""name:en"":""Otsuka Foods"",""name:ja"":""大塚食品"",""vending"":""food""}",vending_machine,,,,,,,
node/12813934808,大塚食品,vending_machine,135.3906017,34.6501645,Point,"{""amenity"":""vending_machine"",""brand"":""大塚"",""brand:en"":""Otsuka"",""brand:ja"":""大塚"",""brand:wikidata"":""Q11434124"",""check_date"":""2025-05-06"",""name"":""大塚食品"",""name:en"":""Otsuka Foods"",""name:ja"":""大塚食品"",""vending"":""food""}",vending_machine,,,,,,,
node/12817283224,,bench,135.3757742,34.6516746,Point,"{""amenity"":""bench""}",bench,,,,,,,
node/12817283225,,bench,135.375758,34.6516549,Point,"{""amenity"":""bench""}",bench,,,,,,,
node/12817283226,,bench,135.3756364,34.6515969,Point,"{""amenity"":""bench""}",bench,,,,,,,
node/12817283227,,bench,135.3756075,34.6515968,Point,"{""amenity"":""bench""}",bench,,,,,,,
node/12817283245,,bench,135.3755047,34.6516036,Point,"{""amenity"":""bench""}",bench,,,,,,,
node/12817283246,,bench,135.3754796,34.6516153,Point,"{""amenity"":""bench""}",bench,,,,,,,
node/12817283249,,tree,135.3754927,34.6515816,Point,"{""natural"":""tree""}",,,,,,,,
node/12817283250,,tree,135.3754591,34.6515998,Point,"{""natural"":""tree""}",,,,,,,,
node/12823301300,クラウド・ピース,artwork,135.3832994,34.6497481,Point,"{""artist"":""オノ・ヨーコ"",""artwork_type"":""installation"",""name"":""クラウド・ピース"",""name:en"":""Cloud Piece"",""operator"":""平和と人権"",""tourism"":""artwork""}",,artwork,,,,,,
node/12823343801,クラウド・ピース,artwork,135.3836985,34.6502401,Point,"{""artist"":""オノ・ヨーコ"",""artist_name"":""オノ・ヨーコ"",""artwork_type"":""installation"",""name"":""クラウド・ピース"",""name:en"":""Cloud Piece"",""tourism"":""artwork"",""website"":""https://forest-expo2025.jp/?utm_source=caption2&utm_medium=QR&utm_campaign=forest-expo2025#artwork2""}",,artwork,,,,,https://forest-expo2025.jp/?utm_source=caption2&utm_medium=QR&utm_campaign=forest-expo2025#artwork2,
node/12827403385,コイコイ,artwork,135.3892221,34.6511445,Point,"{""artist_name"":""大河記"",""artwork_type"":""mural"",""fixme"":""Please merge me into a nearby wall"",""name"":""コイコイ"",""name:en"":""Come Come"",""tourism"":""artwork""}",,artwork,,,,,,
node/12827468426,,waste_basket,135.3798795,34.6489908,Point,"{""amenity"":""waste_basket"",""level"":""1""}",waste_basket,,,,,,,
node/12827481677,都市環境における自然の再生,information,135.3846142,34.6478911,Point,"{""information"":""board"",""name"":""都市環境における自然の再生"",""name:ja"":""都市環境における自然の再生"",""tourism"":""information""}",,information,,,,,,
node/12827482244,,artwork,135.3850099,34.6467173,Point,"{""artwork_type"":""mural"",""tourism"":""artwork""}",,artwork,,,,,,
node/12827482245,,artwork,135.3846237,34.646842,Point,"{""artwork_type"":""mural"",""tourism"":""artwork""}",,artwork,,,,,,
node/12827488389,カタールパビリオン,information,135.3866942,34.6484359,Point,"{""information"":""map"",""name"":""カタールパビリオン"",""tourism"":""information""}",,information,,,,,,
node/12827501169,Q CAFE,cafe,135.3833239,34.6523696,Point,"{""addr:floor"":""2"",""amenity"":""cafe"",""check_date"":""2025-05-11"",""level"":""1"",""name"":""Q CAFE""}",cafe,,,,,,,
node/12827514965,,artwork,135.3859012,34.6468942,Point,"{""addr:floor"":""2"",""artwork_type"":""graffiti"",""description"":""こみゃくサイン"",""level"":""1"",""tourism"":""artwork""}",,artwork,,,,,,
node/12827547544,CANADA,information,135.3861754,34.6476945,Point,"{""information"":""board"",""name"":""CANADA"",""tourism"":""information""}",,information,,,,,,
node/12827551613,,waste_basket,135.3862069,34.6470895,Point,"{""amenity"":""waste_basket"",""level"":""1"",""level:ref"":""2""}",waste_basket,,,,,,,
node/12827552151,たくさんの花に包まれるAR体験,information,135.3845179,34.6463797,Point,"{""information"":""board"",""name"":""たくさんの花に包まれるAR体験"",""tourism"":""information"",""website"":""https://www.daiwalease.co.jp/expo2025/ecoflowers/index.html""}",,information,,,,,https://www.daiwalease.co.jp/expo2025/ecoflowers/index.html,
node/12827563894,,artwork,135.3801703,34.6496728,Point,"{""addr:floor"":""2"",""artwork_type"":""graffiti"",""level"":""1"",""tourism"":""artwork""}",,artwork,,,,,,
node/12827574707,,artwork,135.3801253,34.6482175,Point,"{""addr:floor"":""2"",""artwork_type"":""graffiti"",""description"":""こみゃくサイン"",""level"":""1"",""tourism"":""artwork""}",,artwork,,,,,,
node/12827578204,大阪千日前 河童本舗,restaurant,135.3836945,34.6522584,Point,"{""addr:floor"":""2"",""air_conditioning"":""yes"",""amenity"":""restaurant"",""check_date"":""2025-09-01"",""cuisine"":""ramen"",""level"":""1"",""name"":""大阪千日前 河童本舗"",""payment:cash"":""yes"",""payment:paypal"":""yes"",""payment:paypay"":""yes"",""wheelchair"":""yes""}",restaurant,,,,yes,,,
node/12827578830,サントリー,vending_machine,135.3798862,34.6487347,Point,"{""addr:floor"":""2"",""amenity"":""vending_machine"",""brand"":""サントリー"",""brand:en"":""Suntory"",""brand:ja"":""サントリー"",""brand:wikidata"":""Q1345267"",""check_date"":""2025-05-11"",""level"":""1"",""name"":""サントリー"",""name:en"":""Suntory"",""name:ja"":""サントリー"",""vending"":""drinks""}",vending_machine,,,,,,,
node/12827578831,サントリー,vending_machine,135.3799095,34.6487352,Point,"{""addr:floor"":""2"",""amenity"":""vending_machine"",""brand"":""サントリー"",""brand:en"":""Suntory"",""brand:ja"":""サントリー"",""brand:wikidata"":""Q1345267"",""check_date"":""2025-05-11"",""level"":""1"",""name"":""サントリー"",""name:en"":""Suntory"",""name:ja"":""サントリー"",""vending"":""drinks""}",vending_machine,,,,,,,
node/12827578832,コカ・コーラ,vending_machine,135.3798737,34.6489337,Point,"{""addr:floor"":""2"",""amenity"":""vending_machine"",""brand"":""コカ・コーラ"",""brand:en"":""Coca-Cola"",""brand:ja"":""コカ・コーラ"",""brand:wikidata"":""Q2813"",""check_date"":""2025-05-11"",""drink:cola"":""yes"",""level"":""1"",""name"":""コカ・コーラ"",""name:en"":""Coca-Cola"",""name:ja"":""コカ・コーラ"",""vending"":""drinks""}",vending_machine,,,,,,,
node/12827578833,コカ・コーラ,vending_machine,135.3798533,34.648933,Point,"{""addr:floor"":""2"",""amenity"":""vending_machine"",""brand"":""コカ・コーラ"",""brand:en"":""Coca-Cola"",""brand:ja"":""コカ・コーラ"",""brand:wikidata"":""Q2813"",""check_date"":""2025-05-11"",""drink:cola"":""yes"",""level"":""1"",""name"":""コカ・コーラ"",""name:en"":""Coca-Cola"",""name:ja"":""コカ・コーラ"",""vending"":""drinks""}",vending_machine,,,,,,,
node/12827580467,,drinking_water,135.3798307,34.6489337,Point,"{""addr:floor"":""2"",""amenity"":""drinking_water"",""bottle"":""yes"",""level"":""1""}",drinking_water,,,,,,,
node/12827581089,,artwork,135.3805449,34.6504033,Point,"{""addr:floor"":""2"",""artwork_type"":""graffiti"",""description"":""こみゃくサイン"",""level"":""1"",""tourism"":""artwork""}",,artwork,,,,,,
node/12827587279,,gift,135.3815145,34.6519543,Point,"{""check_date"":""2025-05-11"",""shop"":""gift""}",,,gift,,,,,
node/12827588279,遊んでい館,amusement_arcade,135.3834272,34.6523093,Point,"{""addr:floor"":""2"",""check_date"":""2025-05-11"",""leisure"":""amusement_arcade"",""level"":""1"",""name"":""遊んでい館""}",,,,,,,,
node/12827620965,PANAF,restaurant,135.3838701,34.6522437,Point,"{""addr:floor"":""2"",""amenity"":""restaurant"",""check_date"":""2025-09-15"",""cuisine"":""african"",""diet:meat"":""yes"",""diet:rice"":""yes"",""diet:vegan"":""yes"",""level"":""1"",""name"":""PANAF"",""takeaway"":""yes""}",restaurant,,,,,,,
node/12827643297,,,135.3826283,34.6511287,Point,"{""entrance"":""yes""}",,,,,,,,
node/12827643298,,,135.3826555,34.6510399,Point,"{""entrance"":""yes""}",,,,,,,,
node/12827643299,,,135.3826577,34.6509795,Point,"{""entrance"":""yes""}",,,,,,,,
node/12827671286,,,135.3826321,34.6513864,Point,"{""entrance"":""yes""}",,,,,,,,
node/12827671287,,,135.3826987,34.6513726,Point,"{""entrance"":""yes""}",,,,,,,,
node/12827671288,IRTHレストラン,restaurant,135.3827491,34.6513498,Point,"{""amenity"":""restaurant"",""check_date"":""2025-05-11"",""name"":""IRTHレストラン""}",restaurant,,,,,,,
node/12827680584,,,135.3827615,34.6510587,Point,"{""entrance"":""yes""}",,,,,,,,
node/12827680585,,,135.3828001,34.6510676,Point,"{""entrance"":""yes""}",,,,,,,,
node/12827680586,,tree,135.3827823,34.6510805,Point,"{""natural"":""tree""}",,,,,,,,
node/12827680587,,,135.3827807,34.6511135,Point,"{""entrance"":""yes""}",,,,,,,,
node/12827685582,,information,135.381874,34.648729,Point,"{""information"":""map"",""tourism"":""information""}",,information,,,,,,
node/12827688508,,tree,135.3826538,34.6510128,Point,"{""natural"":""tree""}",,,,,,,,
node/12827699683,,,135.3827443,34.6512594,Point,"{""entrance"":""yes""}",,,,,,,,
node/12827699684,サウジスーク,gift,135.3826827,34.6512997,Point,"{""check_date"":""2025-05-11"",""name"":""サウジスーク"",""name:en"":""SAUDI SOUK"",""shop"":""gift""}",,,gift,,,,,
node/12827703492,,tree,135.3827818,34.6509062,Point,"{""natural"":""tree""}",,,,,,,,
node/12827708535,,,135.3827971,34.6509123,Point,"{""entrance"":""yes""}",,,,,,,,
node/12827708536,,,135.3827823,34.6508786,Point,"{""entrance"":""yes""}",,,,,,,,
node/12827708628,IRTHカフェ,cafe,135.3826569,34.6514193,Point,"{""amenity"":""cafe"",""check_date"":""2025-05-11"",""name"":""IRTHカフェ""}",cafe,,,,,,,
node/12827714072,桃太郎,artwork,135.3795512,34.6491001,Point,"{""artist_name"":""ムネアツシ"",""artwork_type"":""mural"",""name"":""桃太郎"",""name:en"":""THE MOMOTARO"",""tourism"":""artwork""}",,artwork,,,,,,
node/12827716386,,drinking_water,135.3808383,34.6485051,Point,"{""amenity"":""drinking_water"",""bottle"":""yes""}",drinking_water,,,,,,,
node/12827734101,大地の息吹,artwork,135.3808407,34.6503003,Point,"{""artist_name"":""emma (絵馬)"",""artwork_type"":""mural"",""name"":""大地の息吹"",""tourism"":""artwork""}",,artwork,,,,,,
node/12827735101,,stage,135.3803064,34.6494691,Point,"{""amenity"":""stage"",""check_date"":""2025-05-11""}",stage,,,,,,,
node/12827740365,,cushion,135.3823798,34.6486892,Point,"{""playground"":""cushion"",""playground:theme"":""komyaku""}",,,,,,,,
node/12827741581,,artwork,135.3810269,34.6481045,Point,"{""artwork_type"":""graffiti"",""fixme"":""Please merge me into a nearby wall"",""tourism"":""artwork""}",,artwork,,,,,,
node/12827743630,The Garden of Zannen-ishi Stones Toilet Map,information,135.3809682,34.6482238,Point,"{""information"":""map"",""name"":""The Garden of Zannen-ishi Stones Toilet Map"",""tourism"":""information""}",,information,,,,,,
node/12827764755,,bench,135.3826828,34.6501329,Point,"{""amenity"":""bench""}",bench,,,,,,,
node/12827764756,,bench,135.3826769,34.6501171,Point,"{""amenity"":""bench""}",bench,,,,,,,
node/12827764757,,bench,135.382671,34.6501013,Point,"{""amenity"":""bench""}",bench,,,,,,,
node/12827764758,,bench,135.3826651,34.6500856,Point,"{""amenity"":""bench""}",bench,,,,,,,
node/12827770960,,tree,135.3829168,34.6484366,Point,"{""natural"":""tree""}",,,,,,,,
node/12827770961,,tree,135.382858,34.6484308,Point,"{""natural"":""tree""}",,,,,,,,
node/12827770962,,tree,135.3828387,34.64849,Point,"{""natural"":""tree""}",,,,,,,,
node/12827771026,,tree,135.3825541,34.6485449,Point,"{""natural"":""tree""}",,,,,,,,
node/12827771028,,drinking_water,135.3825966,34.6484956,Point,"{""amenity"":""drinking_water"",""bottle"":""no"",""man_made"":""water_tap""}",drinking_water,,,,,,,
node/12827776809,,drinking_water,135.3827376,34.6499272,Point,"{""amenity"":""drinking_water"",""bottle"":""yes""}",drinking_water,,,,,,,
node/12827778257,,artwork,135.3821945,34.6501175,Point,"{""artwork_type"":""graffiti"",""fixme"":""Please merge me into a nearby wall"",""tourism"":""artwork""}",,artwork,,,,,,
node/12827788101,,drinking_water,135.3825935,34.6498325,Point,"{""amenity"":""drinking_water"",""bottle"":""no""}",drinking_water,,,,,,,
node/12827837161,コカ・コーラ,vending_machine,135.380967,34.6515682,Point,"{""amenity"":""vending_machine"",""brand"":""コカ・コーラ"",""brand:en"":""Coca-Cola"",""brand:ja"":""コカ・コーラ"",""brand:wikidata"":""Q2813"",""check_date"":""2025-05-11"",""drink:cola"":""yes"",""name"":""コカ・コーラ"",""name:en"":""Coca-Cola"",""name:ja"":""コカ・コーラ"",""vending"":""drinks""}",vending_machine,,,,,,,
node/12827837162,コカ・コーラ,vending_machine,135.38092,34.6515776,Point,"{""amenity"":""vending_machine"",""brand"":""コカ・コーラ"",""brand:en"":""Coca-Cola"",""brand:ja"":""コカ・コーラ"",""brand:wikidata"":""Q2813"",""check_date"":""2025-05-11"",""drink:cola"":""yes"",""name"":""コカ・コーラ"",""name:en"":""Coca-Cola"",""name:ja"":""コカ・コーラ"",""vending"":""drinks""}",vending_machine,,,,,,,
node/12827852010,当日登録機,,135.3809667,34.6516432,Point,"{""check_date"":""2025-05-11"",""government"":""public_service"",""name"":""当日登録機"",""office"":""government""}",,,,,,,,
node/12827852095,,gift,135.381418,34.6504895,Point,"{""check_date"":""2025-05-11"",""shop"":""gift""}",,,gift,,,,,
node/12828019141,KURAGE Mercato,gift,135.3836511,34.648098,Point,"{""check_date"":""2025-05-11"",""name"":""KURAGE Mercato"",""shop"":""gift""}",,,gift,,,,,
node/12828078803,,gift,135.3841892,34.6479204,Point,"{""check_date"":""2025-05-11"",""shop"":""gift""}",,,gift,,,,,
node/12828138222,30,information,135.3827774,34.6518734,Point,"{""board_type"":""traffic"",""information"":""board"",""name"":""30"",""tourism"":""information""}",,information,,,,,,
node/12828170974,,artwork,135.383272,34.6519354,Point,"{""artwork_type"":""graffiti"",""tourism"":""artwork""}",,artwork,,,,,,
node/12833585872,,,135.3827796,34.6510213,Point,"{""entrance"":""yes""}",,,,,,,,
node/12833585882,,stage,135.3826547,34.6511918,Point,"{""amenity"":""stage""}",stage,,,,,,,
node/12840195331,万博漫画展,exhibition_centre,135.3821465,34.6488614,Point,"{""amenity"":""exhibition_centre"",""name"":""万博漫画展"",""website"":""https://manga-japan-official.com/"",""wikimedia_commons"":""File:EXPO2025 COMMONS-E.jpg""}",exhibition_centre,,,,,,https://manga-japan-official.com/,
node/12841015170,ベストプラクティス,exhibition_centre,135.3766867,34.6545832,Point,"{""amenity"":""exhibition_centre"",""check_date"":""2025-08-14"",""website"":""https://www.expo2025.or.jp/co-creation-index/bestpractices/"",""name"":""ベストプラクティス""}",exhibition_centre,,,,,,https://www.expo2025.or.jp/co-creation-index/bestpractices/,
node/12841015182,,,135.3767973,34.6547276,Point,"{""entrance"":""yes""}",,,,,,,,
node/12841015183,,,135.3769726,34.6547023,Point,"{""entrance"":""yes""}",,,,,,,,
node/12841015187,,,135.3769144,34.6545167,Point,"{""entrance"":""yes""}",,,,,,,,
node/12841015188,,,135.3768352,34.6545129,Point,"{""entrance"":""yes""}",,,,,,,,
node/12841015189,,,135.3767923,34.6545102,Point,"{""entrance"":""yes""}",,,,,,,,
node/12843214640,HAIN,fast_food,135.3853715,34.6496499,Point,"{""amenity"":""fast_food"",""check_date"":""2025-06-10"",""name"":""HAIN"",""takeaway"":""only""}",fast_food,,,,,,,
node/12843272419,ミシュカ キッチン＆バー,restaurant,135.3819605,34.6491798,Point,"{""amenity"":""restaurant"",""check_date"":""2025-05-17"",""cuisine"":""ハンガリー"",""name"":""ミシュカ キッチン＆バー"",""name:en"":""Miska Kitchen & Bar"",""opening_hours"":""Mo-Su 14:00-19:00""}",restaurant,,,,,Mo-Su 14:00-19:00,,
node/12843274483,,bench,135.3769621,34.6551333,Point,"{""amenity"":""bench""}",bench,,,,,,,
node/12843309513,Love Stone Project EXPO 2025,artwork,135.3759476,34.6516128,Point,"{""artist_name"":""冨長敦也"",""artwork_type"":""rock"",""name"":""Love Stone Project EXPO 2025"",""tourism"":""artwork""}",,artwork,,,,,,
node/12843320413,休憩所,shelter,135.3803227,34.6492751,Point,"{""amenity"":""shelter"",""name"":""休憩所"",""ref"":""S10"",""shelter_type"":""picnic_shelter""}",shelter,,,,,,,
node/12843323474,,cafe,135.380399,34.6494395,Point,"{""amenity"":""cafe"",""check_date"":""2025-05-17"",""cuisine"":""coffee_shop"",""takeaway"":""only""}",cafe,,,,,,,
node/12843323475,,restaurant,135.3804679,34.6494222,Point,"{""amenity"":""restaurant"",""check_date"":""2025-05-17"",""cuisine"":""italian"",""takeaway"":""only""}",restaurant,,,,,,,
node/12843352541,,gift,135.3819707,34.6490146,Point,"{""check_date"":""2025-05-17"",""shop"":""gift""}",,,gift,,,,,
node/12843353952,,tree,135.3858124,34.6499685,Point,"{""natural"":""tree""}",,,,,,,,
node/12843353953,,tree,135.3857406,34.6499338,Point,"{""natural"":""tree""}",,,,,,,,
node/12843353954,,tree,135.3857642,34.6499401,Point,"{""natural"":""tree""}",,,,,,,,
node/12843353955,,tree,135.3857884,34.6499577,Point,"{""natural"":""tree""}",,,,,,,,
node/12843353956,,tree,135.3858004,34.6499393,Point,"{""natural"":""tree""}",,,,,,,,
node/12843353957,,tree,135.3858267,34.6499421,Point,"{""natural"":""tree""}",,,,,,,,
node/12843353958,,tree,135.3858501,34.6499439,Point,"{""natural"":""tree""}",,,,,,,,
node/12843353959,,tree,135.3858796,34.6499542,Point,"{""natural"":""tree""}",,,,,,,,
node/12843353960,,tree,135.3858452,34.6499666,Point,"{""natural"":""tree""}",,,,,,,,
node/12843370790,,waste_basket,135.3750676,34.6534004,Point,"{""amenity"":""waste_basket""}",waste_basket,,,,,,,
node/12843370791,,drinking_water,135.3749499,34.653305,Point,"{""amenity"":""drinking_water"",""bottle"":""yes""}",drinking_water,,,,,,,
node/12843370792,キリンビバレッジ,vending_machine,135.374969,34.6533101,Point,"{""alt_name"":""キリンBV"",""amenity"":""vending_machine"",""brand"":""キリンビバレッジ"",""brand:en"":""Kirin Beverage"",""brand:ja"":""キリンビバレッジ"",""brand:wikidata"":""Q1833953"",""check_date"":""2025-05-17"",""drink:tea"":""yes"",""name"":""キリンビバレッジ"",""name:en"":""Kirin Beverage"",""name:ja"":""キリンビバレッジ"",""vending"":""drinks""}",vending_machine,,,,,,,
node/12843370793,サントリー,vending_machine,135.3749758,34.6533188,Point,"{""amenity"":""vending_machine"",""brand"":""サントリー"",""brand:en"":""Suntory"",""brand:ja"":""サントリー"",""brand:wikidata"":""Q1345267"",""check_date"":""2025-05-17"",""name"":""サントリー"",""name:en"":""Suntory"",""name:ja"":""サントリー"",""vending"":""drinks""}",vending_machine,,,,,,,
node/12843370794,アサヒ飲料,vending_machine,135.374983,34.653331,Point,"{""amenity"":""vending_machine"",""brand"":""Asahi SOFT DRINKS"",""brand:en"":""Asahi SOFT DRINKS"",""brand:ja"":""アサヒ飲料"",""brand:wikidata"":""Q1833890"",""check_date"":""2025-05-17"",""name"":""アサヒ飲料"",""name:en"":""Asahi Soft Drinks"",""name:ja"":""アサヒ飲料"",""short_name:en"":""Asahi"",""vending"":""drinks""}",vending_machine,,,,,,,
node/12843414936,,,135.3757855,34.6522212,Point,"{""entrance"":""yes""}",,,,,,,,
node/12843414937,,,135.3756814,34.6522647,Point,"{""entrance"":""yes""}",,,,,,,,
node/12843414938,,toilets,135.3755785,34.6520398,Point,"{""access"":""yes"",""amenity"":""toilets"",""capacity:female"":""64"",""capacity:male"":""27"",""changing_table"":""yes"",""check_date"":""2025-05-17"",""toilets:disposal"":""flush""}",toilets,,,,,,,
node/12843422995,CRAFTMAN UMAMI,restaurant,135.3769036,34.6531421,Point,"{""amenity"":""restaurant"",""check_date"":""2025-05-17"",""name"":""CRAFTMAN UMAMI""}",restaurant,,,,,,,
node/12843422996,LARGO,restaurant,135.376941,34.653181,Point,"{""amenity"":""restaurant"",""check_date"":""2025-05-17"",""name"":""LARGO""}",restaurant,,,,,,,
node/12843422997,日本一の串かつ 横綱,restaurant,135.3769687,34.6532127,Point,"{""amenity"":""restaurant"",""check_date"":""2025-05-17"",""name"":""日本一の串かつ 横綱""}",restaurant,,,,,,,
node/12843422998,新世界 ぎふや,restaurant,135.3769984,34.6532496,Point,"{""amenity"":""restaurant"",""check_date"":""2025-05-17"",""name"":""新世界 ぎふや""}",restaurant,,,,,,,
node/12843422999,万福うどん,restaurant,135.3770275,34.6532859,Point,"{""amenity"":""restaurant"",""check_date"":""2025-05-17"",""name"":""万福うどん""}",restaurant,,,,,,,
node/12843423000,北新地 肉料理 名門,restaurant,135.3770549,34.6533181,Point,"{""amenity"":""restaurant"",""check_date"":""2025-05-17"",""name"":""北新地 肉料理 名門""}",restaurant,,,,,,,
node/12843452292,,,135.3751133,34.6535724,Point,"{""drinking_water"":""no"",""man_made"":""water_tap""}",,,,,,,,
node/12843456743,,information,135.3765711,34.6545422,Point,"{""information"":""board"",""tourism"":""information""}",,information,,,,,,
node/12843459374,大塚食品,vending_machine,135.3752222,34.653559,Point,"{""amenity"":""vending_machine"",""brand"":""大塚"",""brand:en"":""Otsuka"",""brand:ja"":""大塚"",""brand:wikidata"":""Q11434124"",""check_date"":""2025-05-17"",""name"":""大塚食品"",""name:en"":""Otsuka Foods"",""name:ja"":""大塚食品"",""vending"":""food""}",vending_machine,,,,,,,
node/12843459375,コカ・コーラ,vending_machine,135.3752298,34.6535698,Point,"{""amenity"":""vending_machine"",""brand"":""コカ・コーラ"",""brand:en"":""Coca-Cola"",""brand:ja"":""コカ・コーラ"",""brand:wikidata"":""Q2813"",""check_date"":""2025-05-17"",""drink:cola"":""yes"",""name"":""コカ・コーラ"",""name:en"":""Coca-Cola"",""name:ja"":""コカ・コーラ"",""vending"":""drinks""}",vending_machine,,,,,,,
node/12843459376,アサヒ飲料,vending_machine,135.3752401,34.6535788,Point,"{""amenity"":""vending_machine"",""brand"":""Asahi SOFT DRINKS"",""brand:en"":""Asahi SOFT DRINKS"",""brand:ja"":""アサヒ飲料"",""brand:wikidata"":""Q1833890"",""check_date"":""2025-05-17"",""name"":""アサヒ飲料"",""name:en"":""Asahi Soft Drinks"",""name:ja"":""アサヒ飲料"",""short_name:en"":""Asahi"",""vending"":""drinks""}",vending_machine,,,,,,,
node/12843459377,サントリー,vending_machine,135.3752499,34.6535892,Point,"{""amenity"":""vending_machine"",""brand"":""サントリー"",""brand:en"":""Suntory"",""brand:ja"":""サントリー"",""brand:wikidata"":""Q1345267"",""check_date"":""2025-05-17"",""name"":""サントリー"",""name:en"":""Suntory"",""name:ja"":""サントリー"",""vending"":""drinks""}",vending_machine,,,,,,,
node/12843461879,,,135.3762521,34.6540211,Point,"{""entrance"":""yes""}",,,,,,,,
node/12843461880,,,135.3761894,34.6538617,Point,"{""entrance"":""yes""}",,,,,,,,
node/12843463909,,drinking_water,135.3760904,34.6524528,Point,"{""amenity"":""drinking_water"",""bottle"":""yes""}",drinking_water,,,,,,,
node/12843468467,好きやねん大阪 フードコート WEST SIDE,food_court,135.3769438,34.6532441,Point,"{""amenity"":""food_court"",""check_date"":""2025-05-17"",""name"":""好きやねん大阪 フードコート WEST SIDE""}",food_court,,,,,,,
node/12843472019,,,135.3766751,34.6533801,Point,"{""entrance"":""yes""}",,,,,,,,
node/12843472020,,,135.3767655,34.6532249,Point,"{""entrance"":""yes""}",,,,,,,,
node/12843472021,,,135.3767366,34.6531897,Point,"{""entrance"":""yes""}",,,,,,,,
node/12843472855,サントリー,vending_machine,135.3753422,34.6534913,Point,"{""amenity"":""vending_machine"",""brand"":""サントリー"",""brand:en"":""Suntory"",""brand:ja"":""サントリー"",""brand:wikidata"":""Q1345267"",""check_date"":""2025-05-17"",""name"":""サントリー"",""name:en"":""Suntory"",""name:ja"":""サントリー"",""vending"":""drinks""}",vending_machine,,,,,,,
node/12843472856,コカ・コーラ,vending_machine,135.3753542,34.6534983,Point,"{""amenity"":""vending_machine"",""brand"":""コカ・コーラ"",""brand:en"":""Coca-Cola"",""brand:ja"":""コカ・コーラ"",""brand:wikidata"":""Q2813"",""check_date"":""2025-05-17"",""drink:cola"":""yes"",""name"":""コカ・コーラ"",""name:en"":""Coca-Cola"",""name:ja"":""コカ・コーラ"",""vending"":""drinks""}",vending_machine,,,,,,,
node/12843472857,大塚食品,vending_machine,135.375367,34.6535076,Point,"{""amenity"":""vending_machine"",""brand"":""大塚"",""brand:en"":""Otsuka"",""brand:ja"":""大塚"",""brand:wikidata"":""Q11434124"",""check_date"":""2025-05-17"",""name"":""大塚食品"",""name:en"":""Otsuka Foods"",""name:ja"":""大塚食品"",""vending"":""food""}",vending_machine,,,,,,,
node/12843472858,,drinking_water,135.3753799,34.6535169,Point,"{""amenity"":""drinking_water"",""bottle"":""yes""}",drinking_water,,,,,,,
node/12843477078,,,135.3755657,34.6519464,Point,"{""entrance"":""yes""}",,,,,,,,
node/12843477079,,,135.3754672,34.6519969,Point,"{""entrance"":""yes""}",,,,,,,,
node/12843480156,,drinking_water,135.3758544,34.6519406,Point,"{""amenity"":""drinking_water"",""bottle"":""no""}",drinking_water,,,,,,,
node/12843484584,,,135.3745154,34.6527549,Point,"{""entrance"":""yes""}",,,,,,,,
node/12843484585,,,135.3744762,34.6527075,Point,"{""entrance"":""yes""}",,,,,,,,
node/12843484586,,,135.3743364,34.6525386,Point,"{""entrance"":""yes""}",,,,,,,,
node/12843484587,,,135.3744329,34.6524846,Point,"{""entrance"":""yes""}",,,,,,,,
node/12843484588,,,135.3742647,34.652452,Point,"{""entrance"":""yes""}",,,,,,,,
node/12843484589,,,135.3743611,34.6523978,Point,"{""entrance"":""yes""}",,,,,,,,
node/12843484590,,toilets,135.3743457,34.6524712,Point,"{""access"":""yes"",""amenity"":""toilets"",""capacity:female"":""64"",""capacity:male"":""30"",""changing_table"":""yes"",""check_date"":""2025-05-17"",""toilets:disposal"":""flush""}",toilets,,,,,,,
node/12843490712,私が消える場所―現実の境界に映るもの,artwork,135.3752514,34.6534884,Point,"{""artist_name"":""DONECY"",""artwork_type"":""statue"",""name"":""私が消える場所―現実の境界に映るもの"",""tourism"":""artwork""}",,artwork,,,,,,
node/12843494899,細胞と水,artwork,135.3804375,34.6483074,Point,"{""artist_name"":""はくいきしろい"",""artwork_type"":""mural"",""name"":""細胞と水"",""tourism"":""artwork""}",,artwork,,,,,,
node/12843503097,,stage,135.383999,34.6483578,Point,"{""amenity"":""stage"",""check_date"":""2025-05-17""}",stage,,,,,,,
node/12843511685,,artwork,135.3856926,34.6467472,Point,"{""artwork_type"":""graffiti"",""description"":""こみゃくサイン"",""tourism"":""artwork""}",,artwork,,,,,,
node/12843511686,78,information,135.3857578,34.6467957,Point,"{""board_type"":""traffic"",""information"":""board"",""name"":""78"",""tourism"":""information""}",,information,,,,,,
node/12843511687,77,information,135.3859464,34.6469247,Point,"{""board_type"":""traffic"",""information"":""board"",""name"":""77"",""tourism"":""information""}",,information,,,,,,
node/12843514517,,fast_food,135.3839864,34.647359,Point,"{""amenity"":""fast_food"",""check_date"":""2025-05-17"",""cuisine"":""sandwich;multi;il-ftira"",""takeaway"":""only""}",fast_food,,,,,,,
node/12843514518,THE MALTA TABLE,restaurant,135.3840497,34.6475923,Point,"{""amenity"":""restaurant"",""check_date"":""2025-06-04"",""cuisine"":""malti"",""name"":""THE MALTA TABLE""}",restaurant,,,,,,,
node/12843526412,近大卒の魚と紀州の恵み近畿大学水産研究所大阪・関西万博ウォータープラザ店,restaurant,135.3806637,34.6480634,Point,"{""addr:floor"":""2"",""amenity"":""restaurant"",""check_date"":""2025-05-17"",""level"":""1"",""name"":""近大卒の魚と紀州の恵み近畿大学水産研究所大阪・関西万博ウォータープラザ店""}",restaurant,,,,,,,
node/12843526599,76,information,135.3860847,34.6470612,Point,"{""board_type"":""traffic"",""information"":""board"",""name"":""76"",""tourism"":""information""}",,information,,,,,,
node/12843549301,,,135.382201,34.6478002,Point,"{""entrance"":""shop""}",,,,,,,,
node/12843549747,,,135.3837388,34.6473907,Point,"{""country"":""EU"",""flag:type"":""organisation"",""man_made"":""flagpole""}",,,,EU,,,,
node/12843549748,,,135.3837477,34.6474101,Point,"{""country"":""CZ"",""flag:type"":""national"",""man_made"":""flagpole""}",,,,CZ,,,,
node/12843549749,,,135.3837571,34.6474295,Point,"{""country"":""JP"",""flag:type"":""national"",""man_made"":""flagpole""}",,,,JP,,,,
node/12843552331,,,135.3843075,34.6472737,Point,"{""country"":""TM"",""man_made"":""flagpole""}",,,,TM,,,,
node/12843553758,75,information,135.3862313,34.6471966,Point,"{""board_type"":""traffic"",""information"":""board"",""name"":""75"",""tourism"":""information""}",,information,,,,,,
node/12843667192,日本館公式ショップ,gift,135.3872543,34.6480019,Point,"{""check_date"":""2025-05-17"",""name"":""日本館公式ショップ"",""shop"":""gift""}",,,gift,,,,,
node/12843667193,68,information,135.386803,34.6480101,Point,"{""board_type"":""traffic"",""information"":""board"",""name"":""68"",""tourism"":""information""}",,information,,,,,,
node/12843670414,67,information,135.386856,34.6481437,Point,"{""board_type"":""traffic"",""information"":""board"",""name"":""67"",""tourism"":""information""}",,information,,,,,,
node/12843751689,,,135.3853763,34.6477703,Point,"{""entrance"":""yes""}",,,,,,,,
node/12843751690,ハイジ・カフェ,cafe,135.3853559,34.6479271,Point,"{""amenity"":""cafe"",""check_date"":""2025-05-17"",""name"":""ハイジ・カフェ""}",cafe,,,,,,,
node/12843755736,,gift,135.3856952,34.6474517,Point,"{""check_date"":""2025-05-17"",""shop"":""gift""}",,,gift,,,,,
node/12843762416,,,135.3852873,34.6477644,Point,"{""entrance"":""yes""}",,,,,,,,
node/12843762417,RETAIL AND HEIDI CAKE SHOP,gift,135.3853044,34.6477583,Point,"{""check_date"":""2025-05-17"",""name"":""RETAIL AND HEIDI CAKE SHOP"",""shop"":""gift""}",,,gift,,,,,
node/12843766008,AUSTRIA,information,135.3851356,34.6478756,Point,"{""check_date"":""2025-05-17"",""information"":""office"",""name"":""AUSTRIA"",""tourism"":""information""}",,information,,,,,,
node/12843836947,,gift,135.383629,34.6486029,Point,"{""check_date"":""2025-05-17"",""shop"":""gift""}",,,gift,,,,,
node/12843853122,58,information,135.3869882,34.649512,Point,"{""board_type"":""traffic"",""information"":""board"",""name"":""58"",""tourism"":""information""}",,information,,,,,,
node/12843878528,,waste_basket,135.3869973,34.6489101,Point,"{""amenity"":""waste_basket""}",waste_basket,,,,,,,
node/12843881355,63,information,135.3870059,34.6486652,Point,"{""board_type"":""traffic"",""information"":""board"",""name"":""63"",""tourism"":""information""}",,information,,,,,,
node/12843882264,59,information,135.3870143,34.649337,Point,"{""board_type"":""traffic"",""information"":""board"",""name"":""59"",""tourism"":""information""}",,information,,,,,,
node/12843884477,60,information,135.3870302,34.6491664,Point,"{""board_type"":""traffic"",""information"":""board"",""name"":""60"",""tourism"":""information""}",,information,,,,,,
node/12843886791,66,information,135.3869,34.6482671,Point,"{""board_type"":""traffic"",""information"":""board"",""name"":""66"",""tourism"":""information""}",,information,,,,,,
node/12847353006,,,135.3851804,34.6478237,Point,"{""entrance"":""yes""}",,,,,,,,
node/12848166437,,taxi,135.3819821,34.6553432,Point,"{""amenity"":""taxi"",""check_date"":""2025-05-17"",""reservation"":""required""}",taxi,,,,,,,
node/12848196780,フューチャーライフエクスペリエンスステージ,stage,135.3768463,34.6547413,Point,"{""amenity"":""stage"",""name"":""フューチャーライフエクスペリエンスステージ""}",stage,,,,,,,
node/12848196781,「TEAM EXPOパビリオン」 ステージ,stage,135.3767662,34.6545468,Point,"{""amenity"":""stage"",""name"":""「TEAM EXPOパビリオン」 ステージ""}",stage,,,,,,,
node/12851168880,,,135.3819457,34.6488214,Point,"{""entrance"":""yes""}",,,,,,,,
node/12856804606,,bench,135.3818497,34.6500851,Point,"{""amenity"":""bench""}",bench,,,,,,,
node/12856804607,,bench,135.3818192,34.650076,Point,"{""amenity"":""bench""}",bench,,,,,,,
node/12856804608,,bench,135.3817975,34.6500885,Point,"{""amenity"":""bench""}",bench,,,,,,,
node/12856933245,アサヒ飲料,vending_machine,135.3862709,34.6508711,Point,"{""addr:floor"":""2"",""amenity"":""vending_machine"",""brand"":""Asahi SOFT DRINKS"",""brand:en"":""Asahi SOFT DRINKS"",""brand:ja"":""アサヒ飲料"",""brand:wikidata"":""Q1833890"",""check_date"":""2025-05-23"",""level"":""1"",""name"":""アサヒ飲料"",""name:en"":""Asahi Soft Drinks"",""name:ja"":""アサヒ飲料"",""short_name:en"":""Asahi"",""vending"":""drinks""}",vending_machine,,,,,,,
node/12856933246,アサヒ飲料,vending_machine,135.3862957,34.6508837,Point,"{""addr:floor"":""2"",""amenity"":""vending_machine"",""brand"":""Asahi SOFT DRINKS"",""brand:en"":""Asahi SOFT DRINKS"",""brand:ja"":""アサヒ飲料"",""brand:wikidata"":""Q1833890"",""check_date"":""2025-05-23"",""level"":""1"",""name"":""アサヒ飲料"",""name:en"":""Asahi Soft Drinks"",""name:ja"":""アサヒ飲料"",""short_name:en"":""Asahi"",""vending"":""drinks""}",vending_machine,,,,,,,
node/12856933247,アサヒ飲料,vending_machine,135.3863198,34.6508976,Point,"{""addr:floor"":""2"",""amenity"":""vending_machine"",""brand"":""Asahi SOFT DRINKS"",""brand:en"":""Asahi SOFT DRINKS"",""brand:ja"":""アサヒ飲料"",""brand:wikidata"":""Q1833890"",""check_date"":""2025-05-23"",""level"":""1"",""name"":""アサヒ飲料"",""name:en"":""Asahi Soft Drinks"",""name:ja"":""アサヒ飲料"",""short_name:en"":""Asahi"",""vending"":""drinks""}",vending_machine,,,,,,,
node/12856967898,57,information,135.386907,34.6497847,Point,"{""board_type"":""traffic"",""information"":""board"",""name"":""57"",""tourism"":""information""}",,information,,,,,,
node/12856981895,Cycloid III,artwork,135.387184,34.6497413,Point,"{""artist_name"":""森万里子"",""artwork_type"":""statue"",""name"":""Cycloid III"",""tourism"":""artwork""}",,artwork,,,,,,
node/12856996019,,drinking_water,135.3862518,34.6508579,Point,"{""addr:floor"":""2"",""amenity"":""drinking_water"",""bottle"":""yes"",""fee"":""no"",""level"":""1""}",drinking_water,,,,,,,
node/12856999747,,waste_basket,135.3861443,34.6510679,Point,"{""amenity"":""waste_basket"",""level"":""1""}",waste_basket,,,,,,,
node/12857000687,,artwork,135.3833438,34.6515105,Point,"{""artwork_type"":""statue"",""description"":""象"",""tourism"":""artwork""}",,artwork,,,,,,
node/12857000688,,artwork,135.3832536,34.6516072,Point,"{""artwork_type"":""statue"",""description"":""象"",""tourism"":""artwork""}",,artwork,,,,,,
node/12857000689,,artwork,135.3833472,34.6516538,Point,"{""artwork_type"":""sculpture"",""level"":""1"",""tourism"":""artwork""}",,artwork,,,,,,
node/12857002565,,elevator,135.3834978,34.6520379,Point,"{""access"":""yes"",""addr:floor"":""1;2"",""highway"":""elevator"",""level"":""0;1"",""ref"":""EV3"",""wheelchair"":""yes""}",,,,,yes,,,
node/12857002566,,artwork,135.383375,34.6519963,Point,"{""artwork_type"":""graffiti"",""description"":""こみゃく"",""fixme"":""Please merge me into a nearby wall"",""level"":""1"",""tourism"":""artwork""}",,artwork,,,,,,
node/12857002657,,drinking_water,135.3816673,34.6515874,Point,"{""access"":""yes"",""addr:floor"":""2"",""amenity"":""drinking_water"",""bottle"":""yes"",""fee"":""no"",""indoor"":""yes"",""level"":""1""}",drinking_water,,,,,,,
node/12857002658,アサヒ飲料,vending_machine,135.3816511,34.6516065,Point,"{""addr:floor"":""2"",""amenity"":""vending_machine"",""brand"":""Asahi SOFT DRINKS"",""brand:en"":""Asahi SOFT DRINKS"",""brand:ja"":""アサヒ飲料"",""brand:wikidata"":""Q1833890"",""check_date"":""2025-05-23"",""level"":""1"",""name"":""アサヒ飲料"",""name:en"":""Asahi Soft Drinks"",""name:ja"":""アサヒ飲料"",""short_name:en"":""Asahi"",""vending"":""drinks""}",vending_machine,,,,,,,
node/12857002659,アサヒ飲料,vending_machine,135.3816349,34.6516256,Point,"{""addr:floor"":""2"",""amenity"":""vending_machine"",""brand"":""Asahi SOFT DRINKS"",""brand:en"":""Asahi SOFT DRINKS"",""brand:ja"":""アサヒ飲料"",""brand:wikidata"":""Q1833890"",""check_date"":""2025-05-23"",""level"":""1"",""name"":""アサヒ飲料"",""name:en"":""Asahi Soft Drinks"",""name:ja"":""アサヒ飲料"",""short_name:en"":""Asahi"",""vending"":""drinks""}",vending_machine,,,,,,,
node/12857007164,,artwork,135.3841982,34.6517685,Point,"{""addr:floor"":""2"",""artwork_type"":""graffiti"",""description"":""こみゃく"",""level"":""1"",""tourism"":""artwork""}",,artwork,,,,,,
node/12857024527,,,135.3818763,34.6513046,Point,"{""country"":""ID"",""man_made"":""flagpole""}",,,,ID,,,,
node/12857059256,,artwork,135.3798413,34.6491695,Point,"{""artwork_type"":""graffiti"",""description"":""こみゃく"",""fixme"":""Please merge me into a nearby wall"",""tourism"":""artwork""}",,artwork,,,,,,
node/12857067086,,,135.3869996,34.6474006,Point,"{""man_made"":""flagpole""}",,,,,,,,
node/12857067087,,,135.3869695,34.6474092,Point,"{""man_made"":""flagpole""}",,,,,,,,
node/12857067088,,,135.3869395,34.6474178,Point,"{""man_made"":""flagpole""}",,,,,,,,
node/12857067089,,,135.3869094,34.6474263,Point,"{""man_made"":""flagpole""}",,,,,,,,
node/12857095964,コアラ,artwork,135.382259,34.6515008,Point,"{""artwork_type"":""statue"",""name"":""コアラ"",""name:en"":""Koala"",""name:ja"":""コアラ"",""tourism"":""artwork""}",,artwork,,,,,,
node/12857104691,31,information,135.382997,34.651904,Point,"{""board_type"":""traffic"",""information"":""board"",""name"":""31"",""tourism"":""information""}",,information,,,,,,
node/12857104693,,,135.3830933,34.6516883,Point,"{""man_made"":""flagpole""}",,,,,,,,
node/12857104694,,,135.3830726,34.651687,Point,"{""man_made"":""flagpole""}",,,,,,,,
node/12857104695,,,135.3830515,34.6516824,Point,"{""man_made"":""flagpole""}",,,,,,,,
node/12857160923,,artwork,135.3818249,34.6501174,Point,"{""artwork_type"":""statue"",""description"":""カビゴン"",""tourism"":""artwork""}",,artwork,,,,,,
node/12857193882,CASA CUOMO CAFE,cafe,135.3821043,34.650312,Point,"{""amenity"":""cafe"",""check_date"":""2025-05-23"",""name"":""CASA CUOMO CAFE"",""name:ja"":""カーサクオモカフェ""}",cafe,,,,,,,
node/12857204026,Better Co-Being,gift,135.3837225,34.6494624,Point,"{""check_date"":""2025-05-23"",""name"":""Better Co-Being"",""shop"":""gift""}",,,gift,,,,,
node/12857228803,森に囲まれたこのパビリオンで、気候変動と健康のつながりを一緒に考えてみませんか?,information,135.3836659,34.649445,Point,"{""information"":""board"",""name"":""森に囲まれたこのパビリオンで、気候変動と健康のつながりを一緒に考えてみませんか?"",""tourism"":""information""}",,information,,,,,,
node/12857240840,,vending_machine,135.3833759,34.6475839,Point,"{""amenity"":""vending_machine"",""check_date"":""2025-05-23"",""vending"":""elongated_coin""}",vending_machine,,,,,,,
node/12857295286,黒門寿司,restaurant,135.3850625,34.6468628,Point,"{""addr:floor"":""2"",""amenity"":""restaurant"",""check_date"":""2025-05-23"",""cuisine"":""sushi"",""level"":""1"",""name"":""黒門寿司""}",restaurant,,,,,,,
node/12857295287,大阪一番,fast_food,135.3850944,34.6468541,Point,"{""addr:floor"":""2"",""amenity"":""fast_food"",""check_date"":""2025-05-23"",""cuisine"":""noodle;regional;japanese"",""level"":""1"",""name"":""大阪一番""}",fast_food,,,,,,,
node/12857301885,,gift,135.3846861,34.6475522,Point,"{""check_date"":""2025-05-23"",""shop"":""gift""}",,,gift,,,,,
node/12857401656,,viewpoint,135.3859442,34.6472365,Point,"{""direction"":""NNW"",""tourism"":""viewpoint""}",,viewpoint,,,,,,
node/12857408503,バーレーンパビリオンカフェ,cafe,135.3845765,34.6476001,Point,"{""amenity"":""cafe"",""check_date"":""2025-05-30"",""name"":""バーレーンパビリオンカフェ""}",cafe,,,,,,,
node/12857420398,,artwork,135.3853952,34.6473848,Point,"{""artwork_type"":""statue"",""description"":""イーブイ"",""tourism"":""artwork""}",,artwork,,,,,,
node/12860789774,36,information,135.38403,34.6518947,Point,"{""board_type"":""traffic"",""information"":""board"",""name"":""36"",""tourism"":""information""}",,information,,,,,,
node/12866274162,,tree,135.3838035,34.651561,Point,"{""natural"":""tree""}",,,,,,,,
node/12866274163,,tree,135.3837766,34.6515627,Point,"{""natural"":""tree""}",,,,,,,,
node/12866274164,,tree,135.3837562,34.6515694,Point,"{""natural"":""tree""}",,,,,,,,
node/12866274165,モナコパビリオン,information,135.3837297,34.6514918,Point,"{""information"":""board"",""name"":""モナコパビリオン"",""tourism"":""information""}",,information,,,,,,
node/12866274166,,artwork,135.383734,34.6515043,Point,"{""artwork_type"":""sculpture"",""tourism"":""artwork""}",,artwork,,,,,,
node/12866293053,,,135.3838797,34.6513802,Point,"{""entrance"":""yes""}",,,,,,,,
node/12866293054,,,135.3838175,34.6513637,Point,"{""entrance"":""yes""}",,,,,,,,
node/12866293055,モナコパビリオン 母なる地球を守る,information,135.383739,34.6513344,Point,"{""information"":""board"",""name"":""モナコパビリオン 母なる地球を守る"",""tourism"":""information""}",,information,,,,,,
node/12866293056,モナコパビリオン 街を守る,information,135.3837755,34.6513447,Point,"{""information"":""board"",""name"":""モナコパビリオン 街を守る"",""tourism"":""information""}",,information,,,,,,
node/12866293057,モナコパビリオン庭園,information,135.3837398,34.6512669,Point,"{""information"":""board"",""name"":""モナコパビリオン庭園"",""tourism"":""information""}",,information,,,,,,
node/12866293058,モナコパビリオン 自然の奇跡を守る,information,135.3838391,34.6512013,Point,"{""information"":""board"",""name"":""モナコパビリオン 自然の奇跡を守る"",""tourism"":""information""}",,information,,,,,,
node/12866296617,,tree,135.3838107,34.651506,Point,"{""natural"":""tree""}",,,,,,,,
node/12866312105,オテル・ド・パリ・モンテカルロ,bar,135.3838422,34.6514218,Point,"{""addr:floor"":""3"",""amenity"":""bar"",""check_date"":""2025-05-27"",""name"":""オテル・ド・パリ・モンテカルロ""}",bar,,,,,,,
node/12866336364,,tree,135.3821584,34.6514169,Point,"{""natural"":""tree""}",,,,,,,,
node/12866336365,,tree,135.3821238,34.6514421,Point,"{""natural"":""tree""}",,,,,,,,
node/12866336366,,tree,135.3821008,34.6514577,Point,"{""natural"":""tree""}",,,,,,,,
node/12866336367,,tree,135.3821285,34.6514714,Point,"{""natural"":""tree""}",,,,,,,,
node/12866336368,,tree,135.3821336,34.6514622,Point,"{""natural"":""tree""}",,,,,,,,
node/12866336369,カンガルー,artwork,135.3820898,34.6514708,Point,"{""artwork_type"":""statue"",""description"":""カンガルー"",""name"":""カンガルー"",""name:en"":""Kangaroo"",""name:ja"":""カンガルー"",""tourism"":""artwork""}",,artwork,,,,,,
node/12866341295,,fast_food,135.3836902,34.6516819,Point,"{""amenity"":""fast_food"",""check_date"":""2025-05-27"",""cuisine"":""mexican;turkish"",""takeaway"":""only""}",fast_food,,,,,,,
node/12866341297,特別イベントゾーン,information,135.3819472,34.6513786,Point,"{""information"":""board"",""name"":""特別イベントゾーン"",""name:en"":""Special Event Zone"",""tourism"":""information""}",,information,,,,,,
node/12866345558,エミュー,artwork,135.3820103,34.651414,Point,"{""artwork_type"":""statue"",""description"":""フラメンゴ"",""name"":""エミュー"",""name:en"":""Emu"",""name:ja"":""エミュー"",""tourism"":""artwork""}",,artwork,,,,,,
node/12866361073,,vending_machine,135.3811301,34.6499255,Point,"{""amenity"":""vending_machine"",""check_date"":""2025-05-27"",""vending"":""drinks;coffee;food;sweets""}",vending_machine,,,,,,,
node/12866399562,,gift,135.3814292,34.6497706,Point,"{""check_date"":""2025-05-27"",""shop"":""gift""}",,,gift,,,,,
node/12866424246,44,information,135.3852153,34.6515711,Point,"{""board_type"":""traffic"",""information"":""board"",""name"":""44"",""tourism"":""information""}",,information,,,,,,
node/12866424657,,restaurant,135.381391,34.649717,Point,"{""amenity"":""restaurant"",""check_date"":""2025-05-27"",""cuisine"":""african""}",restaurant,,,,,,,
node/12866454648,45,information,135.3853782,34.6514843,Point,"{""board_type"":""traffic"",""information"":""board"",""name"":""45"",""tourism"":""information""}",,information,,,,,,
node/12866468463,,waste_basket,135.3814704,34.6514314,Point,"{""amenity"":""waste_basket""}",waste_basket,,,,,,,
node/12866468464,25,information,135.3817846,34.6515698,Point,"{""board_type"":""traffic"",""information"":""board"",""name"":""25"",""tourism"":""information""}",,information,,,,,,
node/12866468465,26,information,135.381968,34.6516418,Point,"{""board_type"":""traffic"",""information"":""board"",""name"":""26"",""tourism"":""information""}",,information,,,,,,
node/12866468466,,toilets,135.3831227,34.6520276,Point,"{""addr:floor"":""2"",""amenity"":""toilets"",""check_date"":""2025-05-27"",""level"":""1"",""toilets:disposal"":""flush""}",toilets,,,,,,,
node/12866468843,33,information,135.3834447,34.6519377,Point,"{""board_type"":""traffic"",""information"":""board"",""name"":""33"",""tourism"":""information""}",,information,,,,,,
node/12866468844,37,information,135.3841847,34.6518756,Point,"{""board_type"":""traffic"",""information"":""board"",""name"":""37"",""tourism"":""information""}",,information,,,,,,
node/12866468845,39,information,135.3845001,34.6518134,Point,"{""board_type"":""traffic"",""information"":""board"",""name"":""39"",""tourism"":""information""}",,information,,,,,,
node/12866470137,46,information,135.38555,34.6513862,Point,"{""board_type"":""traffic"",""information"":""board"",""name"":""46"",""tourism"":""information""}",,information,,,,,,
node/12866471426,41,information,135.3847647,34.6517402,Point,"{""information"":""board"",""name"":""41"",""tourism"":""information""}",,information,,,,,,
node/12866484565,47,information,135.3857175,34.65128,Point,"{""board_type"":""traffic"",""information"":""board"",""name"":""47"",""tourism"":""information""}",,information,,,,,,
node/12866484566,,waste_basket,135.3858308,34.6512059,Point,"{""amenity"":""waste_basket""}",waste_basket,,,,,,,
node/12866484567,51,information,135.3863079,34.6507792,Point,"{""board_type"":""traffic"",""information"":""board"",""name"":""51"",""tourism"":""information""}",,information,,,,,,
node/12866484568,,waste_basket,135.3864744,34.6505609,Point,"{""amenity"":""waste_basket""}",waste_basket,,,,,,,
node/12866484569,53,information,135.3865682,34.6504528,Point,"{""board_type"":""traffic"",""information"":""board"",""name"":""53"",""tourism"":""information""}",,information,,,,,,
node/12866488961,,,135.3907095,34.6514865,Point,"{""description"":""28本"",""flag:name"":""Bureau of International Expositions"",""flag:short_name"":""BIE"",""flag:type"":""organisation"",""flag:wikidata"":""Q1010514"",""man_made"":""flagpole""}",,,,,,,,
node/12866488962,,,135.3907027,34.6514679,Point,"{""country"":""JP"",""description"":""28本"",""flag:name"":""Japan"",""flag:type"":""national"",""flag:wikidata"":""Q43175"",""man_made"":""flagpole"",""subject"":""Japan"",""subject:wikidata"":""Q17""}",,,,JP,,,,
node/12866489928,54,information,135.3866784,34.6502859,Point,"{""board_type"":""traffic"",""information"":""board"",""name"":""54"",""tourism"":""information""}",,information,,,,,,
node/12866508802,,,135.3914032,34.6510137,Point,"{""country"":""ID"",""flag:name"":""Indonesia"",""flag:type"":""national"",""flag:wikidata"":""Q101472"",""man_made"":""flagpole"",""subject"":""Indonesia"",""subject:wikidata"":""Q252""}",,,,ID,,,,
node/12866508803,,,135.3913828,34.6510096,Point,"{""country"":""IN"",""flag:name"":""India"",""flag:type"":""national"",""flag:wikidata"":""Q41673"",""man_made"":""flagpole"",""subject"":""India"",""subject:wikidata"":""Q668""}",,,,IN,,,,
node/12866508804,,,135.3914275,34.6509974,Point,"{""country"":""IL"",""flag:name"":""Israel"",""flag:type"":""national"",""flag:wikidata"":""Q128480"",""man_made"":""flagpole"",""subject"":""Israel"",""subject:wikidata"":""Q801""}",,,,IL,,,,
node/12866508807,,,135.3913329,34.6510675,Point,"{""country"":""GY"",""flag:name"":""Guyana"",""flag:type"":""national"",""flag:wikidata"":""Q171124"",""man_made"":""flagpole"",""subject"":""Guyana"",""subject:wikidata"":""Q734""}",,,,GY,,,,
node/12873185185,ChargeSPOT,vending_machine,135.3777891,34.6512362,Point,"{""amenity"":""vending_machine"",""brand"":""ChargeSPOT"",""capacity"":""40"",""name"":""ChargeSPOT"",""payment:app"":""yes"",""rental"":""power_bank"",""vending"":""rental""}",vending_machine,,,,,,,
node/12873185186,ChargeSPOT,vending_machine,135.3902315,34.6498557,Point,"{""amenity"":""vending_machine"",""brand"":""ChargeSPOT"",""capacity"":""80"",""name"":""ChargeSPOT"",""payment:app"":""yes"",""rental"":""power_bank"",""vending"":""rental""}",vending_machine,,,,,,,
node/12873185187,ChargeSPOT,vending_machine,135.3894675,34.6516239,Point,"{""amenity"":""vending_machine"",""brand"":""ChargeSPOT"",""capacity"":""27"",""name"":""ChargeSPOT"",""payment:app"":""yes"",""rental"":""power_bank"",""vending"":""rental""}",vending_machine,,,,,,,
node/12873185188,ChargeSPOT,vending_machine,135.3945673,34.6526195,Point,"{""amenity"":""vending_machine"",""brand"":""ChargeSPOT"",""capacity"":""10"",""name"":""ChargeSPOT"",""payment:app"":""yes"",""rental"":""power_bank"",""vending"":""rental""}",vending_machine,,,,,,,
node/12874786439,,waste_basket,135.3843333,34.6494487,Point,"{""amenity"":""waste_basket""}",waste_basket,,,,,,,
node/12874786440,morino marche,food_court,135.3841323,34.6492546,Point,"{""amenity"":""food_court"",""check_date"":""2025-05-30"",""name"":""morino marche""}",food_court,,,,,,,
node/12874844602,コカ・コーラ,vending_machine,135.3842613,34.6495369,Point,"{""amenity"":""vending_machine"",""brand"":""コカ・コーラ"",""brand:en"":""Coca-Cola"",""brand:ja"":""コカ・コーラ"",""brand:wikidata"":""Q2813"",""check_date"":""2025-05-30"",""drink:cola"":""yes"",""name"":""コカ・コーラ"",""name:en"":""Coca-Cola"",""name:ja"":""コカ・コーラ"",""vending"":""drinks""}",vending_machine,,,,,,,
node/12874844603,コカ・コーラ,vending_machine,135.38424,34.6495409,Point,"{""amenity"":""vending_machine"",""brand"":""コカ・コーラ"",""brand:en"":""Coca-Cola"",""brand:ja"":""コカ・コーラ"",""brand:wikidata"":""Q2813"",""check_date"":""2025-05-30"",""drink:cola"":""yes"",""name"":""コカ・コーラ"",""name:en"":""Coca-Cola"",""name:ja"":""コカ・コーラ"",""vending"":""drinks""}",vending_machine,,,,,,,
node/12874844604,大塚食品,vending_machine,135.3842538,34.6495119,Point,"{""amenity"":""vending_machine"",""brand"":""大塚"",""brand:en"":""Otsuka"",""brand:ja"":""大塚"",""brand:wikidata"":""Q11434124"",""check_date"":""2025-05-30"",""name"":""大塚食品"",""name:en"":""Otsuka Foods"",""name:ja"":""大塚食品"",""vending"":""food""}",vending_machine,,,,,,,
node/12874844605,大塚食品,vending_machine,135.3842346,34.6495169,Point,"{""amenity"":""vending_machine"",""brand"":""大塚"",""brand:en"":""Otsuka"",""brand:ja"":""大塚"",""brand:wikidata"":""Q11434124"",""check_date"":""2025-05-30"",""name"":""大塚食品"",""name:en"":""Otsuka Foods"",""name:ja"":""大塚食品"",""vending"":""food""}",vending_machine,,,,,,,
node/12874871374,コミュニケーション格差を越えて,information,135.3846417,34.6478708,Point,"{""information"":""board"",""name"":""コミュニケーション格差を越えて"",""tourism"":""information""}",,information,,,,,,
node/12874871375,自律型スマート灌漑システム: 精密な水管理のための特許イノベーション,information,135.3846441,34.6478906,Point,"{""information"":""board"",""name"":""自律型スマート灌漑システム: 精密な水管理のための特許イノベーション"",""tourism"":""information""}",,information,,,,,,
node/12874923756,,waste_basket,135.3840022,34.6481515,Point,"{""amenity"":""waste_basket""}",waste_basket,,,,,,,
node/12874937097,,waste_basket,135.3832904,34.6473808,Point,"{""amenity"":""waste_basket""}",waste_basket,,,,,,,
node/12874950759,,tree,135.3833001,34.6474046,Point,"{""natural"":""tree""}",,,,,,,,
node/12874950760,,bench,135.3833039,34.6474154,Point,"{""amenity"":""bench""}",bench,,,,,,,
node/12874966713,,,135.3823282,34.6477552,Point,"{""country"":""AO"",""man_made"":""flagpole""}",,,,AO,,,,
node/12874966714,,,135.3823156,34.6477588,Point,"{""country"":""JP"",""man_made"":""flagpole""}",,,,JP,,,,
node/12874966715,,,135.3823034,34.6477622,Point,"{""man_made"":""flagpole""}",,,,,,,,
node/12874967002,,waste_basket,135.3824056,34.6476089,Point,"{""amenity"":""waste_basket""}",waste_basket,,,,,,,
node/12874967016,Green Park Bus,exhibition_centre,135.3808458,34.6487307,Point,"{""amenity"":""exhibition_centre"",""check_date"":""2025-05-30"",""name"":""Green Park Bus"",""operator"":""HYUNDAI""}",exhibition_centre,,,,,,,
node/12874988923,トーゴ,gift,135.3811593,34.6490792,Point,"{""check_date"":""2025-05-30"",""name"":""トーゴ"",""shop"":""gift""}",,,gift,,,,,
node/12874993805,ラオス,gift,135.3811621,34.6487479,Point,"{""check_date"":""2025-08-20"",""name"":""ラオス"",""shop"":""gift""}",,,gift,,,,,
node/12874999807,ブータン,gift,135.3811148,34.6488254,Point,"{""check_date"":""2025-08-20"",""name"":""ブータン"",""shop"":""gift""}",,,gift,,,,,
node/12875017817,,waste_basket,135.3820188,34.648577,Point,"{""amenity"":""waste_basket""}",waste_basket,,,,,,,
node/12875060596,,,135.384031,34.6483057,Point,"{""man_made"":""flagpole""}",,,,,,,,
node/12875060597,,,135.3842161,34.6482671,Point,"{""man_made"":""flagpole""}",,,,,,,,
node/12875060598,,,135.3842207,34.6482796,Point,"{""man_made"":""flagpole""}",,,,,,,,
node/12875060599,,,135.3842251,34.6482933,Point,"{""man_made"":""flagpole""}",,,,,,,,
node/12875128708,,gift,135.3841261,34.648784,Point,"{""addr:floor"":""4"",""check_date"":""2025-05-30"",""shop"":""gift""}",,,gift,,,,,
node/12875159806,,artwork,135.3858861,34.6467165,Point,"{""artwork_type"":""graffiti"",""description"":""こみゃく"",""fixme"":""Please merge me into a nearby wall"",""tourism"":""artwork""}",,artwork,,,,,,
node/12877398516,48,information,135.3858841,34.6511646,Point,"{""board_type"":""traffic"",""information"":""board"",""name"":""48"",""tourism"":""information""}",,information,,,,,,
node/12879959025,太陽に関する国際的な同盟,exhibition_centre,135.3838384,34.6479424,Point,"{""alt_name"":""太陽に関する国際的な同盟パビリオン"",""amenity"":""exhibition_centre"",""website"":""https://www.expo2025.or.jp/official-participant/the-international-solar-alliance/"",""name"":""太陽に関する国際的な同盟"",""name:en"":""The International Solar Alliance"",""reservation"":""no"",""short_name"":""ISAパビリオン""}",exhibition_centre,,,,,,https://www.expo2025.or.jp/official-participant/the-international-solar-alliance/,
node/12879959026,ASEAN,exhibition_centre,135.3838814,34.6479359,Point,"{""alt_name"":""アセアン"",""amenity"":""exhibition_centre"",""loc_name"":""ASEAN"",""website"":""https://www.expo2025.or.jp/official-participant/asean/"",""name"":""ASEAN"",""name:en"":""Association of Southeast Asian Nations"",""name:ja"":""東南アジア諸国連合"",""reservation"":""no"",""short_name"":""ASEAN""}",exhibition_centre,,,,,,https://www.expo2025.or.jp/official-participant/asean/,
node/12879959027,国際科学技術センター,exhibition_centre,135.3839259,34.648012,Point,"{""amenity"":""exhibition_centre"",""loc_name"":""国際科学技術センター"",""name"":""国際科学技術センター"",""name:en"":""International Science and Technology Center"",""name:ja"":""国際科学技術センター"",""reservation"":""no"",""short_name"":""ISTC"",""website"":""https://www.expo2025.or.jp/official-participant/international-science-and-technology-center/""}",exhibition_centre,,,,,,https://www.expo2025.or.jp/official-participant/international-science-and-technology-center/,
node/12879959028,万博博物館,exhibition_centre,135.3837894,34.6478638,Point,"{""amenity"":""exhibition_centre"",""loc_name"":""万博博物館"",""website"":""https://www.expo2025.or.jp/official-participant/world-expo-museum/"",""name"":""万博博物館"",""name:en"":""World Expo Museum"",""name:ja"":""万博博物館"",""reservation"":""no""}",exhibition_centre,,,,,,https://www.expo2025.or.jp/official-participant/world-expo-museum/,
node/12879959029,国際核融合エネルギー機構,exhibition_centre,135.3839586,34.6479201,Point,"{""alt_name"":""ITER機構"",""amenity"":""exhibition_centre"",""loc_name"":""ITER"",""website"":""https://www.expo2025.or.jp/official-participant/iter/"",""name"":""国際核融合エネルギー機構"",""name:en"":""International Thermonuclear Experimental Reacto"",""name:ja"":""国際核融合エネルギー機構"",""reservation"":""no"",""short_name"":""ITER""}",exhibition_centre,,,,,,https://www.expo2025.or.jp/official-participant/iter/,
node/12879959030,ウガンダ,exhibition_centre,135.3850011,34.6501796,Point,"{""wikimedia_commons"":""File:Expo 2025 Uganda Pavilion Booth (Commons A Pavilion) 01.JPG"",""amenity"":""exhibition_centre"",""check_date"":""2025-08-14"",""country"":""UG"",""name"":""ウガンダ"",""website"":""https://www.expo2025.or.jp/official-participant/uganda/"",""name:en"":""Uganda"",""name:ja"":""ウガンダ"",""reservation"":""no""}",exhibition_centre,,,UG,,,https://www.expo2025.or.jp/official-participant/uganda/,
node/12883518796,,vending_machine,135.3746361,34.652747,Point,"{""amenity"":""vending_machine"",""check_date"":""2025-06-03"",""operator"":""Glico"",""vending"":""ice_cream""}",vending_machine,,,,,,,
node/12883518797,,vending_machine,135.3746263,34.6527517,Point,"{""amenity"":""vending_machine"",""check_date"":""2025-06-03"",""operator"":""Glico"",""vending"":""ice_cream""}",vending_machine,,,,,,,
node/12883518798,,vending_machine,135.3746158,34.6527576,Point,"{""amenity"":""vending_machine"",""check_date"":""2025-06-03"",""operator"":""Glico"",""vending"":""ice_cream""}",vending_machine,,,,,,,
node/12883518799,,vending_machine,135.3746066,34.6527625,Point,"{""amenity"":""vending_machine"",""check_date"":""2025-06-03"",""operator"":""Glico"",""vending"":""ice_cream""}",vending_machine,,,,,,,
node/12884691445,,toilets,135.396802,34.6573527,Point,"{""access"":""customers"",""amenity"":""toilets""}",toilets,,,,,,,
node/12885482984,道路に場所を譲った木,artwork,135.3846661,34.6471208,Point,"{""artwork_type"":""sculpture"",""name"":""道路に場所を譲った木"",""ref"":""14"",""tourism"":""artwork""}",,artwork,,,,,,
node/12885531639,困った木の柱,artwork,135.3847105,34.6471082,Point,"{""artwork_type"":""sculpture"",""name"":""困った木の柱"",""ref"":""01"",""tourism"":""artwork""}",,artwork,,,,,,
node/12885781147,,bench,135.3837733,34.6482293,Point,"{""amenity"":""bench""}",bench,,,,,,,
node/12885800690,大阪・関西万博記念写真,,135.384001,34.647197,Point,"{""check_date"":""2025-06-04"",""craft"":""photographer"",""name"":""大阪・関西万博記念写真""}",,,,,,,,
node/12885804671,大塚食品,vending_machine,135.3860588,34.6468627,Point,"{""addr:floor"":""2"",""amenity"":""vending_machine"",""brand"":""大塚"",""brand:en"":""Otsuka"",""brand:ja"":""大塚"",""brand:wikidata"":""Q11434124"",""check_date"":""2025-06-04"",""level"":""1"",""name"":""大塚食品"",""name:en"":""Otsuka Foods"",""name:ja"":""大塚食品"",""vending"":""food""}",vending_machine,,,,,,,
node/12885804672,大塚食品,vending_machine,135.3860471,34.6468723,Point,"{""addr:floor"":""2"",""amenity"":""vending_machine"",""brand"":""大塚"",""brand:en"":""Otsuka"",""brand:ja"":""大塚"",""brand:wikidata"":""Q11434124"",""check_date"":""2025-06-04"",""level"":""1"",""name"":""大塚食品"",""name:en"":""Otsuka Foods"",""name:ja"":""大塚食品"",""vending"":""food""}",vending_machine,,,,,,,
node/12885831610,,artwork,135.384645,34.6471652,Point,"{""artwork_type"":""graffiti"",""description"":""こみゃく"",""fixme"":""Please merge me into a nearby wall"",""tourism"":""artwork""}",,artwork,,,,,,
node/12885831700,コカ・コーラ,vending_machine,135.3861695,34.6470635,Point,"{""addr:floor"":""2"",""amenity"":""vending_machine"",""brand"":""コカ・コーラ"",""brand:en"":""Coca-Cola"",""brand:ja"":""コカ・コーラ"",""brand:wikidata"":""Q2813"",""check_date"":""2025-06-04"",""drink:cola"":""yes"",""level"":""1"",""name"":""コカ・コーラ"",""name:en"":""Coca-Cola"",""name:ja"":""コカ・コーラ"",""vending"":""drinks""}",vending_machine,,,,,,,
node/12885835474,,tree,135.3838185,34.6471021,Point,"{""natural"":""tree""}",,,,,,,,
node/12885835475,,tree,135.3837882,34.6471094,Point,"{""natural"":""tree""}",,,,,,,,
node/12885835476,,tree,135.3837574,34.6471161,Point,"{""natural"":""tree""}",,,,,,,,
node/12885836424,森の道 - 青い森,artwork,135.3841739,34.6503977,Point,"{""artist_name"":""田崎飛鳥"",""artwork_type"":""mural"",""name"":""森の道 - 青い森"",""tourism"":""artwork""}",,artwork,,,,,,
node/12885851566,,tree,135.385481,34.6475359,Point,"{""natural"":""tree""}",,,,,,,,
node/12885876101,コカ・コーラ,vending_machine,135.3861818,34.6470514,Point,"{""addr:floor"":""2"",""amenity"":""vending_machine"",""brand"":""コカ・コーラ"",""brand:en"":""Coca-Cola"",""brand:ja"":""コカ・コーラ"",""brand:wikidata"":""Q2813"",""check_date"":""2025-06-04"",""drink:cola"":""yes"",""level"":""1"",""name"":""コカ・コーラ"",""name:en"":""Coca-Cola"",""name:ja"":""コカ・コーラ"",""vending"":""drinks""}",vending_machine,,,,,,,
node/12885876102,コカ・コーラ,vending_machine,135.3861936,34.6470446,Point,"{""addr:floor"":""2"",""amenity"":""vending_machine"",""brand"":""コカ・コーラ"",""brand:en"":""Coca-Cola"",""brand:ja"":""コカ・コーラ"",""brand:wikidata"":""Q2813"",""check_date"":""2025-06-04"",""drink:cola"":""yes"",""level"":""1"",""name"":""コカ・コーラ"",""name:en"":""Coca-Cola"",""name:ja"":""コカ・コーラ"",""vending"":""drinks""}",vending_machine,,,,,,,
node/12885876103,,drinking_water,135.3862087,34.6470576,Point,"{""addr:floor"":""2"",""amenity"":""drinking_water"",""bottle"":""yes"",""level"":""1""}",drinking_water,,,,,,,
node/12885880104,,,135.3858931,34.6472532,Point,"{""country"":""PT"",""flag:type"":""national"",""man_made"":""flagpole""}",,,,PT,,,,
node/12885880105,,,135.3859045,34.6472674,Point,"{""country"":""EU"",""flag:type"":""national"",""man_made"":""flagpole""}",,,,EU,,,,
node/12885880379,,artwork,135.3874185,34.6503889,Point,"{""artwork_type"":""bust"",""tourism"":""artwork""}",,artwork,,,,,,
node/12885906750,,artwork,135.3873667,34.6502749,Point,"{""artwork_type"":""statue"",""tourism"":""artwork""}",,artwork,,,,,,
node/12885906755,AIR WATER NEO MIX STAND,,135.3871644,34.6509297,Point,"{""check_date"":""2025-06-04"",""craft"":""confectionery"",""name"":""AIR WATER NEO MIX STAND""}",,,,,,,,
node/12885908358,,artwork,135.3837893,34.6504721,Point,"{""artwork_type"":""graffiti"",""description"":""こみゃく"",""fixme"":""Please merge me into a nearby wall"",""tourism"":""artwork""}",,artwork,,,,,,
node/12885921039,おこしやす 京の小路,gift,135.3837029,34.6522061,Point,"{""check_date"":""2025-06-04"",""name"":""おこしやす 京の小路"",""name:en"":""Okoshiyasu Kyonokomichi"",""shop"":""gift""}",,,gift,,,,,
node/12885922558,,,135.3836325,34.6521921,Point,"{""entrance"":""yes""}",,,,,,,,
node/12885922559,魯園菜館,restaurant,135.3836441,34.6522201,Point,"{""amenity"":""restaurant"",""check_date"":""2025-06-04"",""cuisine"":""chinese"",""name"":""魯園菜館""}",restaurant,,,,,,,
node/12885926464,アカカベ,chemist,135.3870032,34.6507355,Point,"{""check_date"":""2025-06-04"",""name"":""アカカベ"",""shop"":""chemist""}",,,chemist,,,,,
node/12885926465,SPYxFAMILY DINING,,135.3869861,34.6507911,Point,"{""check_date"":""2025-06-04"",""craft"":""confectionery"",""name"":""SPYxFAMILY DINING"",""takeaway"":""yes""}",,,,,,,,
node/12885926466,bibim,fast_food,135.3870449,34.6507706,Point,"{""amenity"":""fast_food"",""check_date"":""2025-06-04"",""cuisine"":""korean"",""name"":""bibim"",""name:ja"":""ビビム"",""takeaway"":""yes""}",fast_food,,,,,,,
node/12885926469,ほっかほっか亭,,135.3870644,34.6508017,Point,"{""check_date"":""2025-06-04"",""craft"":""caterer"",""name"":""ほっかほっか亭""}",,,,,,,,
node/12885926470,PACKN-TO,,135.3870863,34.6508421,Point,"{""check_date"":""2025-06-04"",""craft"":""caterer"",""name"":""PACKN-TO""}",,,,,,,,
node/12885926471,Metro KITCHEN,fast_food,135.3871031,34.6508767,Point,"{""amenity"":""fast_food"",""check_date"":""2025-06-04"",""name"":""Metro KITCHEN"",""takeaway"":""yes""}",fast_food,,,,,,,
node/12885926472,OBBこれもいいキッチン,fast_food,135.3870178,34.6508345,Point,"{""amenity"":""fast_food"",""check_date"":""2025-06-04"",""diet:vegan"":""only"",""name"":""OBBこれもいいキッチン"",""takeaway"":""yes""}",fast_food,,,,,,,
node/12885926473,nissei Mouthful Creations,,135.3871304,34.6509004,Point,"{""check_date"":""2025-06-04"",""craft"":""confectionery"",""name"":""nissei Mouthful Creations""}",,,,,,,,
node/12885927077,よしもとカレーパン,fast_food,135.3799465,34.6501986,Point,"{""amenity"":""fast_food"",""check_date"":""2025-06-04"",""name"":""よしもとカレーパン"",""operator"":""鳴門屋""}",fast_food,,,,,,,
node/12885929977,OBAKE STORE,gift,135.3821878,34.6520456,Point,"{""check_date"":""2025-06-04"",""name"":""OBAKE STORE"",""shop"":""gift""}",,,gift,,,,,
node/12885965518,THE HISTORY OF GUNDAM,information,135.3802209,34.6509201,Point,"{""information"":""board"",""name"":""THE HISTORY OF GUNDAM"",""tourism"":""information""}",,information,,,,,,
node/12886023566,EXPOメッセ「WASSE」,information,135.379744,34.6491521,Point,"{""information"":""board"",""name"":""EXPOメッセ「WASSE」"",""tourism"":""information""}",,information,,,,,,
node/12886249984,,waste_basket,135.3839129,34.6505593,Point,"{""amenity"":""waste_basket""}",waste_basket,,,,,,,
node/12886319631,,,135.3843848,34.6511222,Point,"{""man_made"":""flagpole""}",,,,,,,,
node/12886336115,ヨルダン,gift,135.384749,34.6495593,Point,"{""check_date"":""2025-07-18"",""name"":""ヨルダン"",""shop"":""gift""}",,,gift,,,,,
node/12886336116,,fast_food,135.3847264,34.6495843,Point,"{""amenity"":""fast_food"",""check_date"":""2025-06-04"",""takeaway"":""yes""}",fast_food,,,,,,,
node/12886457357,コカ・コーラ,vending_machine,135.3904598,34.6502676,Point,"{""amenity"":""vending_machine"",""brand"":""コカ・コーラ"",""brand:en"":""Coca-Cola"",""brand:ja"":""コカ・コーラ"",""brand:wikidata"":""Q2813"",""check_date"":""2025-06-04"",""drink:cola"":""yes"",""name"":""コカ・コーラ"",""name:en"":""Coca-Cola"",""name:ja"":""コカ・コーラ"",""vending"":""drinks""}",vending_machine,,,,,,,
node/12886494970,,waste_basket,135.3886427,34.6486656,Point,"{""amenity"":""waste_basket""}",waste_basket,,,,,,,
node/12901628204,,waste_basket,135.3867909,34.6500434,Point,"{""amenity"":""waste_basket""}",waste_basket,,,,,,,
node/12901628205,,waste_basket,135.3868811,34.6498497,Point,"{""amenity"":""waste_basket""}",waste_basket,,,,,,,
node/12901644788,WOVEN,information,135.3854229,34.6496891,Point,"{""information"":""board"",""name"":""WOVEN"",""name:ja"":""ウーブン"",""tourism"":""information""}",,information,,,,,,
node/12901751671,,tree,135.387666,34.6507116,Point,"{""natural"":""tree""}",,,,,,,,
node/12901751672,,tree,135.3876674,34.6507325,Point,"{""natural"":""tree""}",,,,,,,,
node/12901751673,,tree,135.3876732,34.6507572,Point,"{""natural"":""tree""}",,,,,,,,
node/12901751674,,tree,135.3876868,34.6507709,Point,"{""natural"":""tree""}",,,,,,,,
node/12901835062,Sofra,restaurant,135.3858537,34.6516635,Point,"{""amenity"":""restaurant"",""check_date"":""2025-06-10"",""cuisine"":""turkish"",""name"":""Sofra""}",restaurant,,,,,,,
node/12901930733,,artwork,135.3859874,34.6507212,Point,"{""artwork_type"":""statue"",""tourism"":""artwork""}",,artwork,,,,,,
node/12913684116,,,135.3860496,34.6476121,Point,"{""man_made"":""flagpole""}",,,,,,,,
node/12913684117,,,135.3860705,34.6475932,Point,"{""country"":""CA"",""flag:type"":""national"",""man_made"":""flagpole""}",,,,CA,,,,
node/12913828834,万華鏡,bench,135.3781396,34.6507118,Point,"{""amenity"":""bench"",""armrest"":""no"",""backrest"":""yes"",""material"":""wood"",""name"":""万華鏡"",""operator"":""藤井電機"",""website"":""https://www.fudec.co.jp/expo2025/""}",bench,,,,,,https://www.fudec.co.jp/expo2025/,
node/12913869041,nekosapo,exhibition_centre,135.3783461,34.6505291,Point,"{""amenity"":""exhibition_centre"",""check_date"":""2025-06-14"",""name"":""nekosapo""}",exhibition_centre,,,,,,,
node/12913923405,SUSTAINABILITY DOME,information,135.3757506,34.6518389,Point,"{""information"":""board"",""name"":""SUSTAINABILITY DOME"",""tourism"":""information""}",,information,,,,,,
node/12913941566,エスニックフュージョンレストラン,food_court,135.3767126,34.6534275,Point,"{""amenity"":""food_court"",""check_date"":""2025-06-14"",""cuisine"":""asian;japanese;bangladeshi;indian;turkish;italian;curry;biryani;kebab;beef_bowl;pasta"",""diet:halal"":""yes"",""drink:masala_chai"":""yes"",""indoor_seating"":""yes"",""internet_access"":""wlan"",""level"":""0"",""name"":""エスニックフュージョンレストラン"",""name:en"":""ETHNIC FUSION RESTAURANT"",""name:ja"":""エスニックフュージョンレストラン"",""outdoor_seating"":""yes"",""reservation"":""no"",""smoking"":""no"",""takeaway"":""yes"",""wheelchair"":""yes""}",food_court,,,,yes,,,
node/12913941567,,food_court,135.3763399,34.6538947,Point,"{""amenity"":""food_court"",""check_date"":""2025-06-14"",""cuisine"":""asian;japanese;bangladeshi;indian;turkish;italian;curry;biryani;kebab;beef_bowl;pasta"",""diet:halal"":""yes"",""drink:masala_chai"":""yes"",""indoor_seating"":""yes"",""internet_access"":""yes"",""internet_access:fee"":""no"",""level"":""0"",""name:en"":""Grand Food Court"",""name:ja"":""グランドフードコート"",""outdoor_seating"":""yes"",""smoking"":""no"",""takeaway"":""yes"",""toilets"":""no"",""wheelchair"":""yes""}",food_court,,,,yes,,,
node/12913965313,neoharu BENCH,bench,135.376374,34.6522985,Point,"{""amenity"":""bench"",""armrest"":""no"",""backrest"":""yes"",""material"":""wood"",""name"":""neoharu BENCH""}",bench,,,,,,,
node/12914097614,,toilets,135.3794308,34.6489295,Point,"{""amenity"":""toilets"",""check_date"":""2025-06-14"",""female"":""yes"",""level"":""0"",""male"":""yes"",""unisex"":""yes"",""wheelchair"":""designated""}",toilets,,,,designated,,,
node/12918830040,,fast_food,135.3804531,34.6498208,Point,"{""amenity"":""fast_food"",""check_date"":""2025-06-16"",""takeaway"":""only""}",fast_food,,,,,,,
node/12918840438,,,135.3818297,34.6484791,Point,"{""country"":""JP"",""flag:type"":""national"",""man_made"":""flagpole""}",,,,JP,,,,
node/12918840439,,,135.3818417,34.6484915,Point,"{""country"":""PL"",""flag:type"":""national"",""man_made"":""flagpole""}",,,,PL,,,,
node/12918840440,,,135.3818552,34.6484996,Point,"{""country"":""EU"",""flag:type"":""organisation"",""man_made"":""flagpole""}",,,,EU,,,,
node/12918868343,スモモ,artwork,135.3802707,34.6485719,Point,"{""artwork_type"":""bust"",""name"":""スモモ"",""tourism"":""artwork""}",,artwork,,,,,,
node/12918872586,,information,135.3854278,34.6512082,Point,"{""information"":""guidepost"",""tourism"":""information""}",,information,,,,,,
node/12918876289,,,135.383735,34.6515221,Point,"{""man_made"":""flagpole""}",,,,,,,,
node/12918892924,,gift,135.385101,34.6480091,Point,"{""check_date"":""2025-06-16"",""shop"":""gift""}",,,gift,,,,,
node/12918893086,,,135.3846742,34.6473425,Point,"{""man_made"":""flagpole""}",,,,,,,,
node/12918917052,,,135.3856457,34.6509613,Point,"{""man_made"":""flagpole""}",,,,,,,,
node/12918917053,,,135.385688,34.6510111,Point,"{""man_made"":""flagpole""}",,,,,,,,
node/12918917054,,,135.3856598,34.6509779,Point,"{""man_made"":""flagpole""}",,,,,,,,
node/12918917055,,,135.3856739,34.6509945,Point,"{""man_made"":""flagpole""}",,,,,,,,
node/12918917689,,,135.3861862,34.650002,Point,"{""country"":""IE"",""flag:type"":""national"",""man_made"":""flagpole""}",,,,IE,,,,
node/12918917690,,,135.3862121,34.6500028,Point,"{""country"":""EU"",""flag:type"":""national"",""man_made"":""flagpole""}",,,,EU,,,,
node/12918942583,,,135.3775733,34.6524235,Point,"{""country"":""ME"",""flag:name"":""Montenegro"",""flag:type"":""national"",""flag:wikidata"":""Q162980"",""man_made"":""flagpole"",""subject"":""Montenegro"",""subject:wikidata"":""Q236""}",,,,ME,,,,
node/12918942584,,,135.3785515,34.6518861,Point,"{""flag:name"":""Bureau of International Expositions"",""flag:short_name"":""BIE"",""flag:type"":""organisation"",""flag:wikidata"":""Q1010514"",""man_made"":""flagpole""}",,,,,,,,
node/12918947460,Weihenstephan Oktoberfest,restaurant,135.3830326,34.6522946,Point,"{""addr:floor"":""2"",""amenity"":""restaurant"",""check_date"":""2025-06-16"",""cuisine"":""german"",""level"":""1"",""name"":""Weihenstephan Oktoberfest"",""name:ja"":""ヴァイエンステフアンオクトーバーフエスト""}",restaurant,,,,,,,
node/12918957924,,artwork,135.3767852,34.6524712,Point,"{""artwork_type"":""mural"",""description"":""こみゃく"",""fixme"":""Please merge me into a nearby wall"",""tourism"":""artwork""}",,artwork,,,,,,
node/12918966430,,,135.3781253,34.6521193,Point,"{""country"":""GQ"",""flag:name"":""Equatorial Guinea"",""flag:type"":""national"",""flag:wikidata"":""Q170554"",""man_made"":""flagpole"",""subject"":""Equatorial Guinea"",""subject:wikidata"":""Q983""}",,,,GQ,,,,
node/12918966431,,,135.3779542,34.6522142,Point,"{""country"":""HN"",""flag:name"":""Honduras"",""flag:type"":""national"",""flag:wikidata"":""Q102939"",""man_made"":""flagpole"",""subject"":""Honduras"",""subject:wikidata"":""Q783""}",,,,HN,,,,
node/12918966432,,,135.3778942,34.6522465,Point,"{""country"":""ID"",""flag:name"":""Indonesia"",""flag:type"":""national"",""flag:wikidata"":""Q101472"",""man_made"":""flagpole"",""subject"":""Indonesia"",""subject:wikidata"":""Q252""}",,,,ID,,,,
node/12919005012,,,135.3781487,34.652107,Point,"{""country"":""DO"",""flag:name"":""Dominican Republic"",""flag:type"":""national"",""flag:wikidata"":""Q184265"",""man_made"":""flagpole"",""subject"":""Dominican Republic"",""subject:wikidata"":""Q786""}",,,,DO,,,,
node/12946806238,RITE未来の森,exhibition_centre,135.3904201,34.644336,Point,"{""amenity"":""exhibition_centre"",""name"":""RITE未来の森"",""website"":""https://rite.or.jp/expo2025/""}",exhibition_centre,,,,,,https://rite.or.jp/expo2025/,
node/12946806239,化けるLABO,exhibition_centre,135.391162,34.6438544,Point,"{""amenity"":""exhibition_centre"",""name"":""化けるLABO"",""website"":""https://www.daigasgroup.com/expo2025/methanation/""}",exhibition_centre,,,,,,https://www.daigasgroup.com/expo2025/methanation/,
node/12949025772,,artwork,135.3893617,34.6501279,Point,"{""artwork_type"":""graffiti"",""description"":""Goodbye / Welcome\nこみゃく"",""tourism"":""artwork""}",,artwork,,,,,,
node/12949059972,,drinking_water,135.3901118,34.649718,Point,"{""amenity"":""drinking_water"",""bottle"":""yes""}",drinking_water,,,,,,,
node/12949076613,,tree,135.3856788,34.6509345,Point,"{""natural"":""tree""}",,,,,,,,
node/12949076614,,tree,135.3857274,34.6508944,Point,"{""natural"":""tree""}",,,,,,,,
node/12949076615,,tree,135.385762,34.650874,Point,"{""natural"":""tree""}",,,,,,,,
node/12949076616,,tree,135.3857559,34.6509294,Point,"{""natural"":""tree""}",,,,,,,,
node/12949076617,,tree,135.3857799,34.65091,Point,"{""natural"":""tree""}",,,,,,,,
node/12949076618,,tree,135.3858031,34.6508911,Point,"{""natural"":""tree""}",,,,,,,,
node/12949076619,,tree,135.3858056,34.6509332,Point,"{""natural"":""tree""}",,,,,,,,
node/12949076620,,tree,135.3858271,34.6509144,Point,"{""natural"":""tree""}",,,,,,,,
node/12949093687,,tree,135.3859124,34.6508435,Point,"{""natural"":""tree""}",,,,,,,,
node/12949093688,,tree,135.3858823,34.6508149,Point,"{""natural"":""tree""}",,,,,,,,
node/12949093689,,tree,135.385854,34.6507874,Point,"{""natural"":""tree""}",,,,,,,,
node/12949190409,DOKIDOKI DESSERT,confectionery,135.3856108,34.6508441,Point,"{""check_date"":""2025-06-24"",""craft"":""confectionery"",""name"":""DOKIDOKI DESSERT"",""shop"":""confectionery""}",,,confectionery,,,,,
node/12949190410,DOKIDOKI DRINKS,beverages,135.3855646,34.6507948,Point,"{""check_date"":""2025-06-24"",""name"":""DOKIDOKI DRINKS"",""shop"":""beverages""}",,,beverages,,,,,
node/12949191815,DOKIDOKI FOODS,restaurant,135.3856854,34.6508356,Point,"{""amenity"":""restaurant"",""check_date"":""2025-06-24"",""name"":""DOKIDOKI FOODS"",""opening_hours"":""10:30-20:00""}",restaurant,,,,,10:30-20:00,,
node/12949193362,LUXEMBOURG COLLECTION,gift,135.3856574,34.6508938,Point,"{""check_date"":""2025-06-24"",""name"":""LUXEMBOURG COLLECTION"",""opening_hours"":""Mo-Fr 10:30-19:00"",""shop"":""gift""}",,,gift,,,Mo-Fr 10:30-19:00,,
node/12949265091,,gift,135.3853207,34.6510771,Point,"{""check_date"":""2025-06-24"",""shop"":""gift""}",,,gift,,,,,
node/12949309687,,artwork,135.3870828,34.6512161,Point,"{""artwork_type"":""statue"",""description"":""モンスターハンター"",""tourism"":""artwork""}",,artwork,,,,,,
node/12951147782,,vending_machine,135.3811158,34.6481947,Point,"{""amenity"":""vending_machine"",""recycling:cans"":""yes"",""recycling:glass_bottles"":""yes"",""recycling:plastic_bottles"":""yes"",""vending"":""bottle_return""}",vending_machine,,,,,,,
node/12951147783,,waste_basket,135.3811005,34.6481918,Point,"{""amenity"":""waste_basket"",""waste"":""trash""}",waste_basket,,,,,,,
node/12955881183,Prayer Vessel,artwork,135.3860891,34.6495568,Point,"{""artist_name"":""奈良 祐希"",""artwork_type"":""statue"",""name"":""Prayer Vessel"",""tourism"":""artwork""}",,artwork,,,,,,
node/12955902506,SATELLITE BAR,bar,135.3857682,34.6494764,Point,"{""amenity"":""bar"",""check_date"":""2025-06-27"",""name"":""SATELLITE BAR"",""takeaway"":""only""}",bar,,,,,,,
node/12955927125,EXPO2025 OFFICIAL STORE MARUZEN JUNKUDO,gift,135.3869896,34.6494719,Point,"{""check_date"":""2025-07-18"",""name"":""EXPO2025 OFFICIAL STORE MARUZEN JUNKUDO"",""shop"":""gift""}",,,gift,,,,,
node/12955927480,,artwork,135.3861302,34.6496826,Point,"{""artwork_type"":""statue"",""description"":""ピカチュウ"",""tourism"":""artwork""}",,artwork,,,,,,
node/12955938070,,bench,135.3834957,34.6494421,Point,"{""amenity"":""bench""}",bench,,,,,,,
node/12955938071,,bench,135.3834598,34.6494251,Point,"{""amenity"":""bench""}",bench,,,,,,,
node/12955957125,,toilets,135.3843414,34.649501,Point,"{""access"":""yes"",""amenity"":""toilets"",""capacity:unisex"":""2"",""changing_table"":""yes"",""check_date"":""2025-06-27"",""toilets:disposal"":""flush"",""unisex"":""yes"",""wheelchair"":""designated""}",toilets,,,,designated,,,
node/12955962148,,tree,135.3832816,34.6490078,Point,"{""natural"":""tree""}",,,,,,,,
node/12955962427,,information,135.3841269,34.6496504,Point,"{""information"":""map"",""tourism"":""information""}",,information,,,,,,
node/12955963073,Dialogue Theaterいのちのあかし- sign of life -,information,135.3832875,34.6493142,Point,"{""information"":""board"",""name"":""Dialogue Theaterいのちのあかし- sign of life -"",""tourism"":""information""}",,information,,,,,,
node/12955968849,,bench,135.3828622,34.6484527,Point,"{""amenity"":""bench""}",bench,,,,,,,
node/12955998787,,,135.3840024,34.6473913,Point,"{""country"":""EU"",""flag:type"":""organisation"",""man_made"":""flagpole""}",,,,EU,,,,
node/12955998788,,,135.384009,34.6474066,Point,"{""country"":""MT"",""flag:type"":""national"",""man_made"":""flagpole""}",,,,MT,,,,
node/12956002723,,gift,135.3814511,34.6487056,Point,"{""check_date"":""2025-06-27"",""operator"":""リベリア"",""shop"":""gift""}",,,gift,,,,,
node/12956002724,,gift,135.3813533,34.6487454,Point,"{""check_date"":""2025-08-20"",""operator"":""タジキスタン"",""shop"":""gift""}",,,gift,,,,,
node/12956010585,,tree,135.3818521,34.6478567,Point,"{""natural"":""tree""}",,,,,,,,
node/12956039627,,,135.3867112,34.6470781,Point,"{""man_made"":""flagpole""}",,,,,,,,
node/12956039628,,,135.3867449,34.64707,Point,"{""man_made"":""flagpole""}",,,,,,,,
node/12956039629,,,135.3867756,34.6470657,Point,"{""man_made"":""flagpole""}",,,,,,,,
node/12956039630,,,135.3868037,34.647061,Point,"{""man_made"":""flagpole""}",,,,,,,,
node/12956041280,,,135.3846825,34.6469601,Point,"{""entrance"":""yes""}",,,,,,,,
node/12956047007,,artwork,135.3835521,34.6472937,Point,"{""description"":""ラプラス"",""tourism"":""artwork""}",,artwork,,,,,,
node/12956047795,,,135.384784,34.6470365,Point,"{""entrance"":""yes""}",,,,,,,,
node/12956058201,高度経済成長木,artwork,135.384576,34.6470273,Point,"{""name"":""高度経済成長木"",""tourism"":""artwork""}",,artwork,,,,,,
node/12956078659,,,135.3876247,34.6471685,Point,"{""man_made"":""flagpole""}",,,,,,,,
node/12956078660,,,135.3876504,34.6471602,Point,"{""man_made"":""flagpole""}",,,,,,,,
node/12956078661,,,135.3876771,34.6471518,Point,"{""man_made"":""flagpole""}",,,,,,,,
node/12956078662,,,135.3877044,34.6471433,Point,"{""man_made"":""flagpole""}",,,,,,,,
node/12956094133,,tree,135.3868249,34.6471802,Point,"{""natural"":""tree""}",,,,,,,,
node/12956094134,,tree,135.3868728,34.6471663,Point,"{""natural"":""tree""}",,,,,,,,
node/12956094135,,tree,135.3867792,34.6471902,Point,"{""natural"":""tree""}",,,,,,,,
node/12956094136,,tree,135.3867313,34.6471985,Point,"{""natural"":""tree""}",,,,,,,,
node/12956094137,,drinking_water,135.3866311,34.6472246,Point,"{""amenity"":""drinking_water"",""bottle"":""yes""}",drinking_water,,,,,,,
node/12956098848,ポップアップステージ南,information,135.3859732,34.646676,Point,"{""information"":""board"",""name"":""ポップアップステージ南"",""tourism"":""information""}",,information,,,,,,
node/12956108183,,,135.3829351,34.6485735,Point,"{""entrance"":""yes""}",,,,,,,,
node/12956110731,カームダウン クールダウンルーム,,135.3865508,34.6468651,Point,"{""check_date"":""2025-06-27"",""government"":""service"",""name"":""カームダウン クールダウンルーム"",""office"":""government""}",,,,,,,,
node/12956111790,,toilets,135.3864103,34.6468565,Point,"{""access"":""yes"",""amenity"":""toilets"",""capacity:men"":""10"",""capacity:unisex"":""2"",""capacity:women"":""10"",""changing_table"":""yes"",""check_date"":""2025-06-27"",""toilets:disposal"":""flush""}",toilets,,,,,,,
node/12956170264,,gift,135.3827506,34.6490873,Point,"{""check_date"":""2025-06-27"",""shop"":""gift""}",,,gift,,,,,
node/12956268835,,artwork,135.3760008,34.6520032,Point,"{""artwork_type"":""graffiti"",""description"":""こみゃく（楽譜）"",""tourism"":""artwork""}",,artwork,,,,,,
node/12960371231,,bus_stop,135.3962062,34.6574345,Point,"{""bus"":""yes"",""highway"":""bus_stop"",""public_transport"":""platform"",""shelter"":""yes"",""tactile_paving"":""yes""}",,,,,,,,
node/12960379703,,bus_stop,135.3958743,34.6574912,Point,"{""bus"":""yes"",""highway"":""bus_stop"",""public_transport"":""platform"",""shelter"":""yes"",""tactile_paving"":""yes""}",,,,,,,,
node/12960379704,,bus_stop,135.3960382,34.6574628,Point,"{""bus"":""yes"",""highway"":""bus_stop"",""public_transport"":""platform"",""shelter"":""yes"",""tactile_paving"":""yes""}",,,,,,,,
node/12962405904,夢洲浮桟橋（西B）,information,135.3846358,34.6592746,Point,"{""information"":""board"",""name"":""夢洲浮桟橋（西B）"",""tourism"":""information""}",,information,,,,,,
node/12962405941,,bus_stop,135.3841588,34.659288,Point,"{""bus"":""yes"",""highway"":""bus_stop"",""public_transport"":""platform""}",,,,,,,,
node/12962405942,,bus_stop,135.3843907,34.65925,Point,"{""bus"":""yes"",""highway"":""bus_stop"",""public_transport"":""platform""}",,,,,,,,
node/12962405943,,bus_stop,135.384624,34.6592121,Point,"{""bus"":""yes"",""highway"":""bus_stop"",""public_transport"":""platform""}",,,,,,,,
node/12963630304,,bench,135.3885712,34.649794,Point,"{""amenity"":""bench"",""armrest"":""no"",""backrest"":""no"",""material"":""wood"",""seats"":""4""}",bench,,,,,,,
node/12963630305,,bench,135.3887307,34.6497613,Point,"{""amenity"":""bench"",""armrest"":""no"",""backrest"":""no"",""material"":""wood"",""seats"":""4""}",bench,,,,,,,
node/12963630306,,bench,135.3890393,34.6495348,Point,"{""amenity"":""bench"",""armrest"":""no"",""backrest"":""no"",""material"":""wood"",""seats"":""4""}",bench,,,,,,,
node/12963630307,,bench,135.3892079,34.6495067,Point,"{""amenity"":""bench"",""armrest"":""no"",""backrest"":""no"",""material"":""wood"",""seats"":""4""}",bench,,,,,,,
node/12963630308,,bench,135.3890936,34.6495164,Point,"{""amenity"":""bench"",""armrest"":""no"",""backrest"":""no"",""material"":""wood"",""seats"":""4""}",bench,,,,,,,
node/12963630309,,,135.3872642,34.6498115,Point,"{""man_made"":""water_tap""}",,,,,,,,
node/12963630310,,bench,135.3887185,34.6497433,Point,"{""amenity"":""bench"",""armrest"":""no"",""backrest"":""no"",""material"":""wood"",""seats"":""4""}",bench,,,,,,,
node/12963630311,,bench,135.3891905,34.6494051,Point,"{""amenity"":""bench"",""armrest"":""no"",""backrest"":""no"",""material"":""wood"",""seats"":""4""}",bench,,,,,,,
node/12963630312,,bench,135.3890839,34.6495251,Point,"{""amenity"":""bench"",""armrest"":""no"",""backrest"":""no"",""material"":""wood"",""seats"":""4""}",bench,,,,,,,
node/12963630313,,bench,135.3891037,34.6495097,Point,"{""amenity"":""bench"",""armrest"":""no"",""backrest"":""no"",""material"":""wood"",""seats"":""4""}",bench,,,,,,,
node/12963630314,,bench,135.3892487,34.6493989,Point,"{""amenity"":""bench"",""armrest"":""no"",""backrest"":""no"",""material"":""wood"",""seats"":""4""}",bench,,,,,,,
node/12963630315,,bench,135.3887101,34.6497355,Point,"{""amenity"":""bench"",""armrest"":""no"",""backrest"":""no"",""material"":""wood"",""seats"":""4""}",bench,,,,,,,
node/12963630316,,bench,135.3889341,34.6495585,Point,"{""amenity"":""bench"",""armrest"":""no"",""backrest"":""no"",""material"":""wood"",""seats"":""4""}",bench,,,,,,,
node/12963630317,,bench,135.3891369,34.6494099,Point,"{""amenity"":""bench"",""armrest"":""no"",""backrest"":""no"",""material"":""wood"",""seats"":""4""}",bench,,,,,,,
node/12963630318,,bench,135.3891592,34.6494063,Point,"{""amenity"":""bench"",""armrest"":""no"",""backrest"":""no"",""material"":""wood"",""seats"":""4""}",bench,,,,,,,
node/12963630319,,bench,135.3892385,34.6495119,Point,"{""amenity"":""bench"",""armrest"":""no"",""backrest"":""no"",""material"":""wood"",""seats"":""4""}",bench,,,,,,,
node/12963630320,,bench,135.388975,34.6494969,Point,"{""amenity"":""bench"",""armrest"":""no"",""backrest"":""no"",""material"":""wood"",""seats"":""4""}",bench,,,,,,,
node/12963630321,,bench,135.3891445,34.6495065,Point,"{""amenity"":""bench"",""armrest"":""no"",""backrest"":""no"",""material"":""wood"",""seats"":""4""}",bench,,,,,,,
node/12963630322,,bench,135.3885389,34.649713,Point,"{""amenity"":""bench"",""armrest"":""no"",""backrest"":""no"",""material"":""wood"",""seats"":""4""}",bench,,,,,,,
node/12963630323,,bench,135.3890738,34.6495298,Point,"{""amenity"":""bench"",""armrest"":""no"",""backrest"":""no"",""material"":""wood"",""seats"":""4""}",bench,,,,,,,
node/12963630324,,bench,135.3891749,34.6495034,Point,"{""amenity"":""bench"",""armrest"":""no"",""backrest"":""no"",""material"":""wood"",""seats"":""4""}",bench,,,,,,,
node/12963630325,,bench,135.3890668,34.6494641,Point,"{""amenity"":""bench"",""armrest"":""no"",""backrest"":""no"",""material"":""wood"",""seats"":""4""}",bench,,,,,,,
node/12963630326,,bench,135.3889471,34.649481,Point,"{""amenity"":""bench"",""armrest"":""no"",""backrest"":""no"",""material"":""wood"",""seats"":""4""}",bench,,,,,,,
node/12963630327,,bench,135.3890367,34.6494502,Point,"{""amenity"":""bench"",""armrest"":""no"",""backrest"":""no"",""material"":""wood"",""seats"":""4""}",bench,,,,,,,
node/12963630328,,bench,135.3889691,34.6494251,Point,"{""amenity"":""bench"",""armrest"":""no"",""backrest"":""no"",""material"":""wood"",""seats"":""4""}",bench,,,,,,,
node/12963630329,,bench,135.3892654,34.6494084,Point,"{""amenity"":""bench"",""armrest"":""no"",""backrest"":""no"",""material"":""wood"",""seats"":""4""}",bench,,,,,,,
node/12963630330,,bench,135.3889627,34.6495735,Point,"{""amenity"":""bench"",""armrest"":""no"",""backrest"":""no"",""material"":""wood"",""seats"":""4""}",bench,,,,,,,
node/12963630331,,bench,135.3890031,34.6494327,Point,"{""amenity"":""bench"",""armrest"":""no"",""backrest"":""no"",""material"":""wood"",""seats"":""4""}",bench,,,,,,,
node/12963630332,,bench,135.3885546,34.6497735,Point,"{""amenity"":""bench"",""armrest"":""no"",""backrest"":""no"",""material"":""wood"",""seats"":""4""}",bench,,,,,,,
node/12963630333,,bench,135.389103,34.6494186,Point,"{""amenity"":""bench"",""armrest"":""no"",""backrest"":""no"",""material"":""wood"",""seats"":""4""}",bench,,,,,,,
node/12963630334,,bench,135.3890119,34.649517,Point,"{""amenity"":""bench"",""armrest"":""no"",""backrest"":""no"",""material"":""wood"",""seats"":""4""}",bench,,,,,,,
node/12963630335,,bench,135.3886533,34.6497605,Point,"{""amenity"":""bench"",""armrest"":""no"",""backrest"":""no"",""material"":""wood"",""seats"":""4""}",bench,,,,,,,
node/12963630336,,bench,135.3887239,34.6497509,Point,"{""amenity"":""bench"",""armrest"":""no"",""backrest"":""no"",""material"":""wood"",""seats"":""4""}",bench,,,,,,,
node/12963630337,,bench,135.3892191,34.6494031,Point,"{""amenity"":""bench"",""armrest"":""no"",""backrest"":""no"",""material"":""wood"",""seats"":""4""}",bench,,,,,,,
node/12963630338,,bench,135.3885622,34.6496994,Point,"{""amenity"":""bench"",""armrest"":""no"",""backrest"":""no"",""material"":""wood"",""seats"":""3""}",bench,,,,,,,
node/12963630339,,bench,135.3886338,34.6497728,Point,"{""amenity"":""bench"",""armrest"":""no"",""backrest"":""no"",""material"":""wood"",""seats"":""4""}",bench,,,,,,,
node/12963630340,,bench,135.3887031,34.6497294,Point,"{""amenity"":""bench"",""armrest"":""no"",""backrest"":""no"",""material"":""wood"",""seats"":""4""}",bench,,,,,,,
node/12963630341,,bench,135.3885322,34.6497474,Point,"{""amenity"":""bench"",""armrest"":""no"",""backrest"":""no"",""material"":""wood"",""seats"":""4""}",bench,,,,,,,
node/12963818629,EXPO2025 OFFICIAL STORE 大丸松坂屋百貨店,gift,135.3869968,34.6487166,Point,"{""check_date"":""2025-07-18"",""name"":""EXPO2025 OFFICIAL STORE 大丸松坂屋百貨店"",""operator"":""大丸松坂屋百貨店"",""shop"":""gift""}",,,gift,,,,,
node/12963818631,EXPO2025 OFFICIAL STORE 大丸松坂屋百貨店,gift,135.3868664,34.6481818,Point,"{""check_date"":""2025-07-18"",""name"":""EXPO2025 OFFICIAL STORE 大丸松坂屋百貨店"",""operator"":""大丸松坂屋百貨店"",""shop"":""gift""}",,,gift,,,,,
node/12964041366,,,135.3808225,34.6493726,Point,"{""entrance"":""exit""}",,,,,,,,
node/12964041367,,,135.3808839,34.6493571,Point,"{""entrance"":""yes"",""note"":""For restaurant""}",,,,,,,,
node/12964041368,,elevator,135.3809403,34.6494041,Point,"{""capacity:persons"":""30"",""highway"":""elevator"",""level"":""0;2"",""maxweight"":""2""}",,,,,,,,
node/12964041369,,gift,135.3807722,34.6494144,Point,"{""level"":""0"",""shop"":""gift""}",,,gift,,,,,
node/12964041371,CANOPO,artwork,135.38063,34.6493868,Point,"{""artist_name"":""GIULIO CINTI"",""artwork_type"":""sculpture"",""name"":""CANOPO"",""tourism"":""artwork""}",,artwork,,,,,,
node/12964041373,EATALY,restaurant,135.3810962,34.6494628,Point,"{""amenity"":""restaurant"",""cuisine"":""italian;pizza;pasta"",""level"":""2"",""name"":""EATALY"",""reservation"":""no"",""takeaway"":""no""}",restaurant,,,,,,,
node/12964041375,,tree,135.3806936,34.6493737,Point,"{""natural"":""tree"",""species"":""Olea europaea""}",,,,,,,,
node/12964041379,,artwork,135.3805725,34.6494014,Point,"{""artwork_type"":""sculpture"",""tourism"":""artwork""}",,artwork,,,,,,
node/12968669427,Boulangerie,bakery,135.3857378,34.6491316,Point,"{""level"":""0"",""name"":""Boulangerie"",""shop"":""bakery""}",,,bakery,,,,,
node/12968669428,,tree,135.3851827,34.6487632,Point,"{""natural"":""tree"",""species"":""Olea\neuropaea""}",,,,,,,,
node/12968669429,LE BISTRO,restaurant,135.3856157,34.6490346,Point,"{""amenity"":""restaurant"",""cuisine"":""french"",""level"":""1"",""name"":""LE BISTRO""}",restaurant,,,,,,,
node/12969104380,,,135.3860573,34.650009,Point,"{""country"":""JP"",""flag:type"":""national"",""man_made"":""flagpole""}",,,,JP,,,,
node/12969104381,,,135.383744,34.6515167,Point,"{""country"":""MC"",""flag:type"":""national"",""man_made"":""flagpole""}",,,,MC,,,,
node/12969104382,,,135.3857347,34.6494714,Point,"{""country"":""US"",""flag:type"":""national"",""man_made"":""flagpole""}",,,,US,,,,
node/12969104383,,,135.3860514,34.6491196,Point,"{""country"":""FR"",""flag:type"":""national"",""man_made"":""flagpole""}",,,,FR,,,,
node/12969104384,,,135.3866189,34.6484437,Point,"{""country"":""QA"",""flag:type"":""national"",""man_made"":""flagpole""}",,,,QA,,,,
node/12969104385,,,135.3861044,34.6500083,Point,"{""country"":""ASEAN"",""flag:type"":""national"",""man_made"":""flagpole""}",,,,ASEAN,,,,
node/12969104386,,stage,135.3818689,34.6513167,Point,"{""amenity"":""stage""}",stage,,,,,,,
node/12969104387,,,135.3860375,34.6491404,Point,"{""country"":""EU"",""flag:type"":""national"",""man_made"":""flagpole""}",,,,EU,,,,
node/12969104388,,,135.3835512,34.6517,Point,"{""country"":""TR"",""flag:type"":""national"",""man_made"":""flagpole""}",,,,TR,,,,
node/12969104389,,,135.3860814,34.6500073,Point,"{""country"":""MY"",""flag:type"":""national"",""man_made"":""flagpole""}",,,,MY,,,,
node/12969104390,,,135.3865493,34.648172,Point,"{""country"":""AE"",""flag:type"":""national"",""man_made"":""flagpole""}",,,,AE,,,,
node/12969104391,,gift,135.3813589,34.6509636,Point,"{""level"":""0"",""shop"":""gift""}",,,gift,,,,,
node/12972304633,,bench,135.386357,34.6478228,Point,"{""amenity"":""bench"",""armrest"":""no"",""backrest"":""no"",""colour"":""brown"",""covered"":""no"",""material"":""dateform"",""seats"":""3""}",bench,,,,,,,
node/12972304634,,bench,135.3863343,34.6478341,Point,"{""amenity"":""bench"",""armrest"":""no"",""backrest"":""no"",""colour"":""brown"",""covered"":""no"",""material"":""dateform"",""seats"":""3""}",bench,,,,,,,
node/12972304636,,bench,135.3863611,34.6478525,Point,"{""amenity"":""bench"",""armrest"":""no"",""backrest"":""no"",""colour"":""brown"",""covered"":""no"",""material"":""dateform"",""seats"":""3""}",bench,,,,,,,
node/12972304641,,bench,135.3865202,34.6481241,Point,"{""amenity"":""bench"",""armrest"":""no"",""backrest"":""no"",""colour"":""brown"",""covered"":""no"",""material"":""dateform"",""seats"":""3""}",bench,,,,,,,
node/12972304646,,bench,135.3863709,34.6478792,Point,"{""amenity"":""bench"",""armrest"":""no"",""backrest"":""no"",""colour"":""brown"",""covered"":""no"",""material"":""dateform"",""seats"":""3""}",bench,,,,,,,
node/12972337062,,artwork,135.3870757,34.6480686,Point,"{""artwork_type"":""statue"",""description"":""御三家ポケモン"",""tourism"":""artwork""}",,artwork,,,,,,
node/12972337065,,bench,135.3830112,34.6498507,Point,"{""amenity"":""bench"",""armrest"":""no"",""backrest"":""no"",""material"":""stone"",""seats"":""3""}",bench,,,,,,,
node/12972337071,日本館公式ショップ,gift,135.3871494,34.6480337,Point,"{""check_date"":""2025-05-17"",""name"":""日本館公式ショップ"",""shop"":""gift""}",,,gift,,,,,
node/12972337076,,bench,135.3830599,34.649825,Point,"{""amenity"":""bench"",""armrest"":""no"",""backrest"":""no"",""material"":""stone"",""seats"":""4""}",bench,,,,,,,
node/12973024855,そらいす,bench,135.3789765,34.6505079,Point,"{""amenity"":""bench"",""armrest"":""yes"",""backrest"":""yes"",""generator:method"":""photovoltaic"",""generator:output:electricity"":""yes"",""generator:plant"":""output"",""generator:source"":""solar"",""generator:type"":""solar_photovoltaic_panel"",""location"":""roof"",""name"":""そらいす"",""power"":""generator"",""seats"":""2""}",bench,,,,,,,
node/12973284499,,artwork,135.3826701,34.6483733,Point,"{""name:en"":""Biodiversity: Super Synapse"",""name:ja"":""生物多様性超シナプス"",""tourism"":""artwork""}",,artwork,,,,,,
node/12973284500,,information,135.3829663,34.648382,Point,"{""information"":""guidepost"",""tourism"":""information""}",,information,,,,,,
node/12973319406,惑星,artwork,135.3808925,34.6518539,Point,"{""artist_name"":""水江未来"",""artwork_subject"":""惑星"",""artwork_subject:en"":""PLANET"",""artwork_type"":""mural"",""name"":""惑星"",""name:en"":""PLANET"",""tourism"":""artwork""}",,artwork,,,,,,
node/12973319409,,artwork,135.3826353,34.6483055,Point,"{""name:en"":""Metamorphose"",""name:ja"":""無限メタモルフォーゼ"",""tourism"":""artwork""}",,artwork,,,,,,
node/12973319414,,toilets,135.3818114,34.6521871,Point,"{""amenity"":""toilets"",""changing_table"":""yes"",""fee"":""no"",""female"":""yes"",""level"":""1"",""male"":""yes"",""unisex"":""yes"",""wheelchair"":""yes""}",toilets,,,,yes,,,
node/12973319416,,,135.3802295,34.6486447,Point,"{""country"":""JP"",""flag:type"":""national"",""man_made"":""flagpole""}",,,,JP,,,,
node/12973319417,,,135.3802619,34.6486464,Point,"{""flag:type"":""advertising"",""man_made"":""flagpole"",""note"":""Flag of Common Ground""}",,,,,,,,
node/12973319419,,,135.3802457,34.6486456,Point,"{""country"":""NL"",""flag:type"":""national"",""man_made"":""flagpole""}",,,,NL,,,,
node/12973319429,,artwork,135.3825256,34.648386,Point,"{""name:ja"":""創造の源"",""tourism"":""artwork""}",,artwork,,,,,,
node/12973582383,,bench,135.3814266,34.6480309,Point,"{""amenity"":""bench"",""armrest"":""no"",""backrest"":""no"",""material"":""wood"",""seats"":""4""}",bench,,,,,,,
node/12973582388,,,135.3814361,34.6479791,Point,"{""country"":""GB"",""flag:type"":""national"",""man_made"":""flagpole""}",,,,GB,,,,
node/12973582389,,bench,135.3813963,34.6479888,Point,"{""amenity"":""bench"",""armrest"":""no"",""backrest"":""no"",""material"":""wood"",""seats"":""4""}",bench,,,,,,,
node/12974231095,,,135.3873708,34.6491813,Point,"{""entrance"":""main""}",,,,,,,,
node/12976114700,400年杉板スピーカー,artwork,135.3830757,34.6488688,Point,"{""artwork_type"":""installation"",""level"":""2"",""name"":""400年杉板スピーカー"",""tourism"":""artwork""}",,artwork,,,,,,
node/12976117502,,information,135.3858742,34.6499081,Point,"{""information"":""guidepost"",""tourism"":""information""}",,information,,,,,,
node/12976117512,,bench,135.3832039,34.6493947,Point,"{""amenity"":""bench"",""armrest"":""no"",""backrest"":""no"",""material"":""stone"",""seats"":""4""}",bench,,,,,,,
node/12976117517,,bench,135.3841414,34.6497201,Point,"{""amenity"":""bench"",""armrest"":""no"",""backrest"":""no"",""material"":""stone"",""seats"":""4""}",bench,,,,,,,
node/12976460598,,tree,135.380626,34.6502957,Point,"{""natural"":""tree""}",,,,,,,,
node/12976460600,,,135.3842008,34.6496102,Point,"{""entrance"":""yes""}",,,,,,,,
node/12976463702,,toilets,135.3842172,34.6496481,Point,"{""amenity"":""toilets"",""toilets:position"":""seated"",""unisex"":""yes"",""wheelchair"":""no""}",toilets,,,,no,,,
node/12976463705,,,135.384163,34.6496086,Point,"{""entrance"":""yes""}",,,,,,,,
node/12976463706,,information,135.3806945,34.6482618,Point,"{""information"":""board"",""tourism"":""information""}",,information,,,,,,
node/12976463731,,toilets,135.3841929,34.6496541,Point,"{""amenity"":""toilets"",""male"":""yes"",""toilets:position"":""urinal""}",toilets,,,,,,,
node/12976463736,,,135.3831072,34.6490843,Point,"{""entrance"":""yes""}",,,,,,,,
node/12976463737,,tree,135.3806301,34.6503202,Point,"{""natural"":""tree""}",,,,,,,,
node/12976463740,,tree,135.3806108,34.6502768,Point,"{""natural"":""tree""}",,,,,,,,
node/12976463745,,tree,135.3806481,34.6503018,Point,"{""natural"":""tree""}",,,,,,,,
node/12976889057,京丹波,,135.3885236,34.6487863,Point,"{""check_date"":""2025-07-04"",""craft"":""confectionery"",""name"":""京丹波""}",,,,,,,,
node/12976899403,ミャクミャク焼き,fast_food,135.3884533,34.6490415,Point,"{""amenity"":""fast_food"",""check_date"":""2025-07-04"",""name"":""ミャクミャク焼き"",""takeaway"":""only""}",fast_food,,,,,,,
node/12976899404,ばらいも専門店,fast_food,135.3884561,34.6490243,Point,"{""amenity"":""fast_food"",""check_date"":""2025-07-04"",""name"":""ばらいも専門店"",""takeaway"":""yes""}",fast_food,,,,,,,
node/12976937801,,tree,135.3888079,34.6485873,Point,"{""natural"":""tree""}",,,,,,,,
node/12976953776,ゆきかう,artwork,135.3864493,34.6497184,Point,"{""artist_name"":""稲葉 秀樹"",""artwork_type"":""mural"",""fixme"":""Please merge me into a nearby wall"",""name"":""ゆきかう"",""tourism"":""artwork""}",,artwork,,,,,,
node/12977020205,,restaurant,135.3822735,34.6478734,Point,"{""amenity"":""restaurant"",""cuisine"":""african;angolan""}",restaurant,,,,,,,
node/12977020208,,,135.3819591,34.647859,Point,"{""entrance"":""yes""}",,,,,,,,
node/12977020209,SHOP HERBALIST,gift,135.3821949,34.6478876,Point,"{""name"":""SHOP HERBALIST"",""shop"":""gift""}",,,gift,,,,,
node/12977020211,,toilets,135.3821434,34.6478997,Point,"{""access"":""private"",""amenity"":""toilets"",""check_date"":""2025-07-19""}",toilets,,,,,,,
node/12977020217,,cafe,135.382256,34.6479349,Point,"{""amenity"":""cafe"",""drink:coffee"":""yes""}",cafe,,,,,,,
node/12977023989,,information,135.3809871,34.6502547,Point,"{""information"":""map"",""tourism"":""information""}",,information,,,,,,
node/12977074144,,,135.3819375,34.6478643,Point,"{""entrance"":""yes""}",,,,,,,,
node/12977193236,,stage,135.3822428,34.6477702,Point,"{""amenity"":""stage"",""check_date"":""2025-07-04""}",stage,,,,,,,
node/12977206147,LOJA SHOP,gift,135.3822151,34.6479127,Point,"{""check_date"":""2025-07-04"",""name"":""LOJA SHOP"",""shop"":""gift""}",,,gift,,,,,
node/12977206148,IMBONDEIRO,restaurant,135.3822417,34.6478407,Point,"{""amenity"":""restaurant"",""check_date"":""2025-07-04"",""name"":""IMBONDEIRO""}",restaurant,,,,,,,
node/12977288975,,toilets,135.3841166,34.6474245,Point,"{""addr:floor"":""2"",""amenity"":""toilets"",""check_date"":""2025-07-04"",""level"":""1""}",toilets,,,,,,,
node/12979011822,,tree,135.3818649,34.6478538,Point,"{""natural"":""tree""}",,,,,,,,
node/12981109979,,bench,135.3793743,34.6517156,Point,"{""amenity"":""bench""}",bench,,,,,,,
node/12981444072,,information,135.383483,34.648232,Point,"{""information"":""map"",""tourism"":""information""}",,information,,,,,,
node/12981460535,,,135.3830009,34.6491355,Point,"{""entrance"":""yes""}",,,,,,,,
node/12981505854,,shelter,135.3867318,34.6485846,Point,"{""amenity"":""shelter"",""bench"":""yes"",""shelter_type"":""public_transport""}",shelter,,,,,,,
node/12983416868,,,135.3852967,34.6493163,Point,"{""entrance"":""yes""}",,,,,,,,
node/12983416870,,bench,135.3854512,34.6493738,Point,"{""amenity"":""bench"",""backrest"":""yes"",""covered"":""yes""}",bench,,,,,,,
node/12983416887,アメリカ合衆国パビリオン案内図,information,135.3854189,34.6492258,Point,"{""information"":""tactile_map"",""name"":""アメリカ合衆国パビリオン案内図"",""support"":""wall"",""tourism"":""information""}",,information,,,,,,
node/12984675688,,elevator,135.3807858,34.6481205,Point,"{""highway"":""elevator""}",,,,,,,,
node/12985790839,,,135.3860328,34.648845,Point,"{""entrance"":""main""}",,,,,,,,
node/12985801992,,,135.3854911,34.6500465,Point,"{""entrance"":""yes""}",,,,,,,,
node/12992026259,,bench,135.3817994,34.6484601,Point,"{""amenity"":""bench"",""backrest"":""no"",""colour"":""brown"",""seats"":""3""}",bench,,,,,,,
node/12992026260,,bench,135.3818084,34.6484692,Point,"{""amenity"":""bench"",""backrest"":""no"",""colour"":""brown"",""seats"":""3""}",bench,,,,,,,
node/12992026261,,,135.3820127,34.6484296,Point,"{""description"":""コンサート用入口"",""entrance"":""yes""}",,,,,,,,
node/12993444956,やどり,information,135.3820311,34.6484286,Point,"{""board_type"":""notice"",""description"":""屋外インスタレーションの説明：ヘッドフォンでヤヌシュ・オレイニチャクが演奏するショパンを聴く"",""description:en"":""Description of outdoor installation : Listen to Chopin played by Janusz Oleyniczak on headphones."",""information"":""board"",""name"":""やどり"",""name:en"":""Nest"",""tourism"":""information""}",,information,,,,,,
node/12996012973,「困った木」の積み柱が支える建築,information,135.3846529,34.6471121,Point,"{""information"":""board"",""name"":""「困った木」の積み柱が支える建築"",""name:en"":""Architecture Supported by Stacked Columns of \""Komatta-Ki\"""",""tourism"":""information""}",,information,,,,,,
node/12998829415,,gift,135.3842158,34.6508215,Point,"{""check_date"":""2025-07-14"",""shop"":""gift""}",,,gift,,,,,
node/12998898813,MONACO,information,135.3838692,34.6514965,Point,"{""information"":""board"",""name"":""MONACO"",""tourism"":""information""}",,information,,,,,,
node/12998908949,Pizza Da Mario,restaurant,135.3835364,34.6522246,Point,"{""addr:floor"":""2"",""amenity"":""restaurant"",""check_date"":""2025-07-14"",""cuisine"":""pizza"",""level"":""1"",""name"":""Pizza Da Mario""}",restaurant,,,,,,,
node/12998909317,,tree,135.3837618,34.6514775,Point,"{""natural"":""tree""}",,,,,,,,
node/12998909318,,tree,135.3837505,34.6514533,Point,"{""natural"":""tree""}",,,,,,,,
node/12998909319,,tree,135.3837273,34.6514731,Point,"{""natural"":""tree""}",,,,,,,,
node/12998930911,リングサイドマーケットプレイス西,information,135.3839603,34.6521374,Point,"{""information"":""board"",""name"":""リングサイドマーケットプレイス西"",""tourism"":""information""}",,information,,,,,,
node/12998937609,おやつパビリオン,gift,135.3812836,34.6518018,Point,"{""check_date"":""2025-07-14"",""name"":""おやつパビリオン"",""shop"":""gift""}",,,gift,,,,,
node/12998937610,しのぶ庵,fast_food,135.3812441,34.651759,Point,"{""amenity"":""fast_food"",""check_date"":""2025-07-14"",""name"":""しのぶ庵""}",fast_food,,,,,,,
node/12998937611,伊藤ハム yonekyu,fast_food,135.3812628,34.6517058,Point,"{""amenity"":""fast_food"",""check_date"":""2025-07-14"",""name"":""伊藤ハム yonekyu""}",fast_food,,,,,,,
node/12998937612,nissei,fast_food,135.3813515,34.6518149,Point,"{""amenity"":""fast_food"",""check_date"":""2025-07-14"",""name"":""nissei""}",fast_food,,,,,,,
node/12998937613,お酒の美術館,bar,135.381376,34.6517787,Point,"{""amenity"":""bar"",""check_date"":""2025-07-14"",""name"":""お酒の美術館""}",bar,,,,,,,
node/12998937614,ONIGIRI wow!,fast_food,135.3814011,34.6517402,Point,"{""amenity"":""fast_food"",""check_date"":""2025-07-14"",""name"":""ONIGIRI wow!""}",fast_food,,,,,,,
node/12998983968,,gift,135.3790579,34.6499762,Point,"{""check_date"":""2025-07-14"",""shop"":""gift""}",,,gift,,,,,
node/13006171412,KEBAB LAB,restaurant,135.3831406,34.6522194,Point,"{""amenity"":""restaurant"",""check_date"":""2025-07-17"",""cuisine"":""turkish"",""name"":""KEBAB LAB""}",restaurant,,,,,,,
node/13006215539,,waste_basket,135.3831597,34.6520061,Point,"{""amenity"":""waste_basket""}",waste_basket,,,,,,,
node/13006233251,K Restaurant & Café,restaurant,135.3832886,34.6522133,Point,"{""amenity"":""restaurant"",""check_date"":""2025-07-17"",""cuisine"":""korean"",""name"":""K Restaurant & Café""}",restaurant,,,,,,,
node/13006282299,WAROENG,cafe,135.3820481,34.650931,Point,"{""amenity"":""cafe"",""check_date"":""2025-07-17"",""name"":""WAROENG""}",cafe,,,,,,,
node/13006286408,Australia Pavilion Gift Shop,gift,135.3822829,34.6514727,Point,"{""addr:street"":""Connecting Lives"",""check_date"":""2025-07-17"",""contact:instagram"":""aup_giftshop"",""name"":""Australia Pavilion Gift Shop"",""name:ja"":""オーストラリア館お土産屋"",""opening_hours"":""Mo-Su 09:30-08:30"",""shop"":""gift"",""website"":""https://www.expoaustralia.gov.au/gift-shop""}",,,gift,,,Mo-Su 09:30-08:30,https://www.expoaustralia.gov.au/gift-shop,
node/13006287591,,,135.3816723,34.6512324,Point,"{""man_made"":""flagpole""}",,,,,,,,
node/13006314577,,gift,135.3819814,34.6509634,Point,"{""check_date"":""2025-07-17"",""shop"":""gift""}",,,gift,,,,,
node/13006314725,ロータスコートヤード,restaurant,135.3817324,34.6508144,Point,"{""amenity"":""restaurant"",""check_date"":""2025-07-17"",""cuisine"":""indian"",""name"":""ロータスコートヤード"",""name:en"":""Lotus Courtyard""}",restaurant,,,,,,,
node/13006316375,コナークの車輪,artwork,135.3816685,34.65121,Point,"{""name"":""コナークの車輪"",""tourism"":""artwork""}",,artwork,,,,,,
node/13006316663,,,135.3821749,34.6510172,Point,"{""entrance"":""yes""}",,,,,,,,
node/13006334192,バーラトバザール,gift,135.3817522,34.6508668,Point,"{""check_date"":""2025-07-17"",""name"":""バーラトバザール"",""name:en"":""Bharat Bazaar"",""shop"":""gift""}",,,gift,,,,,
node/13006338971,,tree,135.3802049,34.6506829,Point,"{""natural"":""tree""}",,,,,,,,
node/13006338972,,tree,135.3802601,34.6506719,Point,"{""natural"":""tree""}",,,,,,,,
node/13006338973,,tree,135.3801406,34.6506938,Point,"{""natural"":""tree""}",,,,,,,,
node/13006345670,,tree,135.3794085,34.6507101,Point,"{""natural"":""tree""}",,,,,,,,
node/13006345671,,tree,135.3793817,34.6507273,Point,"{""natural"":""tree""}",,,,,,,,
node/13006345672,,tree,135.3793691,34.650739,Point,"{""natural"":""tree""}",,,,,,,,
node/13006345673,,tree,135.3793101,34.6506943,Point,"{""natural"":""tree""}",,,,,,,,
node/13006345674,,tree,135.379297,34.650704,Point,"{""natural"":""tree""}",,,,,,,,
node/13006345675,,tree,135.3792754,34.6506982,Point,"{""natural"":""tree""}",,,,,,,,
node/13006350937,,tree,135.3800616,34.6506684,Point,"{""natural"":""tree""}",,,,,,,,
node/13006350938,,tree,135.3800429,34.650675,Point,"{""natural"":""tree""}",,,,,,,,
node/13006350939,,tree,135.380017,34.6506772,Point,"{""natural"":""tree""}",,,,,,,,
node/13006350940,,tree,135.3799901,34.6506631,Point,"{""natural"":""tree""}",,,,,,,,
node/13007737177,,,135.3765475,34.6526605,Point,"{""entrance"":""yes""}",,,,,,,,
node/13007737178,,,135.3765074,34.6527352,Point,"{""entrance"":""yes""}",,,,,,,,
node/13007742416,,bench,135.3763075,34.6523971,Point,"{""amenity"":""bench""}",bench,,,,,,,
node/13007759461,,stage,135.376371,34.6537231,Point,"{""amenity"":""stage"",""check_date"":""2025-08-14""}",stage,,,,,,,
node/13007760569,EXPO2025 OFFICIAL STORE MARUZEN JUNKUDO,gift,135.3765595,34.6527428,Point,"{""check_date"":""2025-07-18"",""name"":""EXPO2025 OFFICIAL STORE MARUZEN JUNKUDO"",""shop"":""gift""}",,,gift,,,,,
node/13007767651,,bench,135.3762513,34.6520098,Point,"{""amenity"":""bench""}",bench,,,,,,,
node/13007767652,,,135.3762481,34.6519835,Point,"{""entrance"":""yes""}",,,,,,,,
node/13007767653,,bench,135.376272,34.652032,Point,"{""amenity"":""bench""}",bench,,,,,,,
node/13007770302,,gift,135.3799814,34.6510204,Point,"{""check_date"":""2025-07-18"",""shop"":""gift""}",,,gift,,,,,
node/13007775496,OFFICIAL SHOP,gift,135.3744524,34.6528186,Point,"{""check_date"":""2025-07-18"",""name"":""OFFICIAL SHOP"",""shop"":""gift""}",,,gift,,,,,
node/13007814247,,artwork,135.3759273,34.6539226,Point,"{""artwork_type"":""graffiti"",""description"":""こみゃく"",""tourism"":""artwork""}",,artwork,,,,,,
node/13008814540,,artwork,135.3832532,34.6515719,Point,"{""artwork_type"":""statue"",""description"":""象"",""tourism"":""artwork""}",,artwork,,,,,,
node/13008886730,SOLEIL,restaurant,135.3827759,34.6521902,Point,"{""addr:floor"":""2"",""amenity"":""restaurant"",""check_date"":""2025-07-18"",""level"":""1"",""name"":""SOLEIL""}",restaurant,,,,,,,
node/13008974833,サンドアート,,135.3847478,34.6495142,Point,"{""check_date"":""2025-07-18"",""craft"":""sand"",""name"":""サンドアート""}",,,,,,,,
node/13022688936,クラウド・バー,bar,135.3806424,34.6490559,Point,"{""addr:floor"":""3"",""amenity"":""bar"",""check_date"":""2025-07-25"",""level"":""2"",""name"":""クラウド・バー"",""name:en"":""CLOUD BAR""}",bar,,,,,,,
node/13022697255,シオック！カフェ,cafe,135.380527,34.6489986,Point,"{""amenity"":""cafe"",""check_date"":""2025-07-25"",""name"":""シオック！カフェ""}",cafe,,,,,,,
node/13022709702,ドリーム・ブティック,gift,135.3805109,34.6490907,Point,"{""addr:floor"":""3"",""check_date"":""2025-07-25"",""level"":""2"",""name"":""ドリーム・ブティック"",""name:en"":""DREAM BOUTIQUE"",""shop"":""gift""}",,,gift,,,,,
node/13022734035,絶滅危惧茶,cafe,135.382481,34.6484119,Point,"{""amenity"":""cafe"",""check_date"":""2025-07-25"",""name"":""絶滅危惧茶""}",cafe,,,,,,,
node/13038924998,,,135.3861004,34.6506122,Point,"{""entrance"":""yes""}",,,,,,,,
node/13038925000,,,135.3859977,34.6506724,Point,"{""entrance"":""yes""}",,,,,,,,
node/13038932714,,artwork,135.3866092,34.6508024,Point,"{""artwork_type"":""graffiti"",""tourism"":""artwork""}",,artwork,,,,,,
node/13038936710,EXPO2025 OFFICIAL STORE,gift,135.3862693,34.6508114,Point,"{""check_date"":""2025-07-31"",""name"":""EXPO2025 OFFICIAL STORE"",""shop"":""gift""}",,,gift,,,,,
node/13038939188,パシュミナショール,gift,135.3859533,34.6506977,Point,"{""check_date"":""2025-07-31"",""name"":""パシュミナショール"",""shop"":""gift""}",,,gift,,,,,
node/13038959730,NEPALI KITCHEN,restaurant,135.3858609,34.6505597,Point,"{""amenity"":""restaurant"",""check_date"":""2025-07-31"",""name"":""NEPALI KITCHEN""}",restaurant,,,,,,,
node/13038959731,Namaste Napal,,135.3859061,34.6505947,Point,"{""check_date"":""2025-07-31"",""craft"":""caterer"",""name"":""Namaste Napal"",""name:ja"":""ナマステネパール""}",,,,,,,,
node/13038959732,,artwork,135.3860015,34.650555,Point,"{""artwork_type"":""statue"",""tourism"":""artwork""}",,artwork,,,,,,
node/13038959733,BIRYANI & MOMO HOUSE,,135.3859074,34.6506272,Point,"{""check_date"":""2025-07-31"",""craft"":""caterer"",""name"":""BIRYANI & MOMO HOUSE"",""name:ja"":""ビリヤニ＆モモハウス""}",,,,,,,,
node/13038959734,HIMALAYA,fast_food,135.3859503,34.650642,Point,"{""amenity"":""fast_food"",""check_date"":""2025-07-31"",""name"":""HIMALAYA""}",fast_food,,,,,,,
node/13038959735,NEPALI HANDICRAFT AND GIFT SHOP,gift,135.3860299,34.6506413,Point,"{""check_date"":""2025-07-31"",""name"":""NEPALI HANDICRAFT AND GIFT SHOP"",""name:ja"":""ネパール工芸品 ギフトショップ"",""shop"":""gift""}",,,gift,,,,,
node/13038959736,NEPALI HANDICRAFT AND GIFT SHOP,gift,135.3860445,34.6504755,Point,"{""check_date"":""2025-07-31"",""name"":""NEPALI HANDICRAFT AND GIFT SHOP"",""name:ja"":""ネパール工芸品 ギフトショップ"",""shop"":""gift""}",,,gift,,,,,
node/13038959737,仏舎利パフェ ソフトクルフィー,fast_food,135.386011,34.6504833,Point,"{""amenity"":""fast_food"",""check_date"":""2025-07-31"",""name"":""仏舎利パフェ ソフトクルフィー""}",fast_food,,,,,,,
node/13038959738,ネパールスナックの妖精たち,fast_food,135.3859777,34.6504719,Point,"{""amenity"":""fast_food"",""check_date"":""2025-07-31"",""name"":""ネパールスナックの妖精たち""}",fast_food,,,,,,,
node/13038959739,,,135.3859195,34.6505118,Point,"{""entrance"":""yes""}",,,,,,,,
node/13038959740,,,135.3858889,34.6505367,Point,"{""entrance"":""yes""}",,,,,,,,
node/13038959741,噂のパンかま,bakery,135.3859522,34.6504887,Point,"{""check_date"":""2025-07-31"",""name"":""噂のパンかま"",""shop"":""bakery""}",,,bakery,,,,,
node/13038988604,,artwork,135.3861733,34.6504427,Point,"{""artwork_type"":""statue"",""tourism"":""artwork""}",,artwork,,,,,,
node/13038988605,,artwork,135.3861972,34.6504734,Point,"{""artwork_type"":""statue"",""tourism"":""artwork""}",,artwork,,,,,,
node/13039010984,,information,135.3861238,34.650544,Point,"{""information"":""office"",""tourism"":""information""}",,information,,,,,,
node/13039010985,,gift,135.3861153,34.6505551,Point,"{""check_date"":""2025-07-31"",""shop"":""gift""}",,,gift,,,,,
node/13039019247,EXPO2025 OFFICIAL STORE,gift,135.3859853,34.6488102,Point,"{""check_date"":""2025-07-31"",""name"":""EXPO2025 OFFICIAL STORE"",""shop"":""gift""}",,,gift,,,,,
node/13039058577,,tree,135.3863948,34.6502314,Point,"{""natural"":""tree""}",,,,,,,,
node/13039058578,,tree,135.3863694,34.6503298,Point,"{""natural"":""tree""}",,,,,,,,
node/13039058579,,tree,135.3863385,34.6503341,Point,"{""natural"":""tree""}",,,,,,,,
node/13039058580,,tree,135.3863066,34.6503373,Point,"{""natural"":""tree""}",,,,,,,,
node/13039058581,,tree,135.3862755,34.650329,Point,"{""natural"":""tree""}",,,,,,,,
node/13039058582,,tree,135.3863922,34.6503016,Point,"{""natural"":""tree""}",,,,,,,,
node/13039199619,起用アート かえでのチョキチョキ,artwork,135.3887665,34.6488481,Point,"{""name"":""起用アート かえでのチョキチョキ"",""tourism"":""artwork""}",,artwork,,,,,,
node/13039199620,ガラス型 ペロブスカイト太陽電池,information,135.3887742,34.6488577,Point,"{""information"":""board"",""name"":""ガラス型 ペロブスカイト太陽電池"",""tourism"":""information""}",,information,,,,,,
node/13039223165,,,135.3914269,34.6509759,Point,"{""country"":""IT"",""flag:name"":""Italy"",""flag:type"":""national"",""flag:wikidata"":""Q42876"",""man_made"":""flagpole"",""subject"":""Italy"",""subject:wikidata"":""Q38""}",,,,IT,,,,
node/13039223166,,,135.3914515,34.6509811,Point,"{""country"":""JM"",""flag:name"":""Jamaica"",""flag:type"":""national"",""flag:wikidata"":""Q172517"",""man_made"":""flagpole"",""subject"":""Jamaica"",""subject:wikidata"":""Q766""}",,,,JM,,,,
node/13040500569,,bench,135.3851565,34.6479871,Point,"{""amenity"":""bench"",""backrest"":""no"",""material"":""wood""}",bench,,,,,,,
node/13046794862,,,135.3781886,34.6520306,Point,"{""country"":""SK"",""flag:name"":""Slovakia"",""flag:type"":""national"",""flag:wikidata"":""Q160861"",""man_made"":""flagpole"",""subject"":""Slovakia"",""subject:wikidata"":""Q214""}",,,,SK,,,,
node/13046794863,,,135.3782094,34.6520375,Point,"{""country"":""SG"",""flag:name"":""Singapore"",""flag:type"":""national"",""flag:wikidata"":""Q483659"",""man_made"":""flagpole"",""subject"":""Singapore"",""subject:wikidata"":""Q334""}",,,,SG,,,,
node/13046794864,,,135.3781877,34.6520495,Point,"{""country"":""SI"",""flag:name"":""Slovenia"",""flag:type"":""national"",""flag:wikidata"":""Q130807"",""man_made"":""flagpole"",""subject"":""Slovenia"",""subject:wikidata"":""Q215""}",,,,SI,,,,
node/13046794865,,,135.3781669,34.6520424,Point,"{""country"":""SB"",""flag:name"":""Solomon Islands"",""flag:type"":""national"",""flag:wikidata"":""Q75374"",""man_made"":""flagpole"",""subject"":""Solomon Islands"",""subject:wikidata"":""Q685""}",,,,SB,,,,
node/13046794866,,,135.3782081,34.6520566,Point,"{""country"":""CD"",""flag:name"":""Democratic Republic of the Congo"",""flag:type"":""national"",""flag:wikidata"":""Q164584"",""man_made"":""flagpole"",""subject"":""Democratic Republic of the Congo"",""subject:wikidata"":""Q974""}",,,,CD,,,,
node/13046794867,,,135.3782302,34.6520616,Point,"{""country"":""KM"",""flag:name"":""Comoros"",""flag:type"":""national"",""flag:wikidata"":""Q168917"",""man_made"":""flagpole"",""subject"":""Comoros"",""subject:wikidata"":""Q970""}",,,,KM,,,,
node/13046794868,,,135.3782078,34.6520739,Point,"{""country"":""CI"",""flag:name"":""Ivory Coast"",""flag:type"":""national"",""flag:wikidata"":""Q102967"",""man_made"":""flagpole"",""subject"":""Côte d'Ivoire"",""subject:wikidata"":""Q1008""}",,,,CI,,,,
node/13046794869,,,135.3781898,34.6520666,Point,"{""country"":""HR"",""flag:name"":""Croatia"",""flag:type"":""national"",""flag:wikidata"":""Q163008"",""man_made"":""flagpole"",""subject"":""Croatia"",""subject:wikidata"":""Q241""}",,,,HR,,,,
node/13046794870,,,135.3782559,34.6520303,Point,"{""country"":""CO"",""flag:name"":""Colombia"",""flag:type"":""national"",""flag:wikidata"":""Q160425"",""man_made"":""flagpole"",""subject"":""Colombia"",""subject:wikidata"":""Q739""}",,,,CO,,,,
node/13046794871,,,135.3782731,34.6520393,Point,"{""country"":""CN"",""flag:name"":""China"",""flag:type"":""national"",""flag:wikidata"":""Q131147"",""man_made"":""flagpole"",""subject"":""People's Republic of China"",""subject:wikidata"":""Q148""}",,,,CN,,,,
node/13046805392,,,135.3785314,34.6518809,Point,"{""country"":""JP"",""flag:name"":""Japan"",""flag:type"":""national"",""flag:wikidata"":""Q43175"",""man_made"":""flagpole"",""subject"":""Japan"",""subject:wikidata"":""Q17""}",,,,JP,,,,
node/13046805393,,,135.378534,34.6518615,Point,"{""country"":""MZ"",""flag:name"":""Mozambique"",""flag:type"":""national"",""flag:wikidata"":""Q484249"",""man_made"":""flagpole"",""subject"":""Mozambique"",""subject:wikidata"":""Q1029""}",,,,MZ,,,,
node/13046805394,,,135.3785123,34.6518563,Point,"{""country"":""NR"",""flag:name"":""Nauru"",""flag:type"":""national"",""flag:wikidata"":""Q185277"",""man_made"":""flagpole"",""subject"":""Nauru"",""subject:wikidata"":""Q697""}",,,,NR,,,,
node/13046805395,,,135.378491,34.6518678,Point,"{""country"":""NL"",""flag:name"":""Netherlands"",""flag:type"":""national"",""flag:wikidata"":""Q46585"",""man_made"":""flagpole"",""subject"":""Netherlands"",""subject:wikidata"":""Q55""}",,,,NL,,,,
node/13046805396,,,135.3785304,34.6518977,Point,"{""country"":""AO"",""flag:name"":""Angola"",""flag:type"":""national"",""flag:wikidata"":""Q124329"",""man_made"":""flagpole"",""subject"":""Angola"",""subject:wikidata"":""Q916""}",,,,AO,,,,
node/13046805397,,,135.3785133,34.6518728,Point,"{""country"":""NP"",""flag:name"":""Nepal"",""flag:type"":""national"",""flag:wikidata"":""Q159741"",""man_made"":""flagpole"",""subject"":""Nepal"",""subject:wikidata"":""Q837""}",,,,NP,,,,
node/13046805398,,,135.3784706,34.6518789,Point,"{""country"":""MK"",""flag:name"":""North Macedonia"",""flag:type"":""national"",""flag:wikidata"":""Q167119"",""man_made"":""flagpole"",""subject"":""North Macedonia"",""subject:wikidata"":""Q221""}",,,,MK,,,,
node/13046805399,,,135.3784515,34.6518892,Point,"{""country"":""OM"",""flag:name"":""Oman"",""flag:type"":""national"",""flag:wikidata"":""Q165550"",""man_made"":""flagpole"",""subject"":""Oman"",""subject:wikidata"":""Q842""}",,,,OM,,,,
node/13046805400,,,135.3784312,34.6519002,Point,"{""country"":""PW"",""flag:name"":""Palau"",""flag:type"":""national"",""flag:wikidata"":""Q188609"",""man_made"":""flagpole"",""subject"":""Palau"",""subject:wikidata"":""Q695""}",,,,PW,,,,
node/13046834054,,,135.3783151,34.6519632,Point,"{""country"":""KN"",""flag:name"":""Saint Kitts and Nevis"",""flag:type"":""national"",""flag:wikidata"":""Q181120"",""man_made"":""flagpole"",""subject"":""St. Kitts and Nevis"",""subject:wikidata"":""Q763""}",,,,KN,,,,
node/13046834055,,,135.3782961,34.6519736,Point,"{""country"":""VC"",""flag:name"":""Saint Vincent and the Grenadines"",""flag:type"":""national"",""flag:wikidata"":""Q184584"",""man_made"":""flagpole"",""subject"":""St. Vincent and the Grenadines"",""subject:wikidata"":""Q757""}",,,,VC,,,,
node/13046834056,,,135.3782759,34.6519845,Point,"{""country"":""SM"",""flag:name"":""San Marino"",""flag:type"":""national"",""flag:wikidata"":""Q168925"",""man_made"":""flagpole"",""subject"":""San Marino"",""subject:wikidata"":""Q238""}",,,,SM,,,,
node/13046834057,,,135.378254,34.6519964,Point,"{""country"":""SA"",""flag:name"":""Saudi Arabia"",""flag:type"":""national"",""flag:wikidata"":""Q160877"",""man_made"":""flagpole"",""subject"":""Saudi Arabia"",""subject:wikidata"":""Q851""}",,,,SA,,,,
node/13046834058,,,135.378234,34.6520072,Point,"{""country"":""RS"",""flag:name"":""Serbia"",""flag:type"":""national"",""flag:wikidata"":""Q163832"",""man_made"":""flagpole"",""subject"":""Serbia"",""subject:wikidata"":""Q403""}",,,,RS,,,,
node/13046834059,,,135.3782174,34.6520163,Point,"{""country"":""SL"",""flag:name"":""Sierra Leone"",""flag:type"":""national"",""flag:wikidata"":""Q168912"",""man_made"":""flagpole"",""subject"":""Sierra Leone"",""subject:wikidata"":""Q1044""}",,,,SL,,,,
node/13046834060,,,135.3782361,34.6520243,Point,"{""country"":""SC"",""flag:name"":""Seychelles"",""flag:type"":""national"",""flag:wikidata"":""Q173201"",""man_made"":""flagpole"",""subject"":""Seychelles"",""subject:wikidata"":""Q1042""}",,,,SC,,,,
node/13046834061,,,135.3782541,34.6520144,Point,"{""country"":""SN"",""flag:name"":""Senegal"",""flag:type"":""national"",""flag:wikidata"":""Q134933"",""man_made"":""flagpole"",""subject"":""Senegal"",""subject:wikidata"":""Q1041""}",,,,SN,,,,
node/13046834062,,,135.3782744,34.6520033,Point,"{""country"":""ST"",""flag:name"":""Sao Tome and Principe"",""flag:type"":""national"",""flag:wikidata"":""Q169907"",""man_made"":""flagpole"",""subject"":""São Tomé and Principe"",""subject:wikidata"":""Q1039""}",,,,ST,,,,
node/13046834063,,,135.3782959,34.6519916,Point,"{""country"":""WS"",""flag:name"":""Samoa"",""flag:type"":""national"",""flag:wikidata"":""Q188477"",""man_made"":""flagpole"",""subject"":""Samoa"",""subject:wikidata"":""Q683""}",,,,WS,,,,
node/13046834064,,,135.3783149,34.6519804,Point,"{""country"":""LC"",""flag:name"":""Saint Lucia"",""flag:type"":""national"",""flag:wikidata"":""Q184596"",""man_made"":""flagpole"",""subject"":""St. Lucia"",""subject:wikidata"":""Q760""}",,,,LC,,,,
node/13046845602,,,135.3783925,34.6519212,Point,"{""country"":""PY"",""flag:name"":""Paraguay"",""flag:type"":""national"",""flag:wikidata"":""Q170465"",""man_made"":""flagpole"",""subject"":""Paraguay"",""subject:wikidata"":""Q733""}",,,,PY,,,,
node/13046845603,,,135.3783554,34.6519414,Point,"{""country"":""PT"",""flag:name"":""Portugal"",""flag:type"":""national"",""flag:wikidata"":""Q128812"",""man_made"":""flagpole"",""subject"":""Portugal"",""subject:wikidata"":""Q45""}",,,,PT,,,,
node/13046845604,,,135.3783347,34.6519526,Point,"{""country"":""RO"",""flag:name"":""Romania"",""flag:type"":""national"",""flag:wikidata"":""Q130811"",""man_made"":""flagpole"",""subject"":""Romania"",""subject:wikidata"":""Q218""}",,,,RO,,,,
node/13046855909,,,135.378335,34.6519702,Point,"{""country"":""RW"",""flag:name"":""Rwanda"",""flag:type"":""national"",""flag:wikidata"":""Q170543"",""man_made"":""flagpole"",""subject"":""Rwanda"",""subject:wikidata"":""Q1037""}",,,,RW,,,,
node/13046855910,,,135.3783561,34.6519587,Point,"{""country"":""QA"",""flag:name"":""Qatar"",""flag:type"":""national"",""flag:wikidata"":""Q172530"",""man_made"":""flagpole"",""subject"":""Qatar"",""subject:wikidata"":""Q846""}",,,,QA,,,,
node/13046855911,,,135.3783752,34.6519483,Point,"{""country"":""PL"",""flag:name"":""Poland"",""flag:type"":""national"",""flag:wikidata"":""Q42436"",""man_made"":""flagpole"",""subject"":""Poland"",""subject:wikidata"":""Q36""}",,,,PL,,,,
node/13046855912,,,135.3783963,34.6519367,Point,"{""country"":""PE"",""flag:name"":""Peru"",""flag:type"":""national"",""flag:wikidata"":""Q160255"",""man_made"":""flagpole"",""subject"":""Peru"",""subject:wikidata"":""Q419""}",,,,PE,,,,
node/13046855913,,,135.3784145,34.6519268,Point,"{""country"":""PG"",""flag:name"":""Papua New Guinea"",""flag:type"":""national"",""flag:wikidata"":""Q185271"",""man_made"":""flagpole"",""subject"":""Papua New Guinea"",""subject:wikidata"":""Q691""}",,,,PG,,,,
node/13046855914,,,135.3784316,34.6519174,Point,"{""country"":""PS"",""flag:name"":""State of Palestine"",""flag:type"":""national"",""flag:wikidata"":""Q191731"",""man_made"":""flagpole"",""subject"":""Palestine"",""subject:wikidata"":""Q219060""}",,,,PS,,,,
node/13046855915,,,135.3784511,34.6519068,Point,"{""country"":""PK"",""flag:name"":""Pakistan"",""flag:type"":""national"",""flag:wikidata"":""Q128347"",""man_made"":""flagpole"",""subject"":""Pakistan"",""subject:wikidata"":""Q843""}",,,,PK,,,,
node/13046855916,,,135.3784712,34.6518958,Point,"{""country"":""NO"",""flag:name"":""Norway"",""flag:type"":""national"",""flag:wikidata"":""Q83149"",""man_made"":""flagpole"",""subject"":""Norway"",""subject:wikidata"":""Q20""}",,,,NO,,,,
node/13046855917,,,135.3784918,34.6518846,Point,"{""country"":""NG"",""flag:name"":""Nigeria"",""flag:type"":""national"",""flag:wikidata"":""Q102960"",""man_made"":""flagpole"",""subject"":""Nigeria"",""subject:wikidata"":""Q1033""}",,,,NG,,,,
node/13070063434,,vending_machine,135.3762568,34.6537717,Point,"{""amenity"":""vending_machine"",""check_date"":""2025-08-14"",""vending"":""snacks""}",vending_machine,,,,,,,
node/13070077496,公益社団法人2025年日本国際博覧会協会,exhibition_centre,135.376812,34.6544516,Point,"{""amenity"":""exhibition_centre"",""check_date"":""2025-08-14"",""description"":""Welcome to Japan: 漫画家メッセージボード展"",""website"":""https://www.expo2025.or.jp/association/"",""name"":""公益社団法人2025年日本国際博覧会協会""}",exhibition_centre,,,,,,https://www.expo2025.or.jp/association/,
node/13070113142,,waste_basket,135.3760706,34.6547183,Point,"{""amenity"":""waste_basket""}",waste_basket,,,,,,,
node/13070121866,,artwork,135.375944,34.6537425,Point,"{""artwork_type"":""statue"",""description"":""ミャクミャク"",""tourism"":""artwork""}",,artwork,,,,,,
node/13070160295,,artwork,135.380188,34.6481475,Point,"{""artwork_type"":""statue"",""description"":""ミャクミャク"",""tourism"":""artwork""}",,artwork,,,,,,
node/13070193486,若さの樹,information,135.3851656,34.648755,Point,"{""information"":""board"",""name"":""若さの樹"",""tourism"":""information"",""website"":""https://www.miraclegarden.jp/""}",,information,,,,,https://www.miraclegarden.jp/,
node/13070241911,奇跡の庭,information,135.3851482,34.6487869,Point,"{""information"":""board"",""name"":""奇跡の庭"",""tourism"":""information"",""website"":""https://www.franceosaka2025.fr/ja/qrcode/0015_2""}",,information,,,,,https://www.franceosaka2025.fr/ja/qrcode/0015_2,
node/13070250698,KANSAI Tourist information,information,135.3858758,34.648921,Point,"{""check_date"":""2025-08-14"",""information"":""office"",""name"":""KANSAI Tourist information"",""tourism"":""information""}",,information,,,,,,
node/13070251441,,restaurant,135.3852434,34.6497535,Point,"{""amenity"":""restaurant"",""check_date"":""2025-08-14"",""operator"":""モザンビーク""}",restaurant,,,,,,,
node/13070331490,HABI,gift,135.3854599,34.6496526,Point,"{""check_date"":""2025-08-14"",""name"":""HABI"",""shop"":""gift""}",,,gift,,,,,
node/13070393541,,vending_machine,135.3870014,34.6487704,Point,"{""amenity"":""vending_machine"",""check_date"":""2025-08-22"",""vending"":""drinks""}",vending_machine,,,,,,,
node/13070594327,PARALLEL TRAVEL,information,135.3876561,34.6503394,Point,"{""information"":""board"",""name"":""PARALLEL TRAVEL"",""tourism"":""information""}",,information,,,,,,
node/13070605743,,artwork,135.3862899,34.6508132,Point,"{""artwork_type"":""statue"",""description"":""ミャクミャク"",""tourism"":""artwork""}",,artwork,,,,,,
node/13084068528,SPY FAMILY,fast_food,135.3827521,34.6484702,Point,"{""amenity"":""fast_food"",""check_date"":""2025-08-20"",""name"":""SPY FAMILY""}",fast_food,,,,,,,
node/13084079226,,,135.3818052,34.6487557,Point,"{""man_made"":""flagpole""}",,,,,,,,
node/13084280979,ナイジェリア,gift,135.3812472,34.6491132,Point,"{""check_date"":""2025-08-20"",""name"":""ナイジェリア"",""shop"":""gift""}",,,gift,,,,,
node/13084286465,ギニア,gift,135.3811615,34.6488258,Point,"{""check_date"":""2025-08-20"",""name"":""ギニア"",""shop"":""gift""}",,,gift,,,,,
node/13084286466,スーダン,gift,135.3811939,34.6487905,Point,"{""check_date"":""2025-08-20"",""name"":""スーダン"",""shop"":""gift""}",,,gift,,,,,
node/13084286467,マリ,gift,135.3811176,34.6487471,Point,"{""check_date"":""2025-08-20"",""name"":""マリ"",""shop"":""gift""}",,,gift,,,,,
node/13084305300,サントメ・プリンシペ,gift,135.3813532,34.6487775,Point,"{""check_date"":""2025-08-20"",""name"":""サントメ・プリンシペ"",""shop"":""gift""}",,,gift,,,,,
node/13084310278,SPY FAMILY,fast_food,135.3837175,34.6482761,Point,"{""amenity"":""fast_food"",""check_date"":""2025-08-20"",""name"":""SPY FAMILY""}",fast_food,,,,,,,
node/13084331783,,tree,135.38405,34.6481677,Point,"{""natural"":""tree""}",,,,,,,,
node/13084331784,,tree,135.3840767,34.6481689,Point,"{""natural"":""tree""}",,,,,,,,
node/13084331785,,tree,135.3840008,34.6481762,Point,"{""natural"":""tree""}",,,,,,,,
node/13084331786,,tree,135.3841043,34.6481341,Point,"{""natural"":""tree""}",,,,,,,,
node/13084363334,,,135.3913309,34.651044,Point,"{""country"":""HT"",""flag:name"":""Haiti"",""flag:type"":""national"",""flag:wikidata"":""Q102987"",""man_made"":""flagpole"",""subject"":""Haiti"",""subject:wikidata"":""Q790""}",,,,HT,,,,
node/13084363335,,,135.3913567,34.6510484,Point,"{""country"":""HN"",""flag:name"":""Honduras"",""flag:type"":""national"",""flag:wikidata"":""Q102939"",""man_made"":""flagpole"",""subject"":""Honduras"",""subject:wikidata"":""Q783""}",,,,HN,,,,
node/13084363336,,,135.391358,34.6510261,Point,"{""country"":""HU"",""flag:name"":""Hungary"",""flag:type"":""national"",""flag:wikidata"":""Q81970"",""man_made"":""flagpole"",""subject"":""Hungary"",""subject:wikidata"":""Q28""}",,,,HU,,,,
node/13084363337,,,135.3913831,34.6510315,Point,"{""country"":""IS"",""flag:name"":""Iceland"",""flag:type"":""national"",""flag:wikidata"":""Q93335"",""man_made"":""flagpole"",""subject"":""Iceland"",""subject:wikidata"":""Q189""}",,,,IS,,,,
node/13088189410,GAMARO GANGJUNG,restaurant,135.3850573,34.6510337,Point,"{""amenity"":""restaurant"",""branch"":""大阪・関西万博 夢洲店"",""check_date"":""2025-08-22"",""name"":""GAMARO GANGJUNG"",""opening_hours"":""Mo-Fr 11:00-21:00""}",restaurant,,,,,Mo-Fr 11:00-21:00,,
node/13088189411,K-Gift Shop,gift,135.3851309,34.6511499,Point,"{""check_date"":""2025-08-22"",""name"":""K-Gift Shop"",""shop"":""gift""}",,,gift,,,,,
node/13088191708,EXPO2025 OFFICIAL STORE,gift,135.3856231,34.6513357,Point,"{""check_date"":""2025-08-22"",""name"":""EXPO2025 OFFICIAL STORE"",""shop"":""gift""}",,,gift,,,,,
node/13088624208,世界平和を祈る石像,artwork,135.3803307,34.6489293,Point,"{""artwork_type"":""statue"",""name"":""世界平和を祈る石像"",""tourism"":""artwork"",""website"":""https://m.youtube.com/watch?v=PFn2j4PI-Xw""}",,artwork,,,,,https://m.youtube.com/watch?v=PFn2j4PI-Xw,
node/13088675965,授乳室,,135.3809148,34.6515995,Point,"{""check_date"":""2025-08-22"",""government"":""public_service"",""name"":""授乳室"",""office"":""government""}",,,,,,,,
node/13088740961,,drinking_water,135.3809274,34.6515838,Point,"{""amenity"":""drinking_water"",""bottle"":""yes""}",drinking_water,,,,,,,
node/13103211232,日本館 パビリオンマップ,information,135.3871164,34.6481429,Point,"{""information"":""map"",""name"":""日本館 パビリオンマップ"",""tourism"":""information""}",,information,,,,,,
node/13103391725,,,135.3861112,34.6477771,Point,"{""entrance"":""yes""}",,,,,,,,
node/13103391726,,stage,135.3859889,34.6478475,Point,"{""amenity"":""stage"",""check_date"":""2025-08-28""}",stage,,,,,,,
node/13103443283,,,135.3915223,34.6507807,Point,"{""country"":""ML"",""flag:name"":""Mali"",""flag:type"":""national"",""flag:wikidata"":""Q169903"",""man_made"":""flagpole"",""subject"":""Mali"",""subject:wikidata"":""Q912""}",,,,ML,,,,
node/13103443284,,,135.3915446,34.6507774,Point,"{""country"":""MT"",""flag:name"":""Malta"",""flag:type"":""national"",""flag:wikidata"":""Q131469"",""man_made"":""flagpole"",""subject"":""Malta"",""subject:wikidata"":""Q233""}",,,,MT,,,,
node/13103463575,,,135.3915072,34.6508981,Point,"{""country"":""KG"",""flag:name"":""Kyrgyzstan"",""flag:type"":""national"",""flag:wikidata"":""Q165641"",""man_made"":""flagpole"",""subject"":""Kyrgyzstan"",""subject:wikidata"":""Q813""}",,,,KG,,,,
node/13103463576,,,135.3915288,34.6509034,Point,"{""country"":""LA"",""flag:name"":""Lao People's Democratic Republic"",""flag:type"":""national"",""flag:wikidata"":""Q46008"",""man_made"":""flagpole"",""subject"":""Laos"",""subject:wikidata"":""Q819""}",,,,LA,,,,
node/13119186235,GREEN EXPO 2027,artwork,135.3875987,34.6501868,Point,"{""artwork_type"":""statue"",""name"":""GREEN EXPO 2027"",""tourism"":""artwork""}",,artwork,,,,,,
node/13127032325,,tree,135.3864362,34.64977,Point,"{""natural"":""tree""}",,,,,,,,
node/13127032326,,tree,135.3864627,34.6497897,Point,"{""natural"":""tree""}",,,,,,,,
node/13127032327,,tree,135.3865089,34.6498122,Point,"{""natural"":""tree""}",,,,,,,,
node/13127032328,,tree,135.3865046,34.6497878,Point,"{""natural"":""tree""}",,,,,,,,
node/13127291416,,,135.3860597,34.64801,Point,"{""entrance"":""yes""}",,,,,,,,
node/13127291417,,,135.385913,34.6481153,Point,"{""entrance"":""yes""}",,,,,,,,
node/13130592557,,information,135.3851049,34.6476526,Point,"{""information"":""guidepost"",""tourism"":""information""}",,information,,,,,,
node/13130603466,,tree,135.3849453,34.647615,Point,"{""natural"":""tree""}",,,,,,,,
node/13130603467,,tree,135.3852967,34.6477232,Point,"{""natural"":""tree""}",,,,,,,,
node/13130603468,,tree,135.3853382,34.6476662,Point,"{""natural"":""tree""}",,,,,,,,
node/13130603469,,tree,135.3853465,34.6476497,Point,"{""natural"":""tree""}",,,,,,,,
node/13130603470,,tree,135.3852324,34.6477591,Point,"{""natural"":""tree""}",,,,,,,,
node/13130620791,,,135.3852999,34.6476977,Point,"{""man_made"":""flagpole""}",,,,,,,,
node/13130623413,,bench,135.3852186,34.6477919,Point,"{""amenity"":""bench""}",bench,,,,,,,
node/13130637189,,bench,135.3852417,34.6477886,Point,"{""amenity"":""bench""}",bench,,,,,,,
node/13130637190,,bench,135.3852289,34.6477886,Point,"{""amenity"":""bench""}",bench,,,,,,,
node/13130646927,,,135.3853552,34.647639,Point,"{""man_made"":""flagpole""}",,,,,,,,
node/13130648682,,tree,135.3852983,34.6478142,Point,"{""natural"":""tree""}",,,,,,,,
node/13130648683,,tree,135.385247,34.6478133,Point,"{""natural"":""tree""}",,,,,,,,
node/13130655441,,bench,135.3852108,34.6478413,Point,"{""amenity"":""bench""}",bench,,,,,,,
node/13130655442,,bench,135.3852319,34.6478212,Point,"{""amenity"":""bench""}",bench,,,,,,,
node/13130657134,,tree,135.3852029,34.6478464,Point,"{""natural"":""tree""}",,,,,,,,
node/13130682512,スイスパビリオンパートナー,information,135.3853515,34.6477413,Point,"{""information"":""board"",""name"":""スイスパビリオンパートナー"",""tourism"":""information""}",,information,,,,,,
node/13130760904,,tree,135.3842914,34.6482879,Point,"{""natural"":""tree""}",,,,,,,,
node/13130841843,,drinking_water,135.3844821,34.6482189,Point,"{""amenity"":""drinking_water"",""bottle"":""yes""}",drinking_water,,,,,,,
node/13142218136,,,135.3891919,34.6490822,Point,"{""entrance"":""yes""}",,,,,,,,
node/13142232718,,,135.3768094,34.6545184,Point,"{""entrance"":""yes""}",,,,,,,,
node/13142232804,,,135.37701,34.6546413,Point,"{""entrance"":""yes""}",,,,,,,,
node/13142233042,,tree,135.3828263,34.6484283,Point,"{""natural"":""tree""}",,,,,,,,
node/13142233083,,,135.3849339,34.6468578,Point,"{""entrance"":""yes""}",,,,,,,,
node/13142233088,,tree,135.3807778,34.6485748,Point,"{""natural"":""tree""}",,,,,,,,
node/13142233089,,tree,135.3807272,34.6485624,Point,"{""natural"":""tree""}",,,,,,,,
node/13142233090,,tree,135.3806494,34.6485089,Point,"{""natural"":""tree""}",,,,,,,,
node/13142233091,,tree,135.3806749,34.6484777,Point,"{""natural"":""tree""}",,,,,,,,
node/13142233092,,tree,135.380695,34.6484667,Point,"{""natural"":""tree""}",,,,,,,,
node/13142233093,,tree,135.3807117,34.6484606,Point,"{""natural"":""tree""}",,,,,,,,
node/13142233094,,tree,135.3807406,34.6484606,Point,"{""natural"":""tree""}",,,,,,,,
node/13142233104,,tree,135.3803828,34.6485784,Point,"{""natural"":""tree""}",,,,,,,,
node/13142233105,,tree,135.3803617,34.6485696,Point,"{""natural"":""tree""}",,,,,,,,
node/13142233106,,tree,135.3803114,34.6485685,Point,"{""natural"":""tree""}",,,,,,,,
node/13142233107,,tree,135.3804588,34.6484645,Point,"{""natural"":""tree""}",,,,,,,,
node/13142233108,,tree,135.3804103,34.6484623,Point,"{""natural"":""tree""}",,,,,,,,
node/13142233109,,tree,135.3803627,34.6484504,Point,"{""natural"":""tree""}",,,,,,,,
node/13143780460,,toilets,135.3836222,34.6522592,Point,"{""access"":""yes"",""amenity"":""toilets"",""check_date"":""2025-09-15"",""level"":""1"",""level:ref"":""2"",""toilets:disposal"":""flush"",""toilets:handwashing"":""yes""}",toilets,,,,,,,
node/13144020293,ペルー ムチョ グスト,fast_food,135.3848955,34.6496922,Point,"{""amenity"":""fast_food"",""check_date"":""2025-09-15"",""name"":""ペルー ムチョ グスト"",""name:en"":""Perú mucho gusto""}",fast_food,,,,,,,
node/13144067983,モザンビーク特産品ショップ,gift,135.3852232,34.6496758,Point,"{""check_date"":""2025-09-15"",""name"":""モザンビーク特産品ショップ"",""operator"":""モザンビーク"",""shop"":""gift""}",,,gift,,,,,
node/13154906986,ハッピー・ヘッズ,artwork,135.3809416,34.6500353,Point,"{""artist_name"":""Benoit+Bo"",""name"":""ハッピー・ヘッズ"",""tourism"":""artwork""}",,artwork,,,,,,
node/13155029153,,artwork,135.3837948,34.650579,Point,"{""artist_name"":""Benoit+Bo"",""note"":""ミャクミャク"",""tourism"":""artwork""}",,artwork,,,,,,
node/13159090672,,tree,135.3856695,34.6499446,Point,"{""natural"":""tree""}",,,,,,,,
node/13159090673,,tree,135.3856402,34.6499526,Point,"{""natural"":""tree""}",,,,,,,,
node/13159218865,磨かれちゃった木 高度経済成長木 大学からやって来た木,artwork,135.3847751,34.6470097,Point,"{""artwork_type"":""sculpture"",""name"":""磨かれちゃった木 高度経済成長木 大学からやって来た木"",""tourism"":""artwork""}",,artwork,,,,,,
node/13159231116,,tree,135.3858321,34.6496308,Point,"{""natural"":""tree""}",,,,,,,,
node/13159231117,,tree,135.3858152,34.6496654,Point,"{""natural"":""tree""}",,,,,,,,
node/13159231171,商品になれなかった木 大屋根リングの一部だった木 電線に引っ掛かりそうな木,artwork,135.3847052,34.6469621,Point,"{""artwork_type"":""sculpture"",""name"":""商品になれなかった木 大屋根リングの一部だった木 電線に引っ掛かりそうな木"",""tourism"":""artwork""}",,artwork,,,,,,
node/13159252440,突板になれなかった木 綺麗なのにいらない木,artwork,135.3847534,34.6469861,Point,"{""artwork_type"":""sculpture"",""name"":""突板になれなかった木 綺麗なのにいらない木"",""tourism"":""artwork""}",,artwork,,,,,,
node/13159254728,大事にされて成長しすぎた木,artwork,135.3846406,34.6469661,Point,"{""artwork_type"":""sculpture"",""name"":""大事にされて成長しすぎた木"",""tourism"":""artwork""}",,artwork,,,,,,
node/13159263801,大屋根リングの一部だった木 海に投げ入れられた木,artwork,135.3845985,34.6469876,Point,"{""artwork_type"":""sculpture"",""name"":""大屋根リングの一部だった木 海に投げ入れられた木"",""tourism"":""artwork""}",,artwork,,,,,,
node/13173244589,,restaurant,135.3836536,34.6475069,Point,"{""amenity"":""restaurant"",""check_date"":""2025-09-26""}",restaurant,,,,,,,
node/13173265211,地中海料理MARE,restaurant,135.3849744,34.6468416,Point,"{""amenity"":""restaurant"",""check_date"":""2025-09-26"",""cuisine"":""italian"",""name"":""地中海料理MARE""}",restaurant,,,,,,,
node/13173330470,カタールパビリオン,information,135.3866564,34.6484477,Point,"{""information"":""board"",""name"":""カタールパビリオン"",""tourism"":""information""}",,information,,,,,,
node/13176275085,,,135.3841468,34.6488399,Point,"{""entrance"":""yes""}",,,,,,,,
node/13176275090,,,135.3842178,34.6490197,Point,"{""entrance"":""yes""}",,,,,,,,
node/13176275100,,,135.3840462,34.648494,Point,"{""entrance"":""yes""}",,,,,,,,
node/13176275101,,,135.384082,34.6486564,Point,"{""entrance"":""yes""}",,,,,,,,
node/13183368302,,artwork,135.3886931,34.6496399,Point,"{""artwork_type"":""graffiti"",""description"":""こみゃく"",""fixme"":""Please merge me into a nearby wall"",""tourism"":""artwork""}",,artwork,,,,,,
node/13183399516,,information,135.3844731,34.6501975,Point,"{""check_date"":""2025-09-30"",""information"":""office"",""tourism"":""information""}",,information,,,,,,
node/13183399957,EARTH TABLE,information,135.3829792,34.6494656,Point,"{""information"":""board"",""name"":""EARTH TABLE"",""name:ja"":""未来食堂"",""tourism"":""information""}",,information,,,,,,
node/13183402544,,stone,135.3838889,34.6500811,Point,"{""description"":""ヒスイ。新潟県の石"",""natural"":""stone""}",,,,,,,,
node/13183403308,案内図,information,135.3841438,34.6502982,Point,"{""information"":""map"",""map_type"":""scheme"",""name"":""案内図"",""tourism"":""information""}",,information,,,,,,
node/13183404105,水心,artwork,135.3843889,34.6500654,Point,"{""artist_name"":""ミヤマケイ"",""artwork_type"":""mural"",""name"":""水心"",""tourism"":""artwork""}",,artwork,,,,,,
node/13183406939,未来につながる森,information,135.3831368,34.6497564,Point,"{""description"":""静けさの森 アートプロジェクト"",""information"":""map"",""name"":""未来につながる森"",""tourism"":""information""}",,information,,,,,,
node/13183413606,,tree,135.3830619,34.6495206,Point,"{""natural"":""tree""}",,,,,,,,
node/13183413607,,tree,135.3830562,34.6494921,Point,"{""natural"":""tree""}",,,,,,,,
node/13183439412,,,135.3828561,34.6492462,Point,"{""entrance"":""yes""}",,,,,,,,
node/13183475728,,information,135.3886376,34.6503885,Point,"{""information"":""board"",""tourism"":""information""}",,information,,,,,,
node/13183491378,そらいす,bench,135.3886682,34.6505156,Point,"{""amenity"":""bench"",""name"":""そらいす""}",bench,,,,,,,
node/13183745565,サンマリノ,gift,135.3819373,34.6497516,Point,"{""check_date"":""2025-09-30"",""name"":""サンマリノ"",""shop"":""gift""}",,,gift,,,,,
node/13189073233,,,135.3849812,34.6508538,Point,"{""entrance"":""exit""}",,,,,,,,
node/13194897023,,stone,135.3841461,34.6490316,Point,"{""natural"":""stone""}",,,,,,,,
node/13194897024,,stone,135.3841265,34.6489883,Point,"{""natural"":""stone""}",,,,,,,,
node/13195256945,,,135.3819486,34.6493737,Point,"{""entrance"":""service""}",,,,,,,,
node/13195256946,,,135.3822166,34.64933,Point,"{""entrance"":""service""}",,,,,,,,
node/13195256947,,,135.3822883,34.6495386,Point,"{""entrance"":""service""}",,,,,,,,
node/13195256948,,,135.3823456,34.6497004,Point,"{""entrance"":""service""}",,,,,,,,
node/13195272300,,,135.3806079,34.6488932,Point,"{""entrance"":""yes""}",,,,,,,,
node/13195282835,スペイン,information,135.383174,34.6506337,Point,"{""information"":""board"",""name"":""スペイン"",""tourism"":""information""}",,information,,,,,,
node/13195282836,,,135.3831887,34.6506742,Point,"{""entrance"":""yes""}",,,,,,,,
node/13195282837,,,135.3820682,34.6507379,Point,"{""entrance"":""yes""}",,,,,,,,
node/13195282838,,,135.3825625,34.6503796,Point,"{""entrance"":""main""}",,,,,,,,
node/13195289965,,,135.3806163,34.6497048,Point,"{""entrance"":""yes""}",,,,,,,,
node/13195289966,,,135.3809535,34.6496196,Point,"{""entrance"":""yes""}",,,,,,,,
node/13195289967,,,135.3812101,34.6496949,Point,"{""entrance"":""yes""}",,,,,,,,
node/13195289968,,,135.3812101,34.6495556,Point,"{""entrance"":""yes""}",,,,,,,,
node/13195289969,,,135.3810733,34.6493512,Point,"{""entrance"":""yes""}",,,,,,,,
node/13195290628,,,135.3827255,34.6488329,Point,"{""entrance"":""service""}",,,,,,,,
node/13195306945,ヌルヌル null² Pop-up Store,gift,135.3833265,34.6475547,Point,"{""check_date"":""2025-10-05"",""name"":""ヌルヌル null² Pop-up Store"",""shop"":""gift""}",,,gift,,,,,
node/13195318190,,,135.3818545,34.6496553,Point,"{""entrance"":""service""}",,,,,,,,
node/13195318191,,,135.382054,34.6494994,Point,"{""entrance"":""main""}",,,,,,,,
node/13195319301,,,135.3807903,34.649074,Point,"{""entrance"":""yes""}",,,,,,,,
node/13195319302,,,135.3807942,34.6490037,Point,"{""entrance"":""yes""}",,,,,,,,
node/13195319303,,,135.3806973,34.649015,Point,"{""entrance"":""yes""}",,,,,,,,
node/13195320442,,,135.3839338,34.6476608,Point,"{""entrance"":""service""}",,,,,,,,
node/13195320443,,,135.3839748,34.6477841,Point,"{""entrance"":""service""}",,,,,,,,
node/13195320444,,,135.3839409,34.6477925,Point,"{""entrance"":""service""}",,,,,,,,
node/13195327524,,,135.3843271,34.6475795,Point,"{""entrance"":""service""}",,,,,,,,
node/13195327525,,,135.3842532,34.6477142,Point,"{""entrance"":""service""}",,,,,,,,
node/13195327526,,,135.384131,34.6477449,Point,"{""entrance"":""service""}",,,,,,,,
node/13195327527,,,135.3840096,34.647642,Point,"{""entrance"":""service""}",,,,,,,,
node/13199855345,,,135.3909529,34.6513,Point,"{""country"":""CD"",""flag:name"":""Democratic Republic of the Congo"",""flag:type"":""national"",""flag:wikidata"":""Q164584"",""man_made"":""flagpole"",""subject"":""Democratic Republic of the Congo"",""subject:wikidata"":""Q974""}",,,,CD,,,,
node/13199855346,,,135.3908495,34.651368,Point,"{""country"":""BN"",""flag:name"":""Brunei Darussalam"",""flag:type"":""national"",""flag:wikidata"":""Q165872"",""man_made"":""flagpole"",""subject"":""Brunei"",""subject:wikidata"":""Q921""}",,,,BN,,,,
node/13199855347,,,135.3908666,34.6513574,Point,"{""country"":""BF"",""flag:name"":""Burkina Faso"",""flag:type"":""national"",""flag:wikidata"":""Q134252"",""man_made"":""flagpole"",""subject"":""Burkina Faso"",""subject:wikidata"":""Q965""}",,,,BF,,,,
node/13199855348,,,135.3908909,34.6513634,Point,"{""country"":""KH"",""flag:name"":""Cambodia"",""flag:type"":""national"",""flag:wikidata"":""Q162999"",""man_made"":""flagpole"",""subject"":""Cambodia"",""subject:wikidata"":""Q424""}",,,,KH,,,,
node/13199855349,,,135.3908843,34.6513453,Point,"{""country"":""CV"",""flag:name"":""Cabo Verde"",""flag:type"":""national"",""flag:wikidata"":""Q102944"",""man_made"":""flagpole"",""subject"":""Cape Verde"",""subject:wikidata"":""Q1011""}",,,,CV,,,,
node/13199855350,,,135.3909069,34.6513526,Point,"{""country"":""CA"",""flag:colour"":""red"",""flag:name"":""Canada"",""flag:type"":""national"",""flag:wikidata"":""Q80110"",""man_made"":""flagpole"",""subject"":""Canada"",""subject:wikidata"":""Q16""}",,,,CA,,,,
node/13199855351,,,135.3909004,34.6513345,Point,"{""country"":""CM"",""flag:name"":""Cameroon"",""flag:type"":""national"",""flag:wikidata"":""Q159872"",""man_made"":""flagpole"",""subject"":""Cameroon"",""subject:wikidata"":""Q1009""}",,,,CM,,,,
node/13199855352,,,135.3909248,34.6513405,Point,"{""country"":""TD"",""flag:name"":""Chad"",""flag:type"":""national"",""flag:wikidata"":""Q165811"",""man_made"":""flagpole"",""subject"":""Chad"",""subject:wikidata"":""Q657""}",,,,TD,,,,
node/13199855353,,,135.3909168,34.6513235,Point,"{""country"":""CL"",""flag:name"":""Chile"",""flag:type"":""national"",""flag:wikidata"":""Q160872"",""man_made"":""flagpole"",""subject"":""Chile"",""subject:wikidata"":""Q298""}",,,,CL,,,,
node/13199855354,,,135.3909419,34.651329,Point,"{""country"":""CN"",""flag:name"":""China"",""flag:type"":""national"",""flag:wikidata"":""Q131147"",""man_made"":""flagpole"",""subject"":""People's Republic of China"",""subject:wikidata"":""Q148""}",,,,CN,,,,
node/13199855355,,,135.3909329,34.651314,Point,"{""country"":""CO"",""flag:name"":""Colombia"",""flag:type"":""national"",""flag:wikidata"":""Q160425"",""man_made"":""flagpole"",""subject"":""Colombia"",""subject:wikidata"":""Q739""}",,,,CO,,,,
node/13199855356,,,135.3909579,34.651319,Point,"{""country"":""KM"",""flag:name"":""Comoros"",""flag:type"":""national"",""flag:wikidata"":""Q168917"",""man_made"":""flagpole"",""subject"":""Comoros"",""subject:wikidata"":""Q970""}",,,,KM,,,,
node/13199855357,,,135.3908738,34.6513752,Point,"{""country"":""BI"",""flag:name"":""Burundi"",""flag:type"":""national"",""flag:wikidata"":""Q103084"",""man_made"":""flagpole"",""subject"":""Burundi"",""subject:wikidata"":""Q967""}",,,,BI,,,,
node/13199855358,,,135.3909766,34.6513063,Point,"{""country"":""CI"",""flag:name"":""Ivory Coast"",""flag:type"":""national"",""flag:wikidata"":""Q102967"",""man_made"":""flagpole"",""subject"":""Côte d'Ivoire"",""subject:wikidata"":""Q1008""}",,,,CI,,,,
node/13199855359,,,135.3909682,34.6512897,Point,"{""country"":""HR"",""flag:name"":""Croatia"",""flag:type"":""national"",""flag:wikidata"":""Q163008"",""man_made"":""flagpole"",""subject"":""Croatia"",""subject:wikidata"":""Q241""}",,,,HR,,,,
node/13199855360,,,135.3909931,34.6512951,Point,"{""country"":""CU"",""flag:name"":""Cuba"",""flag:type"":""national"",""flag:wikidata"":""Q163008"",""man_made"":""flagpole"",""subject"":""Cuba"",""subject:wikidata"":""Q241""}",,,,CU,,,,
node/13199855361,,,135.3909858,34.6512779,Point,"{""country"":""CZ"",""flag:name"":""Czechia"",""flag:type"":""national"",""flag:wikidata"":""Q127155"",""man_made"":""flagpole"",""subject"":""Czechia"",""subject:wikidata"":""Q213""}",,,,CZ,,,,
node/13199855362,,,135.3910091,34.6512842,Point,"{""country"":""DK"",""flag:name"":""Denmark"",""flag:type"":""national"",""flag:wikidata"":""Q60149"",""man_made"":""flagpole"",""subject"":""Denmark"",""subject:wikidata"":""Q35""}",,,,DK,,,,
node/13199855363,,,135.3910028,34.6512669,Point,"{""country"":""DJ"",""flag:name"":""Djibouti"",""flag:type"":""national"",""flag:wikidata"":""Q102184"",""man_made"":""flagpole"",""subject"":""Djibouti"",""subject:wikidata"":""Q977""}",,,,DJ,,,,
node/13199855364,,,135.3910258,34.6512724,Point,"{""country"":""DO"",""flag:name"":""Dominican Republic"",""flag:type"":""national"",""flag:wikidata"":""Q184265"",""man_made"":""flagpole"",""subject"":""Dominican Republic"",""subject:wikidata"":""Q786""}",,,,DO,,,,
node/13199855365,,,135.3910226,34.651253,Point,"{""country"":""EG"",""flag:name"":""Egypt"",""flag:type"":""national"",""flag:wikidata"":""Q130458"",""man_made"":""flagpole"",""subject"":""Egypt"",""subject:wikidata"":""Q79""}",,,,EG,,,,
node/13199855366,,,135.3910454,34.6512597,Point,"{""country"":""GQ"",""flag:name"":""Equatorial Guinea"",""flag:type"":""national"",""flag:wikidata"":""Q170554"",""man_made"":""flagpole"",""subject"":""Equatorial Guinea"",""subject:wikidata"":""Q983""}",,,,GQ,,,,
node/13199855367,,,135.391148,34.6511673,Point,"{""country"":""GW"",""flag:name"":""Guinea-Bissau"",""flag:type"":""national"",""flag:wikidata"":""Q102953"",""man_made"":""flagpole"",""subject"":""Guinea-Bissau"",""subject:wikidata"":""Q1007""}",,,,GW,,,,
node/13199855368,,,135.3910644,34.6512468,Point,"{""country"":""ET"",""flag:name"":""Ethiopia"",""flag:type"":""national"",""flag:wikidata"":""Q162068"",""man_made"":""flagpole"",""subject"":""Ethiopia"",""subject:wikidata"":""Q115""}",,,,ET,,,,
node/13199855369,,,135.3910603,34.6512276,Point,"{""country"":""FJ"",""flag:name"":""Fiji"",""flag:type"":""national"",""flag:wikidata"":""Q182514"",""man_made"":""flagpole"",""subject"":""Fiji"",""subject:wikidata"":""Q712""}",,,,FJ,,,,
node/13199855370,,,135.3910823,34.6512347,Point,"{""country"":""FI"",""flag:name"":""Finland"",""flag:type"":""national"",""flag:wikidata"":""Q47891"",""man_made"":""flagpole"",""subject"":""Finland"",""subject:wikidata"":""Q33""}",,,,FI,,,,
node/13199855371,,,135.3910772,34.6512155,Point,"{""country"":""FR"",""flag:name"":""France"",""flag:type"":""national"",""flag:wikidata"":""Q43192"",""man_made"":""flagpole"",""subject"":""France"",""subject:wikidata"":""Q142""}",,,,FR,,,,
node/13199855372,,,135.3911003,34.6512231,Point,"{""country"":""GA"",""flag:name"":""Gabon"",""flag:type"":""national"",""flag:wikidata"":""Q101769"",""man_made"":""flagpole"",""subject"":""Gabon"",""subject:wikidata"":""Q1000""}",,,,GA,,,,
node/13199855373,,,135.3910938,34.6512042,Point,"{""country"":""GM"",""flag:name"":""Gambia"",""flag:type"":""national"",""flag:wikidata"":""Q135014"",""man_made"":""flagpole"",""subject"":""Gambia"",""subject:wikidata"":""Q1005""}",,,,GM,,,,
node/13199855374,,,135.3911167,34.6512128,Point,"{""country"":""DE"",""flag:name"":""Germany"",""flag:type"":""national"",""flag:wikidata"":""Q48160"",""man_made"":""flagpole"",""subject"":""Germany"",""subject:wikidata"":""Q183""}",,,,DE,,,,
node/13199855375,,,135.3911113,34.6511946,Point,"{""country"":""GH"",""flag:name"":""Ghana"",""flag:type"":""national"",""flag:wikidata"":""Q160676"",""man_made"":""flagpole"",""subject"":""Ghana"",""subject:wikidata"":""Q117""}",,,,GH,,,,
node/13199855376,,,135.3911339,34.6512006,Point,"{""country"":""GD"",""flag:name"":""Grenada"",""flag:type"":""national"",""flag:wikidata"":""Q103414"",""man_made"":""flagpole"",""subject"":""Grenada"",""subject:wikidata"":""Q769""}",,,,GD,,,,
node/13199855377,,,135.3911295,34.6511809,Point,"{""country"":""GT"",""flag:name"":""Guatemala"",""flag:type"":""national"",""flag:wikidata"":""Q178179"",""man_made"":""flagpole"",""subject"":""Guatemala"",""subject:wikidata"":""Q774""}",,,,GT,,,,
node/13199855378,,,135.3911537,34.6511862,Point,"{""country"":""GN"",""flag:name"":""Guinea"",""flag:type"":""national"",""flag:wikidata"":""Q165500"",""man_made"":""flagpole"",""subject"":""Guinea"",""subject:wikidata"":""Q1006""}",,,,GN,,,,
node/13199855379,,,135.3910414,34.6512403,Point,"{""country"":""SZ"",""flag:name"":""Eswatini"",""flag:type"":""national"",""flag:wikidata"":""Q102993"",""man_made"":""flagpole"",""subject"":""Eswatini"",""subject:wikidata"":""Q1050""}",,,,SZ,,,,
node/13199893726,,,135.3907271,34.6514746,Point,"{""country"":""AO"",""flag:name"":""Angola"",""flag:type"":""national"",""flag:wikidata"":""Q124329"",""man_made"":""flagpole"",""subject"":""Angola"",""subject:wikidata"":""Q916""}",,,,AO,,,,
node/13199893727,,,135.3907204,34.651456,Point,"{""country"":""DZ"",""flag:name"":""Algeria"",""flag:type"":""national"",""flag:wikidata"":""Q83392"",""man_made"":""flagpole"",""subject"":""Algeria"",""subject:wikidata"":""Q262""}",,,,DZ,,,,
node/13199893728,,,135.390745,34.6514624,Point,"{""country"":""AM"",""flag:name"":""Armenia"",""flag:type"":""national"",""flag:wikidata"":""Q33213"",""man_made"":""flagpole"",""subject"":""Armenia"",""subject:wikidata"":""Q399""}",,,,AM,,,,
node/13199893729,,,135.3907365,34.6514451,Point,"{""country"":""AG"",""flag:name"":""Antigua and Barbuda"",""flag:type"":""national"",""flag:wikidata"":""Q135034"",""man_made"":""flagpole"",""subject"":""Antigua and Barbuda"",""subject:wikidata"":""Q781""}",,,,AG,,,,
node/13199893730,,,135.3907618,34.6514509,Point,"{""country"":""AT"",""flag:name"":""Austria"",""flag:type"":""national"",""flag:wikidata"":""Q46835"",""man_made"":""flagpole"",""subject"":""Austria"",""subject:wikidata"":""Q40""}",,,,AT,,,,
node/13199893731,,,135.3907541,34.6514332,Point,"{""country"":""AU"",""flag:name"":""Australia"",""flag:type"":""national"",""flag:wikidata"":""Q81676"",""man_made"":""flagpole"",""subject"":""Australia"",""subject:wikidata"":""Q408""}",,,,AU,,,,
node/13199893732,,,135.3907778,34.6514401,Point,"{""country"":""BH"",""flag:name"":""Bahrain"",""flag:type"":""national"",""flag:wikidata"":""Q130481"",""man_made"":""flagpole"",""subject"":""Bahrain"",""subject:wikidata"":""Q398""}",,,,BH,,,,
node/13199893733,,,135.3907694,34.6514229,Point,"{""country"":""AZ"",""flag:name"":""Azerbaijan"",""flag:type"":""national"",""flag:wikidata"":""Q82236"",""man_made"":""flagpole"",""subject"":""Azerbaijan"",""subject:wikidata"":""Q227""}",,,,AZ,,,,
node/13199893734,,,135.3907944,34.6514289,Point,"{""country"":""BB"",""flag:name"":""Barbados"",""flag:type"":""national"",""flag:wikidata"":""Q104351"",""man_made"":""flagpole"",""subject"":""Barbados"",""subject:wikidata"":""Q244""}",,,,BB,,,,
node/13199893735,,,135.3907852,34.6514123,Point,"{""country"":""BD"",""flag:name"":""Bangladesh"",""flag:type"":""national"",""flag:wikidata"":""Q127179"",""man_made"":""flagpole"",""subject"":""Bangladesh"",""subject:wikidata"":""Q902""}",,,,BD,,,,
node/13199893736,,,135.3908101,34.6514183,Point,"{""country"":""BZ"",""flag:name"":""Belize"",""flag:type"":""national"",""flag:wikidata"":""Q169192"",""man_made"":""flagpole"",""subject"":""Belize"",""subject:wikidata"":""Q242""}",,,,BZ,,,,
node/13199893737,,,135.3908019,34.651401,Point,"{""country"":""BE"",""flag:name"":""Belgium"",""flag:type"":""national"",""flag:wikidata"":""Q12990"",""man_made"":""flagpole"",""subject"":""Belgium"",""subject:wikidata"":""Q31""}",,,,BE,,,,
node/13199893738,,,135.3908253,34.651408,Point,"{""country"":""BT"",""flag:name"":""Bhutan"",""flag:type"":""national"",""flag:wikidata"":""Q134521"",""man_made"":""flagpole"",""subject"":""Bhutan"",""subject:wikidata"":""Q917""}",,,,BT,,,,
node/13199893739,,,135.3908173,34.6513906,Point,"{""country"":""BJ"",""flag:name"":""Benin"",""flag:type"":""national"",""flag:wikidata"":""Q130442"",""man_made"":""flagpole"",""subject"":""Benin"",""subject:wikidata"":""Q962""}",,,,BJ,,,,
node/13199893740,,,135.3908409,34.6513975,Point,"{""country"":""BR"",""flag:name"":""Brazil"",""flag:type"":""national"",""flag:wikidata"":""Q82194"",""man_made"":""flagpole"",""subject"":""Brazil"",""subject:wikidata"":""Q155""}",,,,BR,,,,
node/13199893741,,,135.3908342,34.6513792,Point,"{""country"":""BO"",""flag:name"":""Bolivia"",""flag:type"":""national"",""flag:wikidata"":""Q134874"",""man_made"":""flagpole"",""subject"":""Bolivia"",""subject:wikidata"":""Q750""}",,,,BO,,,,
node/13199893742,,,135.3908561,34.6513871,Point,"{""country"":""BG"",""flag:name"":""Bulgaria"",""flag:type"":""national"",""flag:wikidata"":""Q225360"",""man_made"":""flagpole"",""subject"":""Bulgaria"",""subject:wikidata"":""Q219""}",,,,BG,,,,
node/13199973556,,,135.3811239,34.6516848,Point,"{""entrance"":""main""}",,,,,,,,
node/13199992921,,,135.3821215,34.6519698,Point,"{""entrance"":""yes""}",,,,,,,,
node/13199992922,,,135.3822085,34.6520044,Point,"{""entrance"":""yes""}",,,,,,,,
node/13199999969,,,135.3810518,34.651915,Point,"{""entrance"":""yes""}",,,,,,,,
node/13199999970,,,135.380845,34.652026,Point,"{""entrance"":""yes""}",,,,,,,,
node/13200006898,,,135.3812848,34.6518728,Point,"{""entrance"":""service""}",,,,,,,,
node/13200037518,,vending_machine,135.3811018,34.6517034,Point,"{""amenity"":""vending_machine"",""check_date"":""2025-10-07""}",vending_machine,,,,,,,
node/13200037519,,vending_machine,135.3810939,34.6516945,Point,"{""amenity"":""vending_machine"",""check_date"":""2025-10-07""}",vending_machine,,,,,,,
node/13200037520,,vending_machine,135.3810859,34.6516855,Point,"{""amenity"":""vending_machine"",""check_date"":""2025-10-07""}",vending_machine,,,,,,,
node/13200463520,110,information,135.3799272,34.6481996,Point,"{""board_type"":""traffic"",""information"":""board"",""name"":""110"",""tourism"":""information""}",,information,,,,,,
node/13200463521,112,information,135.3799389,34.6481654,Point,"{""board_type"":""traffic"",""information"":""board"",""name"":""112"",""tourism"":""information""}",,information,,,,,,
node/13200463522,114,information,135.3799514,34.6481292,Point,"{""board_type"":""traffic"",""information"":""board"",""name"":""114"",""tourism"":""information""}",,information,,,,,,
node/13200463523,116,information,135.3799618,34.6480989,Point,"{""board_type"":""traffic"",""information"":""board"",""name"":""116"",""tourism"":""information""}",,information,,,,,,
node/13200472901,94,information,135.3802024,34.648245,Point,"{""board_type"":""traffic"",""information"":""board"",""name"":""94"",""tourism"":""information""}",,information,,,,,,
node/13200472902,95,information,135.3802092,34.6482191,Point,"{""board_type"":""traffic"",""information"":""board"",""name"":""95"",""tourism"":""information""}",,information,,,,,,
node/13200472903,96,information,135.3802187,34.6481965,Point,"{""board_type"":""traffic"",""information"":""board"",""name"":""96"",""tourism"":""information""}",,information,,,,,,
node/13200472904,115,information,135.3799706,34.648101,Point,"{""board_type"":""traffic"",""information"":""board"",""name"":""115"",""tourism"":""information""}",,information,,,,,,
node/13200472905,108,information,135.3800118,34.6481106,Point,"{""board_type"":""traffic"",""information"":""board"",""name"":""108"",""tourism"":""information""}",,information,,,,,,
node/13200472906,107,information,135.3800211,34.6481128,Point,"{""board_type"":""traffic"",""information"":""board"",""name"":""107"",""tourism"":""information""}",,information,,,,,,
node/13200477085,113,information,135.3799602,34.6481313,Point,"{""board_type"":""traffic"",""information"":""board"",""name"":""113"",""tourism"":""information""}",,information,,,,,,
node/13200477086,106,information,135.3800014,34.6481409,Point,"{""board_type"":""traffic"",""information"":""board"",""name"":""106"",""tourism"":""information""}",,information,,,,,,
node/13200477087,105,information,135.3800107,34.648143,Point,"{""board_type"":""traffic"",""information"":""board"",""name"":""105"",""tourism"":""information""}",,information,,,,,,
node/13200477088,100,information,135.3800613,34.6481221,Point,"{""board_type"":""traffic"",""information"":""board"",""name"":""100"",""tourism"":""information""}",,information,,,,,,
node/13200477089,99,information,135.3800508,34.6481524,Point,"{""board_type"":""traffic"",""information"":""board"",""name"":""99"",""tourism"":""information""}",,information,,,,,,
node/13200477090,98,information,135.3800384,34.6481886,Point,"{""board_type"":""traffic"",""information"":""board"",""name"":""98"",""tourism"":""information""}",,information,,,,,,
node/13200477091,97,information,135.3800266,34.6482228,Point,"{""board_type"":""traffic"",""information"":""board"",""name"":""97"",""tourism"":""information""}",,information,,,,,,
node/13200477092,101,information,135.3799865,34.6482134,Point,"{""board_type"":""traffic"",""information"":""board"",""name"":""101"",""tourism"":""information""}",,information,,,,,,
node/13200477093,102,information,135.3799772,34.6482112,Point,"{""board_type"":""traffic"",""information"":""board"",""name"":""102"",""tourism"":""information""}",,information,,,,,,
node/13200477094,111,information,135.3799477,34.6481675,Point,"{""board_type"":""traffic"",""information"":""board"",""name"":""111"",""tourism"":""information""}",,information,,,,,,
node/13200477095,109,information,135.379936,34.6482016,Point,"{""board_type"":""traffic"",""information"":""board"",""name"":""109"",""tourism"":""information""}",,information,,,,,,
node/13200477096,104,information,135.3799889,34.6481771,Point,"{""board_type"":""traffic"",""information"":""board"",""name"":""104"",""tourism"":""information""}",,information,,,,,,
node/13200477097,103,information,135.3799982,34.6481792,Point,"{""board_type"":""traffic"",""information"":""board"",""name"":""103"",""tourism"":""information""}",,information,,,,,,
node/13200501376,,information,135.380809,34.648476,Point,"{""board_type"":""information"",""information"":""board"",""tourism"":""information""}",,information,,,,,,
node/13200593309,LiberiaCafe,cafe,135.3814661,34.6487059,Point,"{""amenity"":""cafe"",""check_date"":""2025-10-07"",""name"":""LiberiaCafe""}",cafe,,,,,,,
node/13203054628,,,135.3830785,34.6519572,Point,"{""entrance"":""yes""}",,,,,,,,
node/13203054631,,,135.3831206,34.651961,Point,"{""entrance"":""yes""}",,,,,,,,
node/13203054723,,,135.3877139,34.6505989,Point,"{""entrance"":""yes""}",,,,,,,,
node/13203054877,,,135.3862211,34.6471168,Point,"{""entrance"":""yes""}",,,,,,,,
node/13203054878,,,135.3861931,34.6470906,Point,"{""entrance"":""yes""}",,,,,,,,
node/13203054897,,fast_food,135.3871889,34.6479434,Point,"{""amenity"":""fast_food"",""cuisine"":""regional"",""takeaway"":""only""}",fast_food,,,,,,,
node/13203054898,,fast_food,135.3871045,34.6479628,Point,"{""amenity"":""fast_food"",""cuisine"":""regional"",""takeaway"":""only""}",fast_food,,,,,,,
node/13207116337,,,135.378431,34.6519524,Point,"{""country"":""BZ"",""flag:name"":""Belize"",""flag:type"":""national"",""flag:wikidata"":""Q169192"",""man_made"":""flagpole"",""subject"":""Belize"",""subject:wikidata"":""Q242""}",,,,BZ,,,,
node/13207116338,,,135.3784498,34.6519421,Point,"{""country"":""BB"",""flag:name"":""Barbados"",""flag:type"":""national"",""flag:wikidata"":""Q104351"",""man_made"":""flagpole"",""subject"":""Barbados"",""subject:wikidata"":""Q244""}",,,,BB,,,,
node/13207116339,,,135.3784697,34.6519312,Point,"{""country"":""BH"",""flag:name"":""Bahrain"",""flag:type"":""national"",""flag:wikidata"":""Q130481"",""man_made"":""flagpole"",""subject"":""Bahrain"",""subject:wikidata"":""Q398""}",,,,BH,,,,
node/13207116340,,,135.3784888,34.6519207,Point,"{""country"":""AT"",""flag:name"":""Austria"",""flag:type"":""national"",""flag:wikidata"":""Q46835"",""man_made"":""flagpole"",""subject"":""Austria"",""subject:wikidata"":""Q40""}",,,,AT,,,,
node/13207116341,,,135.378509,34.6519095,Point,"{""country"":""AM"",""flag:name"":""Armenia"",""flag:type"":""national"",""flag:wikidata"":""Q33213"",""man_made"":""flagpole"",""subject"":""Armenia"",""subject:wikidata"":""Q399""}",,,,AM,,,,
node/13207116342,,,135.3784327,34.6519349,Point,"{""country"":""BD"",""flag:name"":""Bangladesh"",""flag:type"":""national"",""flag:wikidata"":""Q127179"",""man_made"":""flagpole"",""subject"":""Bangladesh"",""subject:wikidata"":""Q902""}",,,,BD,,,,
node/13207116343,,,135.3784516,34.6519246,Point,"{""country"":""AZ"",""flag:name"":""Azerbaijan"",""flag:type"":""national"",""flag:wikidata"":""Q82236"",""man_made"":""flagpole"",""subject"":""Azerbaijan"",""subject:wikidata"":""Q227""}",,,,AZ,,,,
node/13207116344,,,135.3784699,34.6519146,Point,"{""country"":""AU"",""flag:name"":""Australia"",""flag:type"":""national"",""flag:wikidata"":""Q81676"",""man_made"":""flagpole"",""subject"":""Australia"",""subject:wikidata"":""Q408""}",,,,AU,,,,
node/13207116345,,,135.378491,34.651903,Point,"{""country"":""AG"",""flag:name"":""Antigua and Barbuda"",""flag:type"":""national"",""flag:wikidata"":""Q135034"",""man_made"":""flagpole"",""subject"":""Antigua and Barbuda"",""subject:wikidata"":""Q781""}",,,,AG,,,,
node/13207116346,,,135.3785103,34.6518924,Point,"{""country"":""DZ"",""flag:name"":""Algeria"",""flag:type"":""national"",""flag:wikidata"":""Q83392"",""man_made"":""flagpole"",""subject"":""Algeria"",""subject:wikidata"":""Q262""}",,,,DZ,,,,
node/13207179114,,,135.378275,34.6520212,Point,"{""country"":""CL"",""flag:name"":""Chile"",""flag:type"":""national"",""flag:wikidata"":""Q160872"",""man_made"":""flagpole"",""subject"":""Chile"",""subject:wikidata"":""Q298""}",,,,CL,,,,
node/13207179115,,,135.3782947,34.6520105,Point,"{""country"":""CM"",""flag:name"":""Cameroon"",""flag:type"":""national"",""flag:wikidata"":""Q159872"",""man_made"":""flagpole"",""subject"":""Cameroon"",""subject:wikidata"":""Q1009""}",,,,CM,,,,
node/13207179116,,,135.3783139,34.652,Point,"{""country"":""CV"",""flag:name"":""Cabo Verde"",""flag:type"":""national"",""flag:wikidata"":""Q102944"",""man_made"":""flagpole"",""subject"":""Cape Verde"",""subject:wikidata"":""Q1011""}",,,,CV,,,,
node/13207179117,,,135.3783352,34.6519883,Point,"{""country"":""BF"",""flag:name"":""Burkina Faso"",""flag:type"":""national"",""flag:wikidata"":""Q134252"",""man_made"":""flagpole"",""subject"":""Burkina Faso"",""subject:wikidata"":""Q965""}",,,,BF,,,,
node/13207179118,,,135.3783555,34.6519781,Point,"{""country"":""BN"",""flag:name"":""Brunei Darussalam"",""flag:type"":""national"",""flag:wikidata"":""Q165872"",""man_made"":""flagpole"",""subject"":""Brunei"",""subject:wikidata"":""Q921""}",,,,BN,,,,
node/13207179119,,,135.378374,34.6519671,Point,"{""country"":""BO"",""flag:name"":""Bolivia"",""flag:type"":""national"",""flag:wikidata"":""Q134874"",""man_made"":""flagpole"",""subject"":""Bolivia"",""subject:wikidata"":""Q750""}",,,,BO,,,,
node/13207179120,,,135.3783942,34.651956,Point,"{""country"":""BJ"",""flag:name"":""Benin"",""flag:type"":""national"",""flag:wikidata"":""Q130442"",""man_made"":""flagpole"",""subject"":""Benin"",""subject:wikidata"":""Q962""}",,,,BJ,,,,
node/13207179121,,,135.3784126,34.6519459,Point,"{""country"":""BE"",""flag:name"":""Belgium"",""flag:type"":""national"",""flag:wikidata"":""Q12990"",""man_made"":""flagpole"",""subject"":""Belgium"",""subject:wikidata"":""Q31""}",,,,BE,,,,
node/13207179122,,,135.3782935,34.6520281,Point,"{""country"":""TD"",""flag:name"":""Chad"",""flag:type"":""national"",""flag:wikidata"":""Q165811"",""man_made"":""flagpole"",""subject"":""Chad"",""subject:wikidata"":""Q657""}",,,,TD,,,,
node/13207179123,,,135.378315,34.6520163,Point,"{""country"":""CA"",""flag:colour"":""red"",""flag:name"":""Canada"",""flag:type"":""national"",""flag:wikidata"":""Q80110"",""man_made"":""flagpole"",""subject"":""Canada"",""subject:wikidata"":""Q16""}",,,,CA,,,,
node/13207179124,,,135.3783341,34.6520058,Point,"{""country"":""KH"",""flag:name"":""Cambodia"",""flag:type"":""national"",""flag:wikidata"":""Q162999"",""man_made"":""flagpole"",""subject"":""Cambodia"",""subject:wikidata"":""Q424""}",,,,KH,,,,
node/13207179125,,,135.3783547,34.6519944,Point,"{""country"":""BI"",""flag:name"":""Burundi"",""flag:type"":""national"",""flag:wikidata"":""Q103084"",""man_made"":""flagpole"",""subject"":""Burundi"",""subject:wikidata"":""Q967""}",,,,BI,,,,
node/13207179126,,,135.3783759,34.6519828,Point,"{""country"":""BG"",""flag:name"":""Bulgaria"",""flag:type"":""national"",""flag:wikidata"":""Q225360"",""man_made"":""flagpole"",""subject"":""Bulgaria"",""subject:wikidata"":""Q219""}",,,,BG,,,,
node/13207179127,,,135.3783941,34.6519727,Point,"{""country"":""BR"",""flag:name"":""Brazil"",""flag:type"":""national"",""flag:wikidata"":""Q82194"",""man_made"":""flagpole"",""subject"":""Brazil"",""subject:wikidata"":""Q155""}",,,,BR,,,,
node/13207179128,,,135.3784128,34.6519625,Point,"{""country"":""BT"",""flag:name"":""Bhutan"",""flag:type"":""national"",""flag:wikidata"":""Q134521"",""man_made"":""flagpole"",""subject"":""Bhutan"",""subject:wikidata"":""Q917""}",,,,BT,,,,
node/13207232387,,,135.378148,34.6520532,Point,"{""country"":""SS"",""flag:name"":""South Sudan"",""flag:type"":""national"",""flag:wikidata"":""Q182782"",""man_made"":""flagpole"",""subject"":""South Sudan"",""subject:wikidata"":""Q958""}",,,,SS,,,,
node/13207232388,,,135.3781688,34.6520954,Point,"{""country"":""DK"",""flag:name"":""Denmark"",""flag:type"":""national"",""flag:wikidata"":""Q60149"",""man_made"":""flagpole"",""subject"":""Denmark"",""subject:wikidata"":""Q35""}",,,,DK,,,,
node/13207232389,,,135.378188,34.6520848,Point,"{""country"":""CU"",""flag:name"":""Cuba"",""flag:type"":""national"",""flag:wikidata"":""Q163008"",""man_made"":""flagpole"",""subject"":""Cuba"",""subject:wikidata"":""Q241""}",,,,CU,,,,
node/13207232390,,,135.3781484,34.6520887,Point,"{""country"":""DJ"",""flag:name"":""Djibouti"",""flag:type"":""national"",""flag:wikidata"":""Q102184"",""man_made"":""flagpole"",""subject"":""Djibouti"",""subject:wikidata"":""Q977""}",,,,DJ,,,,
node/13207232391,,,135.3781687,34.6520781,Point,"{""country"":""CZ"",""flag:name"":""Czechia"",""flag:type"":""national"",""flag:wikidata"":""Q127155"",""man_made"":""flagpole"",""subject"":""Czechia"",""subject:wikidata"":""Q213""}",,,,CZ,,,,
node/13207232392,,,135.3781483,34.6520715,Point,"{""country"":""ES"",""flag:name"":""Spain"",""flag:type"":""national"",""flag:wikidata"":""Q121688"",""man_made"":""flagpole"",""subject"":""Spain"",""subject:wikidata"":""Q29""}",,,,ES,,,,
node/13207232393,,,135.3781677,34.6520604,Point,"{""country"":""SO"",""flag:name"":""Somalia"",""flag:type"":""national"",""flag:wikidata"":""Q159538"",""man_made"":""flagpole"",""subject"":""Somalia"",""subject:wikidata"":""Q1045""}",,,,SO,,,,
node/13207232394,,,135.3783744,34.6519311,Point,"{""country"":""PH"",""flag:name"":""Philippines"",""flag:type"":""national"",""flag:wikidata"":""Q134627"",""man_made"":""flagpole"",""subject"":""Philippines"",""subject:wikidata"":""Q928""}",,,,PH,,,,
node/13207232395,,,135.378413,34.6519102,Point,"{""country"":""PA"",""flag:name"":""Panama"",""flag:type"":""national"",""flag:wikidata"":""Q168941"",""man_made"":""flagpole"",""subject"":""Panama"",""subject:wikidata"":""Q804""}",,,,PA,,,,
node/13207639451,,,135.3775706,34.6523855,Point,"{""man_made"":""flagpole""}",,,,,,,,
node/13207639452,,,135.3775485,34.6523786,Point,"{""man_made"":""flagpole""}",,,,,,,,
node/13207639453,,,135.3776561,34.6523588,Point,"{""country"":""ML"",""flag:name"":""Mali"",""flag:type"":""national"",""flag:wikidata"":""Q169903"",""man_made"":""flagpole"",""subject"":""Mali"",""subject:wikidata"":""Q912""}",,,,ML,,,,
node/13207639454,,,135.3777212,34.6523407,Point,"{""country"":""LT"",""flag:name"":""Lithuania"",""flag:type"":""national"",""flag:wikidata"":""Q81477"",""man_made"":""flagpole"",""subject"":""Lithuania"",""subject:wikidata"":""Q37""}",,,,LT,,,,
node/13207639455,,,135.3775892,34.6523555,Point,"{""man_made"":""flagpole""}",,,,,,,,
node/13207639456,,,135.3776121,34.6523433,Point,"{""man_made"":""flagpole""}",,,,,,,,
node/13207639457,,,135.3776332,34.6523326,Point,"{""man_made"":""flagpole""}",,,,,,,,
node/13207639458,,,135.3776544,34.6523205,Point,"{""man_made"":""flagpole""}",,,,,,,,
node/13207639459,,,135.3776767,34.6523075,Point,"{""man_made"":""flagpole""}",,,,,,,,
node/13207639460,,,135.3776992,34.652297,Point,"{""man_made"":""flagpole""}",,,,,,,,
node/13207639461,,,135.3777204,34.6522838,Point,"{""man_made"":""flagpole""}",,,,,,,,
node/13207639462,,,135.3777448,34.652271,Point,"{""flag:name"":""International Thermonuclear Experimental Reactor"",""flag:short_name"":""ITER"",""flag:type"":""organisation"",""man_made"":""flagpole""}",,,,,,,,
node/13207639463,,,135.3777668,34.6522602,Point,"{""flag:name"":""International Science and Technology Center"",""flag:short_name"":""ISTC"",""flag:type"":""organisation"",""man_made"":""flagpole""}",,,,,,,,
node/13207639464,,,135.377784,34.6522504,Point,"{""country"":""EU"",""flag:name"":""The European Union"",""flag:short_name"":""EU"",""flag:type"":""governmental"",""flag:wikidata"":""Q98055852"",""man_made"":""flagpole"",""subject"":""European Union"",""subject:wikidata"":""Q458""}",,,,EU,,,,
node/13207639465,,,135.3778053,34.6522387,Point,"{""country"":""ZW"",""flag:name"":""Zimbabwe"",""flag:type"":""national"",""flag:wikidata"":""Q159986"",""man_made"":""flagpole"",""subject"":""Zimbabwe"",""subject:wikidata"":""Q954""}",,,,ZW,,,,
node/13207639466,,,135.3778268,34.6522263,Point,"{""country"":""YE"",""flag:name"":""Yemen"",""flag:type"":""national"",""flag:wikidata"":""Q162699"",""man_made"":""flagpole"",""subject"":""Yemen"",""subject:wikidata"":""Q805""}",,,,YE,,,,
node/13207639467,,,135.3778505,34.6522141,Point,"{""country"":""VA"",""flag:name"":""Vatican"",""flag:type"":""religious"",""flag:wikidata"":""Q79198"",""man_made"":""flagpole"",""subject"":""Holy See"",""subject:wikidata"":""Q159583""}",,,,VA,,,,
node/13207639468,,,135.3778861,34.6521948,Point,"{""country"":""UZ"",""flag:name"":""Uzbekistan"",""flag:type"":""national"",""flag:wikidata"":""Q483774"",""man_made"":""flagpole"",""subject"":""Uzbekistan"",""subject:wikidata"":""Q265""}",,,,UZ,,,,
node/13207639469,,,135.3779085,34.6521826,Point,"{""country"":""US"",""flag:name"":""United States of America"",""flag:type"":""national"",""flag:wikidata"":""Q42537"",""man_made"":""flagpole"",""subject"":""United States"",""subject:wikidata"":""Q30""}",,,,US,,,,
node/13207639470,,,135.3779321,34.6521698,Point,"{""country"":""AE"",""flag:name"":""United Arab Emirates"",""flag:type"":""national"",""flag:wikidata"":""Q134247"",""man_made"":""flagpole"",""subject"":""United Arab Emirates"",""subject:wikidata"":""Q878""}",,,,AE,,,,
node/13207639471,,,135.3779529,34.6521593,Point,"{""country"":""UG"",""flag:name"":""Uganda"",""flag:type"":""national"",""flag:wikidata"":""Q103037"",""man_made"":""flagpole"",""subject"":""Uganda"",""subject:wikidata"":""Q1036""}",,,,UG,,,,
node/13207639472,,,135.3779743,34.6521464,Point,"{""country"":""TM"",""flag:name"":""Turkmenistan"",""flag:type"":""national"",""flag:wikidata"":""Q41327"",""man_made"":""flagpole"",""subject"":""Turkmenistan"",""subject:wikidata"":""Q874""}",,,,TM,,,,
node/13207639473,,,135.3779976,34.6521343,Point,"{""country"":""TN"",""flag:name"":""Tunisia"",""flag:type"":""national"",""flag:wikidata"":""Q162789"",""man_made"":""flagpole"",""subject"":""Tunisia"",""subject:wikidata"":""Q948""}",,,,TN,,,,
node/13207639474,,,135.3780166,34.6521231,Point,"{""country"":""TO"",""flag:name"":""Tonga"",""flag:type"":""national"",""flag:wikidata"":""Q188072"",""man_made"":""flagpole"",""subject"":""Tonga"",""subject:wikidata"":""Q678""}",,,,TO,,,,
node/13207639475,,,135.378037,34.6521128,Point,"{""country"":""TL"",""flag:name"":""Timor-Leste"",""flag:type"":""national"",""flag:wikidata"":""Q30768"",""man_made"":""flagpole"",""subject"":""East Timor"",""subject:wikidata"":""Q574""}",,,,TL,,,,
node/13207639476,,,135.3780579,34.652101,Point,"{""country"":""TZ"",""flag:name"":""United Republic of Tanzania"",""flag:type"":""national"",""flag:wikidata"":""Q170809"",""man_made"":""flagpole"",""subject"":""Tanzania"",""subject:wikidata"":""Q924""}",,,,TZ,,,,
node/13207639477,,,135.3780817,34.6520886,Point,"{""country"":""CH"",""flag:name"":""Switzerland"",""flag:type"":""national"",""flag:wikidata"":""Q124020"",""man_made"":""flagpole"",""subject"":""Switzerland"",""subject:wikidata"":""Q39""}",,,,CH,,,,
node/13207639478,,,135.3781042,34.6520764,Point,"{""country"":""SR"",""flag:name"":""Suriname"",""flag:type"":""national"",""flag:wikidata"":""Q180725"",""man_made"":""flagpole"",""subject"":""Suriname"",""subject:wikidata"":""Q730""}",,,,SR,,,,
node/13207639479,,,135.3781269,34.6520641,Point,"{""country"":""LK"",""flag:name"":""Sri Lanka"",""flag:type"":""national"",""flag:wikidata"":""Q154823"",""man_made"":""flagpole"",""subject"":""Sri Lanka"",""subject:wikidata"":""Q854""}",,,,LK,,,,
node/13207639480,,,135.3775694,34.6523678,Point,"{""man_made"":""flagpole""}",,,,,,,,
node/13207639481,,,135.3776136,34.6523633,Point,"{""man_made"":""flagpole""}",,,,,,,,
node/13207639482,,,135.3776345,34.6523511,Point,"{""man_made"":""flagpole""}",,,,,,,,
node/13207639483,,,135.3776553,34.6523404,Point,"{""man_made"":""flagpole""}",,,,,,,,
node/13207639484,,,135.3776772,34.6523281,Point,"{""man_made"":""flagpole""}",,,,,,,,
node/13207639485,,,135.3777001,34.6523151,Point,"{""man_made"":""flagpole""}",,,,,,,,
node/13207639486,,,135.3777207,34.6523045,Point,"{""man_made"":""flagpole""}",,,,,,,,
node/13207639487,,,135.3777444,34.6522912,Point,"{""flag:name"":""United Nations"",""flag:short_name"":""UN"",""flag:type"":""governmental"",""flag:wikidata"":""Q172446"",""man_made"":""flagpole"",""subject"":""United Nations"",""subject:wikidata"":""Q1065""}",,,,,,,,
node/13207639488,,,135.3777673,34.6522784,Point,"{""flag:name"":""International Solar Alliance"",""flag:short_name"":""ISA"",""flag:type"":""organisation"",""man_made"":""flagpole""}",,,,,,,,
node/13207639489,,,135.3777858,34.6522688,Point,"{""flag:name"":""International Red Cross and Red Crescent Movement"",""flag:short_name"":""IRC"",""flag:type"":""organisation"",""flag:wikidata"":""Q63991554"",""man_made"":""flagpole"",""subject"":""International Red Cross and Red Crescent Movement"",""subject:wikidata"":""Q7178""}",,,,,,,,
node/13207639490,,,135.3778066,34.6522577,Point,"{""flag:name"":""ASEAN"",""flag:type"":""governmental"",""flag:wikidata"":""Q783490"",""man_made"":""flagpole"",""subject"":""ASEAN"",""subject:wikidata"":""Q7768""}",,,,,,,,
node/13207639491,,,135.3778273,34.6522459,Point,"{""country"":""ZM"",""flag:name"":""Zambia"",""flag:type"":""national"",""flag:wikidata"":""Q170814"",""man_made"":""flagpole"",""subject"":""Zambia"",""subject:wikidata"":""Q953""}",,,,ZM,,,,
node/13207639492,,,135.3778509,34.6522335,Point,"{""country"":""VN"",""flag:colour"":""red"",""flag:name"":""Viet Nam"",""flag:type"":""national"",""flag:wikidata"":""Q131204"",""man_made"":""flagpole"",""subject"":""Vietnam"",""subject:wikidata"":""Q881""}",,,,VN,,,,
node/13207639493,,,135.3778733,34.6522212,Point,"{""country"":""VU"",""flag:name"":""Vanuatu"",""flag:type"":""national"",""flag:wikidata"":""Q185285"",""man_made"":""flagpole"",""subject"":""Vanuatu"",""subject:wikidata"":""Q686""}",,,,VU,,,,
node/13207639494,,,135.3779086,34.6522016,Point,"{""country"":""UY"",""flag:name"":""Uruguay"",""flag:type"":""national"",""flag:wikidata"":""Q171103"",""man_made"":""flagpole"",""subject"":""Uruguay"",""subject:wikidata"":""Q77""}",,,,UY,,,,
node/13207639495,,,135.377931,34.6521894,Point,"{""country"":""GB"",""flag:name"":""United Kingdom"",""flag:type"":""national"",""flag:wikidata"":""Q83278"",""man_made"":""flagpole"",""subject"":""United Kingdom"",""subject:wikidata"":""Q145""}",,,,GB,,,,
node/13207639496,,,135.3779533,34.6521768,Point,"{""country"":""UA"",""flag:name"":""Ukraine"",""flag:type"":""national"",""flag:wikidata"":""Q127974"",""man_made"":""flagpole"",""subject"":""Ukraine"",""subject:wikidata"":""Q212""}",,,,UA,,,,
node/13207639497,,,135.3779741,34.6521662,Point,"{""country"":""TV"",""flag:name"":""Tuvalu"",""flag:type"":""national"",""flag:wikidata"":""Q105643"",""man_made"":""flagpole"",""subject"":""Tuvalu"",""subject:wikidata"":""Q672""}",,,,TV,,,,
node/13207639498,,,135.3779983,34.6521529,Point,"{""country"":""TR"",""flag:name"":""Turkey"",""flag:type"":""national"",""flag:wikidata"":""Q81952"",""man_made"":""flagpole"",""subject"":""Turkey"",""subject:wikidata"":""Q43""}",,,,TR,,,,
node/13207639499,,,135.3780175,34.6521395,Point,"{""country"":""TT"",""flag:name"":""Trinidad and Tobago"",""flag:type"":""national"",""flag:wikidata"":""Q184283"",""man_made"":""flagpole"",""subject"":""Trinidad and Tobago"",""subject:wikidata"":""Q754""}",,,,TT,,,,
node/13207639500,,,135.378038,34.6521306,Point,"{""country"":""TG"",""flag:name"":""Togo"",""flag:type"":""national"",""flag:wikidata"":""Q103070"",""man_made"":""flagpole"",""subject"":""Togo"",""subject:wikidata"":""Q945""}",,,,TG,,,,
node/13207676201,,,135.3780585,34.6521194,Point,"{""country"":""TH"",""flag:name"":""Thailand"",""flag:type"":""national"",""flag:wikidata"":""Q134885"",""man_made"":""flagpole"",""subject"":""Thailand"",""subject:wikidata"":""Q869""}",,,,TH,,,,
node/13207676202,,,135.3780813,34.6521076,Point,"{""country"":""TJ"",""flag:name"":""Tajikistan"",""flag:type"":""national"",""flag:wikidata"":""Q160124"",""man_made"":""flagpole"",""subject"":""Tajikistan"",""subject:wikidata"":""Q863""}",,,,TJ,,,,
node/13207676203,,,135.378104,34.6520952,Point,"{""country"":""SE"",""flag:name"":""Sweden"",""flag:type"":""national"",""flag:wikidata"":""Q81286"",""man_made"":""flagpole"",""subject"":""Sweden"",""subject:wikidata"":""Q34""}",,,,SE,,,,
node/13207676204,,,135.3781264,34.6520829,Point,"{""country"":""SD"",""flag:name"":""Sudan"",""flag:type"":""national"",""flag:wikidata"":""Q102198"",""man_made"":""flagpole"",""subject"":""Sudan"",""subject:wikidata"":""Q1049""}",,,,SD,,,,
node/13207676205,,,135.377591,34.6523757,Point,"{""man_made"":""flagpole""}",,,,,,,,
node/13207676206,,,135.3775721,34.6524058,Point,"{""country"":""MN"",""flag:name"":""Mongolia"",""flag:type"":""national"",""flag:wikidata"":""Q165552"",""man_made"":""flagpole"",""subject"":""Mongolia"",""subject:wikidata"":""Q711""}",,,,MN,,,,
node/13207676207,,,135.3775925,34.6523935,Point,"{""country"":""MD"",""flag:name"":""Moldova"",""flag:type"":""national"",""flag:wikidata"":""Q167584"",""man_made"":""flagpole"",""subject"":""Moldova"",""subject:wikidata"":""Q217""}",,,,MD,,,,
node/13207676208,,,135.3776148,34.6523812,Point,"{""country"":""MU"",""flag:name"":""Mauritius"",""flag:type"":""national"",""flag:wikidata"":""Q173548"",""man_made"":""flagpole"",""subject"":""Mauritius"",""subject:wikidata"":""Q1027""}",,,,MU,,,,
node/13207676209,,,135.3776358,34.6523704,Point,"{""country"":""MH"",""flag:name"":""Marshall Islands"",""flag:type"":""national"",""flag:wikidata"":""Q200260"",""man_made"":""flagpole"",""subject"":""Marshall Islands"",""subject:wikidata"":""Q709""}",,,,MH,,,,
node/13207676210,,,135.3776777,34.6523479,Point,"{""country"":""MW"",""flag:name"":""Malawi"",""flag:type"":""national"",""flag:wikidata"":""Q103001"",""man_made"":""flagpole"",""subject"":""Malawi"",""subject:wikidata"":""Q1020""}",,,,MW,,,,
node/13207676211,,,135.3777009,34.6523348,Point,"{""country"":""LU"",""flag:name"":""Luxembourg"",""flag:type"":""national"",""flag:wikidata"":""Q133022"",""man_made"":""flagpole"",""subject"":""Luxembourg"",""subject:wikidata"":""Q32""}",,,,LU,,,,
node/13207676212,,,135.377721,34.6523242,Point,"{""country"":""LR"",""flag:name"":""Liberia"",""flag:type"":""national"",""flag:wikidata"":""Q170795"",""man_made"":""flagpole"",""subject"":""Liberia"",""subject:wikidata"":""Q1014""}",,,,LR,,,,
node/13207676213,,,135.3777441,34.6523109,Point,"{""country"":""LV"",""flag:name"":""Latvia"",""flag:type"":""national"",""flag:wikidata"":""Q130449"",""man_made"":""flagpole"",""subject"":""Latvia"",""subject:wikidata"":""Q211""}",,,,LV,,,,
node/13207676214,,,135.3777679,34.6522981,Point,"{""country"":""KG"",""flag:name"":""Kyrgyzstan"",""flag:type"":""national"",""flag:wikidata"":""Q165641"",""man_made"":""flagpole"",""subject"":""Kyrgyzstan"",""subject:wikidata"":""Q813""}",,,,KG,,,,
node/13207676215,,,135.3777875,34.6522871,Point,"{""country"":""XK"",""flag:name"":""Kosovo"",""flag:type"":""national"",""flag:wikidata"":""Q168711"",""man_made"":""flagpole"",""subject"":""Kosovo"",""subject:wikidata"":""Q1246""}",,,,XK,,,,
node/13207676216,,,135.3778069,34.6522762,Point,"{""country"":""KE"",""flag:name"":""Kenya"",""flag:type"":""national"",""flag:wikidata"":""Q165905"",""man_made"":""flagpole"",""subject"":""Kenya"",""subject:wikidata"":""Q114""}",,,,KE,,,,
node/13207676217,,,135.3778277,34.6522655,Point,"{""country"":""JO"",""flag:name"":""Jordan"",""flag:type"":""national"",""flag:wikidata"":""Q170064"",""man_made"":""flagpole"",""subject"":""Jordan"",""subject:wikidata"":""Q810""}",,,,JO,,,,
node/13207676218,,,135.3778491,34.6522531,Point,"{""country"":""IT"",""flag:name"":""Italy"",""flag:type"":""national"",""flag:wikidata"":""Q42876"",""man_made"":""flagpole"",""subject"":""Italy"",""subject:wikidata"":""Q38""}",,,,IT,,,,
node/13207676219,,,135.3778716,34.6522408,Point,"{""country"":""IE"",""flag:name"":""Ireland"",""flag:type"":""national"",""flag:wikidata"":""Q82205"",""man_made"":""flagpole"",""subject"":""Republic of Ireland"",""subject:wikidata"":""Q27""}",,,,IE,,,,
node/13207676220,,,135.377907,34.6522214,Point,"{""country"":""IN"",""flag:name"":""India"",""flag:type"":""national"",""flag:wikidata"":""Q41673"",""man_made"":""flagpole"",""subject"":""India"",""subject:wikidata"":""Q668""}",,,,IN,,,,
node/13207676221,,,135.3779294,34.6522094,Point,"{""country"":""HU"",""flag:name"":""Hungary"",""flag:type"":""national"",""flag:wikidata"":""Q81970"",""man_made"":""flagpole"",""subject"":""Hungary"",""subject:wikidata"":""Q28""}",,,,HU,,,,
node/13207676222,,,135.3779538,34.6521963,Point,"{""country"":""HT"",""flag:name"":""Haiti"",""flag:type"":""national"",""flag:wikidata"":""Q102987"",""man_made"":""flagpole"",""subject"":""Haiti"",""subject:wikidata"":""Q790""}",,,,HT,,,,
node/13207676223,,,135.3779742,34.6521857,Point,"{""country"":""GW"",""flag:name"":""Guinea-Bissau"",""flag:type"":""national"",""flag:wikidata"":""Q102953"",""man_made"":""flagpole"",""subject"":""Guinea-Bissau"",""subject:wikidata"":""Q1007""}",,,,GW,,,,
node/13207676224,,,135.3779965,34.6521724,Point,"{""country"":""GT"",""flag:name"":""Guatemala"",""flag:type"":""national"",""flag:wikidata"":""Q178179"",""man_made"":""flagpole"",""subject"":""Guatemala"",""subject:wikidata"":""Q774""}",,,,GT,,,,
node/13207676225,,,135.3780185,34.6521589,Point,"{""country"":""GH"",""flag:name"":""Ghana"",""flag:type"":""national"",""flag:wikidata"":""Q160676"",""man_made"":""flagpole"",""subject"":""Ghana"",""subject:wikidata"":""Q117""}",,,,GH,,,,
node/13207676226,,,135.3780392,34.6521498,Point,"{""country"":""GM"",""flag:name"":""Gambia"",""flag:type"":""national"",""flag:wikidata"":""Q135014"",""man_made"":""flagpole"",""subject"":""Gambia"",""subject:wikidata"":""Q1005""}",,,,GM,,,,
node/13207676227,,,135.3780591,34.6521388,Point,"{""country"":""FR"",""flag:name"":""France"",""flag:type"":""national"",""flag:wikidata"":""Q43192"",""man_made"":""flagpole"",""subject"":""France"",""subject:wikidata"":""Q142""}",,,,FR,,,,
node/13207676228,,,135.3780794,34.652127,Point,"{""country"":""FJ"",""flag:name"":""Fiji"",""flag:type"":""national"",""flag:wikidata"":""Q182514"",""man_made"":""flagpole"",""subject"":""Fiji"",""subject:wikidata"":""Q712""}",,,,FJ,,,,
node/13207676229,,,135.3781021,34.6521146,Point,"{""country"":""SZ"",""flag:name"":""Eswatini"",""flag:type"":""national"",""flag:wikidata"":""Q102993"",""man_made"":""flagpole"",""subject"":""Eswatini"",""subject:wikidata"":""Q1050""}",,,,SZ,,,,
node/13207676230,,,135.3781246,34.6521023,Point,"{""country"":""EG"",""flag:name"":""Egypt"",""flag:type"":""national"",""flag:wikidata"":""Q130458"",""man_made"":""flagpole"",""subject"":""Egypt"",""subject:wikidata"":""Q79""}",,,,EG,,,,
node/13207676231,,,135.377637,34.6523883,Point,"{""country"":""MR"",""flag:name"":""Mauritania"",""flag:type"":""national"",""flag:wikidata"":""Q102977"",""man_made"":""flagpole"",""subject"":""Mauritania"",""subject:wikidata"":""Q1025""}",,,,MR,,,,
node/13207676232,,,135.3778723,34.6522585,Point,"{""country"":""IL"",""flag:name"":""Israel"",""flag:type"":""national"",""flag:wikidata"":""Q128480"",""man_made"":""flagpole"",""subject"":""Israel"",""subject:wikidata"":""Q801""}",,,,IL,,,,
node/13207676233,,,135.3778506,34.6522704,Point,"{""country"":""JM"",""flag:name"":""Jamaica"",""flag:type"":""national"",""flag:wikidata"":""Q172517"",""man_made"":""flagpole"",""subject"":""Jamaica"",""subject:wikidata"":""Q766""}",,,,JM,,,,
node/13207676234,,,135.3778281,34.6522821,Point,"{""country"":""KZ"",""flag:name"":""Kazakhstan"",""flag:type"":""national"",""flag:wikidata"":""Q131650"",""man_made"":""flagpole"",""subject"":""Kazakhstan"",""subject:wikidata"":""Q232""}",,,,KZ,,,,
node/13207676235,,,135.3779305,34.6522265,Point,"{""country"":""IS"",""flag:name"":""Iceland"",""flag:type"":""national"",""flag:wikidata"":""Q93335"",""man_made"":""flagpole"",""subject"":""Iceland"",""subject:wikidata"":""Q189""}",,,,IS,,,,
node/13207676236,,,135.3777685,34.6523163,Point,"{""country"":""LA"",""flag:name"":""Lao People's Democratic Republic"",""flag:type"":""national"",""flag:wikidata"":""Q46008"",""man_made"":""flagpole"",""subject"":""Laos"",""subject:wikidata"":""Q819""}",,,,LA,,,,
node/13207676237,,,135.3777437,34.6523296,Point,"{""country"":""LS"",""flag:name"":""Lesotho"",""flag:type"":""national"",""flag:wikidata"":""Q104969"",""man_made"":""flagpole"",""subject"":""Lesotho"",""subject:wikidata"":""Q1013""}",,,,LS,,,,
node/13207676238,,,135.3777017,34.6523531,Point,"{""country"":""MG"",""flag:name"":""Madagascar"",""flag:type"":""national"",""flag:wikidata"":""Q103019"",""man_made"":""flagpole"",""subject"":""Madagascar"",""subject:wikidata"":""Q1019""}",,,,MG,,,,
node/13207676239,,,135.3776781,34.6523644,Point,"{""country"":""MY"",""flag:name"":""Malaysia"",""flag:type"":""national"",""flag:wikidata"":""Q168935"",""man_made"":""flagpole"",""subject"":""Malaysia"",""subject:wikidata"":""Q833""}",,,,MY,,,,
node/13207676240,,,135.3776569,34.652377,Point,"{""country"":""MT"",""flag:name"":""Malta"",""flag:type"":""national"",""flag:wikidata"":""Q131469"",""man_made"":""flagpole"",""subject"":""Malta"",""subject:wikidata"":""Q233""}",,,,MT,,,,
node/13207676241,,,135.3776162,34.6523994,Point,"{""country"":""FM"",""flag:name"":""Federated States of Micronesia"",""flag:type"":""national"",""flag:wikidata"":""Q190648"",""man_made"":""flagpole"",""subject"":""Federated States of Micronesia"",""subject:wikidata"":""Q702""}",,,,FM,,,,
node/13207676242,,,135.3775941,34.6524114,Point,"{""country"":""MC"",""flag:name"":""Monaco"",""flag:type"":""national"",""flag:wikidata"":""Q159746"",""man_made"":""flagpole"",""subject"":""Monaco"",""subject:wikidata"":""Q235""}",,,,MC,,,,
node/13207676243,,,135.3778075,34.6522942,Point,"{""country"":""KR"",""flag:name"":""Korea"",""flag:type"":""national"",""flag:wikidata"":""Q127296"",""man_made"":""flagpole"",""subject"":""South Korea"",""subject:wikidata"":""Q884""}",,,,KR,,,,
node/13207676244,,,135.3777892,34.6523039,Point,"{""country"":""KW"",""flag:name"":""Kuwait"",""flag:type"":""national"",""flag:wikidata"":""Q165545"",""man_made"":""flagpole"",""subject"":""Kuwait"",""subject:wikidata"":""Q817""}",,,,KW,,,,
node/13207676245,,,135.3779744,34.6522013,Point,"{""country"":""GY"",""flag:name"":""Guyana"",""flag:type"":""national"",""flag:wikidata"":""Q171124"",""man_made"":""flagpole"",""subject"":""Guyana"",""subject:wikidata"":""Q734""}",,,,GY,,,,
node/13207676246,,,135.3779956,34.6521907,Point,"{""country"":""GN"",""flag:name"":""Guinea"",""flag:type"":""national"",""flag:wikidata"":""Q165500"",""man_made"":""flagpole"",""subject"":""Guinea"",""subject:wikidata"":""Q1006""}",,,,GN,,,,
node/13207676247,,,135.3780194,34.6521766,Point,"{""country"":""GD"",""flag:name"":""Grenada"",""flag:type"":""national"",""flag:wikidata"":""Q103414"",""man_made"":""flagpole"",""subject"":""Grenada"",""subject:wikidata"":""Q769""}",,,,GD,,,,
node/13207676248,,,135.3780401,34.6521647,Point,"{""country"":""DE"",""flag:name"":""Germany"",""flag:type"":""national"",""flag:wikidata"":""Q48160"",""man_made"":""flagpole"",""subject"":""Germany"",""subject:wikidata"":""Q183""}",,,,DE,,,,
node/13207676249,,,135.3780596,34.6521548,Point,"{""country"":""GA"",""flag:name"":""Gabon"",""flag:type"":""national"",""flag:wikidata"":""Q101769"",""man_made"":""flagpole"",""subject"":""Gabon"",""subject:wikidata"":""Q1000""}",,,,GA,,,,
node/13207676250,,,135.3780811,34.6521436,Point,"{""country"":""FI"",""flag:name"":""Finland"",""flag:type"":""national"",""flag:wikidata"":""Q47891"",""man_made"":""flagpole"",""subject"":""Finland"",""subject:wikidata"":""Q33""}",,,,FI,,,,
node/13207676251,,,135.3781026,34.6521318,Point,"{""country"":""ET"",""flag:name"":""Ethiopia"",""flag:type"":""national"",""flag:wikidata"":""Q162068"",""man_made"":""flagpole"",""subject"":""Ethiopia"",""subject:wikidata"":""Q115""}",,,,ET,,,,
node/13208469426,,,135.3837592,34.6474774,Point,"{""entrance"":""exit""}",,,,,,,,
node/13208469433,,,135.383888,34.6521732,Point,"{""entrance"":""yes""}",,,,,,,,
node/13208469436,,,135.3841985,34.6521896,Point,"{""access"":""no"",""entrance"":""service""}",,,,,,,,
node/13208469481,,,135.381569,34.6511168,Point,"{""entrance"":""yes""}",,,,,,,,
node/13208469491,,,135.3811824,34.6508765,Point,"{""entrance"":""main""}",,,,,,,,
node/13208469496,,tree,135.3821766,34.6514711,Point,"{""natural"":""tree""}",,,,,,,,
node/13208469620,,,135.3845296,34.6512024,Point,"{""entrance"":""yes""}",,,,,,,,
node/13208469625,,,135.3844793,34.6511232,Point,"{""entrance"":""yes""}",,,,,,,,
node/13208469654,,,135.3799189,34.6489631,Point,"{""entrance"":""yes""}",,,,,,,,
node/13208469661,,,135.3799183,34.648998,Point,"{""entrance"":""yes""}",,,,,,,,
node/13208469664,,,135.3858731,34.6472742,Point,"{""entrance"":""yes""}",,,,,,,,
node/13208469813,シンガポール,information,135.3802035,34.648964,Point,"{""board_type"":""notice"",""information"":""board"",""name"":""シンガポール"",""name:en"":""SINGAPORE"",""tourism"":""information""}",,information,,,,,,
node/13208469819,,waste_basket,135.3797061,34.6484996,Point,"{""amenity"":""waste_basket"",""level"":""1""}",waste_basket,,,,,,,
node/13208484558,,,135.3827791,34.6483223,Point,"{""entrance"":""main""}",,,,,,,,
node/13208484559,,,135.3824783,34.6483516,Point,"{""entrance"":""service""}",,,,,,,,
node/13208484566,,,135.3827817,34.6482173,Point,"{""entrance"":""main""}",,,,,,,,
node/13227042829,,,135.3854361,34.6508017,Point,"{""entrance"":""main""}",,,,,,,,
node/13227043008,,,135.3852042,34.6508734,Point,"{""entrance"":""exit""}",,,,,,,,
node/13227043109,,,135.3854072,34.6510494,Point,"{""entrance"":""main""}",,,,,,,,
node/13227285361,,,135.3862029,34.6509086,Point,"{""entrance"":""yes""}",,,,,,,,
node/13227285368,,,135.3862288,34.650881,Point,"{""entrance"":""yes""}",,,,,,,,
node/13227293936,15,information,135.3804646,34.6505488,Point,"{""board_type"":""traffic"",""information"":""board"",""name"":""15"",""tourism"":""information""}",,information,,,,,,
node/13227293988,,,135.3816546,34.6515464,Point,"{""entrance"":""yes""}",,,,,,,,
node/13227293992,,,135.3816188,34.6515278,Point,"{""entrance"":""yes""}",,,,,,,,
node/13227862260,,,135.3864151,34.6510217,Point,"{""entrance"":""exit""}",,,,,,,,
node/13227862261,,,135.3863728,34.6509949,Point,"{""entrance"":""main""}",,,,,,,,
node/13227862276,,,135.3865675,34.6508831,Point,"{""entrance"":""main""}",,,,,,,,
node/13227986084,88,information,135.3857641,34.6466951,Point,"{""board_type"":""traffic"",""information"":""board"",""name"":""88"",""tourism"":""information""}",,information,,,,,,
node/13227986085,87,information,135.3857999,34.6467186,Point,"{""board_type"":""traffic"",""information"":""board"",""name"":""87"",""tourism"":""information""}",,information,,,,,,
node/13227986086,85,information,135.3857596,34.64676,Point,"{""board_type"":""traffic"",""information"":""board"",""name"":""85"",""tourism"":""information""}",,information,,,,,,
node/13227986087,86,information,135.3857239,34.6467365,Point,"{""board_type"":""traffic"",""information"":""board"",""name"":""86"",""tourism"":""information""}",,information,,,,,,
node/13227986088,89,information,135.3858401,34.6466771,Point,"{""board_type"":""traffic"",""information"":""board"",""name"":""89"",""tourism"":""information""}",,information,,,,,,
node/13227986089,90,information,135.3858043,34.6466536,Point,"{""board_type"":""traffic"",""information"":""board"",""name"":""90"",""tourism"":""information""}",,information,,,,,,
node/13227986090,84,information,135.3856836,34.6467779,Point,"{""board_type"":""traffic"",""information"":""board"",""name"":""84"",""tourism"":""information""}",,information,,,,,,
node/13227986091,83,information,135.3857194,34.6468014,Point,"{""board_type"":""traffic"",""information"":""board"",""name"":""83"",""tourism"":""information""}",,information,,,,,,
node/13227986092,82,information,135.3856434,34.6468194,Point,"{""board_type"":""traffic"",""information"":""board"",""name"":""82"",""tourism"":""information""}",,information,,,,,,
node/13227986093,81,information,135.3856792,34.6468429,Point,"{""board_type"":""traffic"",""information"":""board"",""name"":""81"",""tourism"":""information""}",,information,,,,,,
node/13227986094,80,information,135.3856032,34.6468608,Point,"{""board_type"":""traffic"",""information"":""board"",""name"":""80"",""tourism"":""information""}",,information,,,,,,
node/13227986095,79,information,135.385639,34.6468843,Point,"{""board_type"":""traffic"",""information"":""board"",""name"":""79"",""tourism"":""information""}",,information,,,,,,
node/13228747069,,,135.3845005,34.6501957,Point,"{""entrance"":""yes""}",,,,,,,,
node/13228747123,休憩所3,shelter,135.384209,34.649362,Point,"{""amenity"":""shelter"",""name"":""休憩所3""}",shelter,,,,,,,
node/13228747134,,,135.3842603,34.6493427,Point,"{""entrance"":""yes""}",,,,,,,,
node/13228841074,道頓堀くくる,fast_food,135.3759031,34.6533318,Point,"{""amenity"":""fast_food"",""check_date"":""2025-10-13"",""name"":""道頓堀くくる""}",fast_food,,,,,,,
node/13228841075,らぽっぽファーム,fast_food,135.3758924,34.6533631,Point,"{""amenity"":""fast_food"",""check_date"":""2025-10-13"",""name"":""らぽっぽファーム""}",fast_food,,,,,,,
node/13228841076,クンテープ,fast_food,135.3758823,34.6534049,Point,"{""amenity"":""fast_food"",""check_date"":""2025-10-13"",""cuisine"":""thai"",""name"":""クンテープ""}",fast_food,,,,,,,
node/13228866337,道頓堀みつる,fast_food,135.3758762,34.6534453,Point,"{""amenity"":""fast_food"",""check_date"":""2025-10-13"",""name"":""道頓堀みつる""}",fast_food,,,,,,,
node/13228876165,,shelter,135.3759722,34.6533886,Point,"{""amenity"":""shelter"",""shelter_type"":""picnic_shelter""}",shelter,,,,,,,
node/13228886243,,tree,135.3759625,34.6521485,Point,"{""natural"":""tree""}",,,,,,,,
node/13228886244,,tree,135.3759595,34.6521255,Point,"{""natural"":""tree""}",,,,,,,,
node/13228886245,,tree,135.3759547,34.6521027,Point,"{""natural"":""tree""}",,,,,,,,
node/13228886246,,tree,135.3759503,34.652082,Point,"{""natural"":""tree""}",,,,,,,,
node/13228887798,,drinking_water,135.3778521,34.6511056,Point,"{""amenity"":""drinking_water"",""bottle"":""yes""}",drinking_water,,,,,,,
node/13228888805,,,135.3760023,34.6546094,Point,"{""entrance"":""service""}",,,,,,,,
node/13228902837,宇宙タンクベンチ,bench,135.3770202,34.6546252,Point,"{""amenity"":""bench"",""material"":""metal"",""name"":""宇宙タンクベンチ"",""seats"":""4"",""website"":""https://and-space-project.jp/""}",bench,,,,,,https://and-space-project.jp/,
node/13229153717,,vending_machine,135.3779374,34.6510959,Point,"{""amenity"":""vending_machine"",""check_date"":""2025-10-13"",""payment:credit_cards"":""yes"",""vending"":""electronics""}",vending_machine,,,,,,,
node/13229255351,いのち動的平衡館,information,135.3824276,34.6477119,Point,"{""information"":""board"",""name"":""いのち動的平衡館"",""name:en"":""DYNAMIC EQUILIBRIUM OF LIFE"",""tourism"":""information""}",,information,,,,,,
node/13229400412,,,135.3823502,34.6475316,Point,"{""entrance"":""yes"",""fixme"":""Please merge me into a nearby building""}",,,,,,,,
node/13229729032,,bench,135.3845671,34.6469078,Point,"{""amenity"":""bench""}",bench,,,,,,,
node/13229729033,,bench,135.3846039,34.6469015,Point,"{""amenity"":""bench""}",bench,,,,,,,
node/13229729034,,bench,135.3846518,34.646892,Point,"{""amenity"":""bench""}",bench,,,,,,,
node/13229729035,,bench,135.3847095,34.646877,Point,"{""amenity"":""bench""}",bench,,,,,,,
node/13229729036,,bench,135.3847538,34.6468678,Point,"{""amenity"":""bench""}",bench,,,,,,,
node/13230174692,らぽっぽファーム IN EXPO,viewpoint,135.3832426,34.6504822,Point,"{""name"":""らぽっぽファーム IN EXPO"",""tourism"":""viewpoint""}",,viewpoint,,,,,,
node/13230192013,HIRAKEL,fast_food,135.3861652,34.6505497,Point,"{""amenity"":""fast_food"",""check_date"":""2025-10-13"",""name"":""HIRAKEL""}",fast_food,,,,,,,
node/13230241034,イスラエル,gift,135.3821641,34.6497802,Point,"{""check_date"":""2025-10-13"",""name"":""イスラエル"",""shop"":""gift""}",,,gift,,,,,
node/13230246994,ZIMBABWE,gift,135.3820195,34.6503257,Point,"{""check_date"":""2025-10-13"",""name"":""ZIMBABWE"",""shop"":""gift""}",,,gift,,,,,
node/13230732231,,,135.3910774,34.6502834,Point,"{""country"":""TT"",""flag:name"":""Trinidad and Tobago"",""flag:type"":""national"",""flag:wikidata"":""Q184283"",""man_made"":""flagpole"",""subject"":""Trinidad and Tobago"",""subject:wikidata"":""Q754""}",,,,TT,,,,
node/13230732232,,,135.3910993,34.6502808,Point,"{""country"":""TO"",""flag:name"":""Tonga"",""flag:type"":""national"",""flag:wikidata"":""Q188072"",""man_made"":""flagpole"",""subject"":""Tonga"",""subject:wikidata"":""Q678""}",,,,TO,,,,
node/13230732233,,,135.3909825,34.6501915,Point,"{""country"":""UY"",""flag:name"":""Uruguay"",""flag:type"":""national"",""flag:wikidata"":""Q171103"",""man_made"":""flagpole"",""subject"":""Uruguay"",""subject:wikidata"":""Q77""}",,,,UY,,,,
node/13230732234,,,135.3910013,34.6502104,Point,"{""country"":""GB"",""flag:name"":""United Kingdom"",""flag:type"":""national"",""flag:wikidata"":""Q83278"",""man_made"":""flagpole"",""subject"":""United Kingdom"",""subject:wikidata"":""Q145""}",,,,GB,,,,
node/13230732235,,,135.3910574,34.6502674,Point,"{""country"":""TR"",""flag:name"":""Turkey"",""flag:type"":""national"",""flag:wikidata"":""Q81952"",""man_made"":""flagpole"",""subject"":""Turkey"",""subject:wikidata"":""Q43""}",,,,TR,,,,
node/13230732236,,,135.3909446,34.6501566,Point,"{""country"":""VN"",""flag:colour"":""red"",""flag:name"":""Viet Nam"",""flag:type"":""national"",""flag:wikidata"":""Q131204"",""man_made"":""flagpole"",""subject"":""Vietnam"",""subject:wikidata"":""Q881""}",,,,VN,,,,
node/13230732237,,,135.3909635,34.6501756,Point,"{""country"":""VU"",""flag:name"":""Vanuatu"",""flag:type"":""national"",""flag:wikidata"":""Q185285"",""man_made"":""flagpole"",""subject"":""Vanuatu"",""subject:wikidata"":""Q686""}",,,,VU,,,,
node/13230732238,,,135.3910205,34.6502293,Point,"{""country"":""UA"",""flag:name"":""Ukraine"",""flag:type"":""national"",""flag:wikidata"":""Q127974"",""man_made"":""flagpole"",""subject"":""Ukraine"",""subject:wikidata"":""Q212""}",,,,UA,,,,
node/13230732239,,,135.391037,34.650247,Point,"{""country"":""TV"",""flag:name"":""Tuvalu"",""flag:type"":""national"",""flag:wikidata"":""Q105643"",""man_made"":""flagpole"",""subject"":""Tuvalu"",""subject:wikidata"":""Q672""}",,,,TV,,,,
node/13230732240,,,135.3909516,34.650134,Point,"{""country"":""YE"",""flag:name"":""Yemen"",""flag:type"":""national"",""flag:wikidata"":""Q162699"",""man_made"":""flagpole"",""subject"":""Yemen"",""subject:wikidata"":""Q805""}",,,,YE,,,,
node/13230732241,,,135.3909705,34.6501541,Point,"{""country"":""VA"",""flag:name"":""Vatican"",""flag:type"":""religious"",""flag:wikidata"":""Q79198"",""man_made"":""flagpole"",""subject"":""Holy See"",""subject:wikidata"":""Q159583""}",,,,VA,,,,
node/13230732242,,,135.3910276,34.6502093,Point,"{""country"":""AE"",""flag:name"":""United Arab Emirates"",""flag:type"":""national"",""flag:wikidata"":""Q134247"",""man_made"":""flagpole"",""subject"":""United Arab Emirates"",""subject:wikidata"":""Q878""}",,,,AE,,,,
node/13230732243,,,135.3910439,34.650227,Point,"{""country"":""UG"",""flag:name"":""Uganda"",""flag:type"":""national"",""flag:wikidata"":""Q103037"",""man_made"":""flagpole"",""subject"":""Uganda"",""subject:wikidata"":""Q1036""}",,,,UG,,,,
node/13230732244,,,135.3909147,34.6500979,Point,"{""country"":""EU"",""flag:name"":""The European Union"",""flag:short_name"":""EU"",""flag:type"":""governmental"",""flag:wikidata"":""Q98055852"",""man_made"":""flagpole"",""subject"":""European Union"",""subject:wikidata"":""Q458""}",,,,EU,,,,
node/13230732245,,,135.3909327,34.6501159,Point,"{""country"":""ZW"",""flag:name"":""Zimbabwe"",""flag:type"":""national"",""flag:wikidata"":""Q159986"",""man_made"":""flagpole"",""subject"":""Zimbabwe"",""subject:wikidata"":""Q954""}",,,,ZW,,,,
node/13230732246,,,135.3909892,34.6501704,Point,"{""country"":""UZ"",""flag:name"":""Uzbekistan"",""flag:type"":""national"",""flag:wikidata"":""Q483774"",""man_made"":""flagpole"",""subject"":""Uzbekistan"",""subject:wikidata"":""Q265""}",,,,UZ,,,,
node/13230732247,,,135.3910079,34.6501893,Point,"{""country"":""US"",""flag:name"":""United States of America"",""flag:type"":""national"",""flag:wikidata"":""Q42537"",""man_made"":""flagpole"",""subject"":""United States"",""subject:wikidata"":""Q30""}",,,,US,,,,
node/13230732248,,,135.3910635,34.650245,Point,"{""country"":""TM"",""flag:name"":""Turkmenistan"",""flag:type"":""national"",""flag:wikidata"":""Q41327"",""man_made"":""flagpole"",""subject"":""Turkmenistan"",""subject:wikidata"":""Q874""}",,,,TM,,,,
node/13230732249,,,135.3910822,34.6502648,Point,"{""country"":""TN"",""flag:name"":""Tunisia"",""flag:type"":""national"",""flag:wikidata"":""Q162789"",""man_made"":""flagpole"",""subject"":""Tunisia"",""subject:wikidata"":""Q948""}",,,,TN,,,,
node/13230732250,,,135.3909255,34.6501366,Point,"{""country"":""ZM"",""flag:name"":""Zambia"",""flag:type"":""national"",""flag:wikidata"":""Q170814"",""man_made"":""flagpole"",""subject"":""Zambia"",""subject:wikidata"":""Q953""}",,,,ZM,,,,
node/13230732251,,,135.3908755,34.6500858,Point,"{""flag:name"":""International Solar Alliance"",""flag:short_name"":""ISA"",""flag:type"":""organisation"",""man_made"":""flagpole""}",,,,,,,,
node/13230732252,,,135.3908903,34.6501015,Point,"{""flag:name"":""International Red Cross and Red Crescent Movement"",""flag:short_name"":""IRC"",""flag:type"":""organisation"",""flag:wikidata"":""Q63991554"",""man_made"":""flagpole"",""subject"":""International Red Cross and Red Crescent Movement"",""subject:wikidata"":""Q7178""}",,,,,,,,
node/13230732253,,,135.3908829,34.6500646,Point,"{""flag:name"":""International Thermonuclear Experimental Reactor"",""flag:short_name"":""ITER"",""flag:type"":""organisation"",""man_made"":""flagpole""}",,,,,,,,
node/13230732254,,,135.3908998,34.6500834,Point,"{""flag:name"":""International Science and Technology Center"",""flag:short_name"":""ISTC"",""flag:type"":""organisation"",""man_made"":""flagpole""}",,,,,,,,
node/13230732255,,,135.3908559,34.6500664,Point,"{""flag:name"":""United Nations"",""flag:short_name"":""UN"",""flag:type"":""governmental"",""flag:wikidata"":""Q172446"",""man_made"":""flagpole"",""subject"":""United Nations"",""subject:wikidata"":""Q1065""}",,,,,,,,
node/13230732256,,,135.3909074,34.6501191,Point,"{""flag:name"":""ASEAN"",""flag:type"":""governmental"",""flag:wikidata"":""Q783490"",""man_made"":""flagpole"",""subject"":""ASEAN"",""subject:wikidata"":""Q7768""}",,,,,,,,
node/13230732257,,,135.3914277,34.6506396,Point,"{""country"":""NO"",""flag:name"":""Norway"",""flag:type"":""national"",""flag:wikidata"":""Q83149"",""man_made"":""flagpole"",""subject"":""Norway"",""subject:wikidata"":""Q20""}",,,,NO,,,,
node/13230732258,,,135.3914434,34.6506555,Point,"{""country"":""NG"",""flag:name"":""Nigeria"",""flag:type"":""national"",""flag:wikidata"":""Q102960"",""man_made"":""flagpole"",""subject"":""Nigeria"",""subject:wikidata"":""Q1033""}",,,,NG,,,,
node/13230732259,,,135.3914123,34.6506241,Point,"{""country"":""PK"",""flag:name"":""Pakistan"",""flag:type"":""national"",""flag:wikidata"":""Q128347"",""man_made"":""flagpole"",""subject"":""Pakistan"",""subject:wikidata"":""Q843""}",,,,PK,,,,
node/13230732260,,,135.3914183,34.650607,Point,"{""country"":""PW"",""flag:name"":""Palau"",""flag:type"":""national"",""flag:wikidata"":""Q188609"",""man_made"":""flagpole"",""subject"":""Palau"",""subject:wikidata"":""Q695""}",,,,PW,,,,
node/13230732261,,,135.3914757,34.650688,Point,"{""country"":""MZ"",""flag:name"":""Mozambique"",""flag:type"":""national"",""flag:wikidata"":""Q484249"",""man_made"":""flagpole"",""subject"":""Mozambique"",""subject:wikidata"":""Q1029""}",,,,MZ,,,,
node/13230732262,,,135.3914482,34.6506374,Point,"{""country"":""MK"",""flag:name"":""North Macedonia"",""flag:type"":""national"",""flag:wikidata"":""Q167119"",""man_made"":""flagpole"",""subject"":""North Macedonia"",""subject:wikidata"":""Q221""}",,,,MK,,,,
node/13230732263,,,135.3914338,34.6506227,Point,"{""country"":""OM"",""flag:name"":""Oman"",""flag:type"":""national"",""flag:wikidata"":""Q165550"",""man_made"":""flagpole"",""subject"":""Oman"",""subject:wikidata"":""Q842""}",,,,OM,,,,
node/13230732264,,,135.3914599,34.6506721,Point,"{""country"":""NP"",""flag:name"":""Nepal"",""flag:type"":""national"",""flag:wikidata"":""Q159741"",""man_made"":""flagpole"",""subject"":""Nepal"",""subject:wikidata"":""Q837""}",,,,NP,,,,
node/13230732265,,,135.3914799,34.6506696,Point,"{""country"":""NR"",""flag:name"":""Nauru"",""flag:type"":""national"",""flag:wikidata"":""Q185277"",""man_made"":""flagpole"",""subject"":""Nauru"",""subject:wikidata"":""Q697""}",,,,NR,,,,
node/13230732266,,,135.3914638,34.6506532,Point,"{""country"":""NL"",""flag:name"":""Netherlands"",""flag:type"":""national"",""flag:wikidata"":""Q46585"",""man_made"":""flagpole"",""subject"":""Netherlands"",""subject:wikidata"":""Q55""}",,,,NL,,,,
node/13230732267,,,135.3913704,34.6505818,Point,"{""country"":""PE"",""flag:name"":""Peru"",""flag:type"":""national"",""flag:wikidata"":""Q160255"",""man_made"":""flagpole"",""subject"":""Peru"",""subject:wikidata"":""Q419""}",,,,PE,,,,
node/13230732268,,,135.3913843,34.6505959,Point,"{""country"":""PG"",""flag:name"":""Papua New Guinea"",""flag:type"":""national"",""flag:wikidata"":""Q185271"",""man_made"":""flagpole"",""subject"":""Papua New Guinea"",""subject:wikidata"":""Q691""}",,,,PG,,,,
node/13230732269,,,135.3913396,34.6505508,Point,"{""country"":""QA"",""flag:name"":""Qatar"",""flag:type"":""national"",""flag:wikidata"":""Q172530"",""man_made"":""flagpole"",""subject"":""Qatar"",""subject:wikidata"":""Q846""}",,,,QA,,,,
node/13230732270,,,135.3913542,34.6505655,Point,"{""country"":""PL"",""flag:name"":""Poland"",""flag:type"":""national"",""flag:wikidata"":""Q42436"",""man_made"":""flagpole"",""subject"":""Poland"",""subject:wikidata"":""Q36""}",,,,PL,,,,
node/13230732271,,,135.3913974,34.650609,Point,"{""country"":""PS"",""flag:name"":""State of Palestine"",""flag:type"":""national"",""flag:wikidata"":""Q191731"",""man_made"":""flagpole"",""subject"":""Palestine"",""subject:wikidata"":""Q219060""}",,,,PS,,,,
node/13230732272,,,135.3913889,34.6505771,Point,"{""country"":""PY"",""flag:name"":""Paraguay"",""flag:type"":""national"",""flag:wikidata"":""Q170465"",""man_made"":""flagpole"",""subject"":""Paraguay"",""subject:wikidata"":""Q733""}",,,,PY,,,,
node/13230732273,,,135.3913606,34.6505485,Point,"{""country"":""PT"",""flag:name"":""Portugal"",""flag:type"":""national"",""flag:wikidata"":""Q128812"",""man_made"":""flagpole"",""subject"":""Portugal"",""subject:wikidata"":""Q45""}",,,,PT,,,,
node/13230732274,,,135.391375,34.6505632,Point,"{""country"":""PH"",""flag:name"":""Philippines"",""flag:type"":""national"",""flag:wikidata"":""Q134627"",""man_made"":""flagpole"",""subject"":""Philippines"",""subject:wikidata"":""Q928""}",,,,PH,,,,
node/13230732275,,,135.3914044,34.650593,Point,"{""country"":""PA"",""flag:name"":""Panama"",""flag:type"":""national"",""flag:wikidata"":""Q168941"",""man_made"":""flagpole"",""subject"":""Panama"",""subject:wikidata"":""Q804""}",,,,PA,,,,
node/13230732276,,,135.3912235,34.6504081,Point,"{""country"":""SB"",""flag:name"":""Solomon Islands"",""flag:type"":""national"",""flag:wikidata"":""Q75374"",""man_made"":""flagpole"",""subject"":""Solomon Islands"",""subject:wikidata"":""Q685""}",,,,SB,,,,
node/13230732277,,,135.3912163,34.6504277,Point,"{""country"":""SI"",""flag:name"":""Slovenia"",""flag:type"":""national"",""flag:wikidata"":""Q130807"",""man_made"":""flagpole"",""subject"":""Slovenia"",""subject:wikidata"":""Q215""}",,,,SI,,,,
node/13230732278,,,135.3912347,34.6504461,Point,"{""country"":""SG"",""flag:name"":""Singapore"",""flag:type"":""national"",""flag:wikidata"":""Q483659"",""man_made"":""flagpole"",""subject"":""Singapore"",""subject:wikidata"":""Q334""}",,,,SG,,,,
node/13230732279,,,135.3912417,34.6504265,Point,"{""country"":""SK"",""flag:name"":""Slovakia"",""flag:type"":""national"",""flag:wikidata"":""Q160861"",""man_made"":""flagpole"",""subject"":""Slovakia"",""subject:wikidata"":""Q214""}",,,,SK,,,,
node/13230732280,,,135.3913235,34.6505345,Point,"{""country"":""RW"",""flag:name"":""Rwanda"",""flag:type"":""national"",""flag:wikidata"":""Q170543"",""man_made"":""flagpole"",""subject"":""Rwanda"",""subject:wikidata"":""Q1037""}",,,,RW,,,,
node/13230732281,,,135.3913449,34.6505325,Point,"{""country"":""RO"",""flag:name"":""Romania"",""flag:type"":""national"",""flag:wikidata"":""Q130811"",""man_made"":""flagpole"",""subject"":""Romania"",""subject:wikidata"":""Q218""}",,,,RO,,,,
node/13230732282,,,135.3911712,34.650355,Point,"{""country"":""SR"",""flag:name"":""Suriname"",""flag:type"":""national"",""flag:wikidata"":""Q180725"",""man_made"":""flagpole"",""subject"":""Suriname"",""subject:wikidata"":""Q730""}",,,,SR,,,,
node/13230732283,,,135.3911902,34.6503742,Point,"{""country"":""LK"",""flag:name"":""Sri Lanka"",""flag:type"":""national"",""flag:wikidata"":""Q154823"",""man_made"":""flagpole"",""subject"":""Sri Lanka"",""subject:wikidata"":""Q854""}",,,,LK,,,,
node/13230732284,,,135.3911826,34.6503944,Point,"{""country"":""ES"",""flag:name"":""Spain"",""flag:type"":""national"",""flag:wikidata"":""Q121688"",""man_made"":""flagpole"",""subject"":""Spain"",""subject:wikidata"":""Q29""}",,,,ES,,,,
node/13230732285,,,135.3911995,34.6504108,Point,"{""country"":""SO"",""flag:name"":""Somalia"",""flag:type"":""national"",""flag:wikidata"":""Q159538"",""man_made"":""flagpole"",""subject"":""Somalia"",""subject:wikidata"":""Q1045""}",,,,SO,,,,
node/13230732286,,,135.391207,34.6503922,Point,"{""country"":""SS"",""flag:name"":""South Sudan"",""flag:type"":""national"",""flag:wikidata"":""Q182782"",""man_made"":""flagpole"",""subject"":""South Sudan"",""subject:wikidata"":""Q958""}",,,,SS,,,,
node/13230732287,,,135.391309,34.6505189,Point,"{""country"":""LC"",""flag:name"":""Saint Lucia"",""flag:type"":""national"",""flag:wikidata"":""Q184596"",""man_made"":""flagpole"",""subject"":""St. Lucia"",""subject:wikidata"":""Q760""}",,,,LC,,,,
node/13230732288,,,135.3913002,34.6504872,Point,"{""country"":""SM"",""flag:name"":""San Marino"",""flag:type"":""national"",""flag:wikidata"":""Q168925"",""man_made"":""flagpole"",""subject"":""San Marino"",""subject:wikidata"":""Q238""}",,,,SM,,,,
node/13230732289,,,135.3912835,34.6504703,Point,"{""country"":""SA"",""flag:name"":""Saudi Arabia"",""flag:type"":""national"",""flag:wikidata"":""Q160877"",""man_made"":""flagpole"",""subject"":""Saudi Arabia"",""subject:wikidata"":""Q851""}",,,,SA,,,,
node/13230732290,,,135.3912771,34.6504878,Point,"{""country"":""ST"",""flag:name"":""Sao Tome and Principe"",""flag:type"":""national"",""flag:wikidata"":""Q169907"",""man_made"":""flagpole"",""subject"":""São Tomé and Principe"",""subject:wikidata"":""Q1039""}",,,,ST,,,,
node/13230732291,,,135.3912935,34.6505044,Point,"{""country"":""WS"",""flag:name"":""Samoa"",""flag:type"":""national"",""flag:wikidata"":""Q188477"",""man_made"":""flagpole"",""subject"":""Samoa"",""subject:wikidata"":""Q683""}",,,,WS,,,,
node/13230732292,,,135.3912477,34.6504583,Point,"{""country"":""SC"",""flag:name"":""Seychelles"",""flag:type"":""national"",""flag:wikidata"":""Q173201"",""man_made"":""flagpole"",""subject"":""Seychelles"",""subject:wikidata"":""Q1042""}",,,,SC,,,,
node/13230732293,,,135.3912616,34.6504721,Point,"{""country"":""SN"",""flag:name"":""Senegal"",""flag:type"":""national"",""flag:wikidata"":""Q134933"",""man_made"":""flagpole"",""subject"":""Senegal"",""subject:wikidata"":""Q1041""}",,,,SN,,,,
node/13230732294,,,135.39133,34.6505174,Point,"{""country"":""KN"",""flag:name"":""Saint Kitts and Nevis"",""flag:type"":""national"",""flag:wikidata"":""Q181120"",""man_made"":""flagpole"",""subject"":""St. Kitts and Nevis"",""subject:wikidata"":""Q763""}",,,,KN,,,,
node/13230732295,,,135.3913155,34.6505028,Point,"{""country"":""VC"",""flag:name"":""Saint Vincent and the Grenadines"",""flag:type"":""national"",""flag:wikidata"":""Q184584"",""man_made"":""flagpole"",""subject"":""St. Vincent and the Grenadines"",""subject:wikidata"":""Q757""}",,,,VC,,,,
node/13230732296,,,135.3912684,34.6504548,Point,"{""country"":""RS"",""flag:name"":""Serbia"",""flag:type"":""national"",""flag:wikidata"":""Q163832"",""man_made"":""flagpole"",""subject"":""Serbia"",""subject:wikidata"":""Q403""}",,,,RS,,,,
node/13230732297,,,135.3912556,34.650442,Point,"{""country"":""SL"",""flag:name"":""Sierra Leone"",""flag:type"":""national"",""flag:wikidata"":""Q168912"",""man_made"":""flagpole"",""subject"":""Sierra Leone"",""subject:wikidata"":""Q1044""}",,,,SL,,,,
node/13230732298,,,135.3910915,34.650301,Point,"{""country"":""TG"",""flag:name"":""Togo"",""flag:type"":""national"",""flag:wikidata"":""Q103070"",""man_made"":""flagpole"",""subject"":""Togo"",""subject:wikidata"":""Q945""}",,,,TG,,,,
node/13230732299,,,135.3911152,34.6502981,Point,"{""country"":""TL"",""flag:name"":""Timor-Leste"",""flag:type"":""national"",""flag:wikidata"":""Q30768"",""man_made"":""flagpole"",""subject"":""East Timor"",""subject:wikidata"":""Q574""}",,,,TL,,,,
node/13230732300,,,135.3911333,34.6503158,Point,"{""country"":""TZ"",""flag:name"":""United Republic of Tanzania"",""flag:type"":""national"",""flag:wikidata"":""Q170809"",""man_made"":""flagpole"",""subject"":""Tanzania"",""subject:wikidata"":""Q924""}",,,,TZ,,,,
node/13230742201,,,135.3911525,34.650336,Point,"{""country"":""CH"",""flag:name"":""Switzerland"",""flag:type"":""national"",""flag:wikidata"":""Q124020"",""man_made"":""flagpole"",""subject"":""Switzerland"",""subject:wikidata"":""Q39""}",,,,CH,,,,
node/13230742202,,,135.391127,34.6503377,Point,"{""country"":""TJ"",""flag:name"":""Tajikistan"",""flag:type"":""national"",""flag:wikidata"":""Q160124"",""man_made"":""flagpole"",""subject"":""Tajikistan"",""subject:wikidata"":""Q863""}",,,,TJ,,,,
node/13230742203,,,135.3911461,34.6503569,Point,"{""country"":""SE"",""flag:name"":""Sweden"",""flag:type"":""national"",""flag:wikidata"":""Q81286"",""man_made"":""flagpole"",""subject"":""Sweden"",""subject:wikidata"":""Q34""}",,,,SE,,,,
node/13230742204,,,135.3911087,34.6503183,Point,"{""country"":""TH"",""flag:name"":""Thailand"",""flag:type"":""national"",""flag:wikidata"":""Q134885"",""man_made"":""flagpole"",""subject"":""Thailand"",""subject:wikidata"":""Q869""}",,,,TH,,,,
node/13230742205,,,135.3911649,34.6503758,Point,"{""country"":""SD"",""flag:name"":""Sudan"",""flag:type"":""national"",""flag:wikidata"":""Q102198"",""man_made"":""flagpole"",""subject"":""Sudan"",""subject:wikidata"":""Q1049""}",,,,SD,,,,
node/13230742206,,,135.391402,34.6509927,Point,"{""country"":""IE"",""flag:name"":""Ireland"",""flag:type"":""national"",""flag:wikidata"":""Q82205"",""man_made"":""flagpole"",""subject"":""Republic of Ireland"",""subject:wikidata"":""Q27""}",,,,IE,,,,
node/13230742207,,,135.3915002,34.6506877,Point,"{""country"":""ME"",""flag:name"":""Montenegro"",""flag:type"":""national"",""flag:wikidata"":""Q162980"",""man_made"":""flagpole"",""subject"":""Montenegro"",""subject:wikidata"":""Q236""}",,,,ME,,,,
node/13230742208,,,135.3915389,34.6507539,Point,"{""country"":""MR"",""flag:name"":""Mauritania"",""flag:type"":""national"",""flag:wikidata"":""Q102977"",""man_made"":""flagpole"",""subject"":""Mauritania"",""subject:wikidata"":""Q1025""}",,,,MR,,,,
node/13230742209,,,135.3915104,34.6507043,Point,"{""country"":""MC"",""flag:name"":""Monaco"",""flag:type"":""national"",""flag:wikidata"":""Q159746"",""man_made"":""flagpole"",""subject"":""Monaco"",""subject:wikidata"":""Q235""}",,,,MC,,,,
node/13230742210,,,135.3915277,34.6507297,Point,"{""country"":""FM"",""flag:name"":""Federated States of Micronesia"",""flag:type"":""national"",""flag:wikidata"":""Q190648"",""man_made"":""flagpole"",""subject"":""Federated States of Micronesia"",""subject:wikidata"":""Q702""}",,,,FM,,,,
node/13230742211,,,135.3914891,34.6507025,Point,"{""country"":""MN"",""flag:name"":""Mongolia"",""flag:type"":""national"",""flag:wikidata"":""Q165552"",""man_made"":""flagpole"",""subject"":""Mongolia"",""subject:wikidata"":""Q711""}",,,,MN,,,,
node/13230742212,,,135.3915027,34.6507201,Point,"{""country"":""MD"",""flag:name"":""Moldova"",""flag:type"":""national"",""flag:wikidata"":""Q167584"",""man_made"":""flagpole"",""subject"":""Moldova"",""subject:wikidata"":""Q217""}",,,,MD,,,,
node/13230742213,,,135.3915107,34.6507367,Point,"{""country"":""MU"",""flag:name"":""Mauritius"",""flag:type"":""national"",""flag:wikidata"":""Q173548"",""man_made"":""flagpole"",""subject"":""Mauritius"",""subject:wikidata"":""Q1027""}",,,,MU,,,,
node/13230742214,,,135.3915171,34.6507582,Point,"{""country"":""MH"",""flag:name"":""Marshall Islands"",""flag:type"":""national"",""flag:wikidata"":""Q200260"",""man_made"":""flagpole"",""subject"":""Marshall Islands"",""subject:wikidata"":""Q709""}",,,,MH,,,,
node/13230742215,,,135.3915425,34.6508525,Point,"{""country"":""LT"",""flag:name"":""Lithuania"",""flag:type"":""national"",""flag:wikidata"":""Q81477"",""man_made"":""flagpole"",""subject"":""Lithuania"",""subject:wikidata"":""Q37""}",,,,LT,,,,
node/13230742216,,,135.3914765,34.6509651,Point,"{""country"":""KZ"",""flag:name"":""Kazakhstan"",""flag:type"":""national"",""flag:wikidata"":""Q131650"",""man_made"":""flagpole"",""subject"":""Kazakhstan"",""subject:wikidata"":""Q232""}",,,,KZ,,,,
node/13230742217,,,135.3915448,34.6508284,Point,"{""country"":""MG"",""flag:name"":""Madagascar"",""flag:type"":""national"",""flag:wikidata"":""Q103019"",""man_made"":""flagpole"",""subject"":""Madagascar"",""subject:wikidata"":""Q1019""}",,,,MG,,,,
node/13230742218,,,135.3915452,34.6508025,Point,"{""country"":""MY"",""flag:name"":""Malaysia"",""flag:type"":""national"",""flag:wikidata"":""Q168935"",""man_made"":""flagpole"",""subject"":""Malaysia"",""subject:wikidata"":""Q833""}",,,,MY,,,,
node/13230742219,,,135.3914958,34.6509454,Point,"{""country"":""KR"",""flag:name"":""Korea"",""flag:type"":""national"",""flag:wikidata"":""Q127296"",""man_made"":""flagpole"",""subject"":""South Korea"",""subject:wikidata"":""Q884""}",,,,KR,,,,
node/13230742220,,,135.3915361,34.6508786,Point,"{""country"":""LS"",""flag:name"":""Lesotho"",""flag:type"":""national"",""flag:wikidata"":""Q104969"",""man_made"":""flagpole"",""subject"":""Lesotho"",""subject:wikidata"":""Q1013""}",,,,LS,,,,
node/13230742221,,,135.3915164,34.6509276,Point,"{""country"":""KW"",""flag:name"":""Kuwait"",""flag:type"":""national"",""flag:wikidata"":""Q165545"",""man_made"":""flagpole"",""subject"":""Kuwait"",""subject:wikidata"":""Q817""}",,,,KW,,,,
node/13230742222,,,135.391523,34.6508046,Point,"{""country"":""MW"",""flag:name"":""Malawi"",""flag:type"":""national"",""flag:wikidata"":""Q103001"",""man_made"":""flagpole"",""subject"":""Malawi"",""subject:wikidata"":""Q1020""}",,,,MW,,,,
node/13230742223,,,135.391524,34.650826,Point,"{""country"":""LU"",""flag:name"":""Luxembourg"",""flag:type"":""national"",""flag:wikidata"":""Q133022"",""man_made"":""flagpole"",""subject"":""Luxembourg"",""subject:wikidata"":""Q32""}",,,,LU,,,,
node/13230742224,,,135.3914923,34.65092,Point,"{""country"":""XK"",""flag:name"":""Kosovo"",""flag:type"":""national"",""flag:wikidata"":""Q168711"",""man_made"":""flagpole"",""subject"":""Kosovo"",""subject:wikidata"":""Q1246""}",,,,XK,,,,
node/13230742225,,,135.3915206,34.6508494,Point,"{""country"":""LR"",""flag:name"":""Liberia"",""flag:type"":""national"",""flag:wikidata"":""Q170795"",""man_made"":""flagpole"",""subject"":""Liberia"",""subject:wikidata"":""Q1014""}",,,,LR,,,,
node/13230742226,,,135.3915169,34.6508756,Point,"{""country"":""LV"",""flag:name"":""Latvia"",""flag:type"":""national"",""flag:wikidata"":""Q130449"",""man_made"":""flagpole"",""subject"":""Latvia"",""subject:wikidata"":""Q211""}",,,,LV,,,,
node/13230742227,,,135.3914709,34.6509389,Point,"{""country"":""KE"",""flag:name"":""Kenya"",""flag:type"":""national"",""flag:wikidata"":""Q165905"",""man_made"":""flagpole"",""subject"":""Kenya"",""subject:wikidata"":""Q114""}",,,,KE,,,,
node/13230742228,,,135.3914505,34.6509591,Point,"{""country"":""JO"",""flag:name"":""Jordan"",""flag:type"":""national"",""flag:wikidata"":""Q170064"",""man_made"":""flagpole"",""subject"":""Jordan"",""subject:wikidata"":""Q810""}",,,,JO,,,,
node/6157812911,夢洲コンテナターミナル前,bus_stop,135.3953223,34.6516013,Point,"{""bus"":""yes"",""highway"":""bus_stop"",""name"":""夢洲コンテナターミナル前"",""network"":""3系統コスモドリームライン"",""operator"":""北港観光バス"",""public_transport"":""platform""}",,,,,,,,
node/6157812913,夢洲ヨコレイ前,bus_stop,135.3923559,34.6489174,Point,"{""bus"":""yes"",""highway"":""bus_stop"",""name"":""夢洲ヨコレイ前"",""network"":""3系統コスモドリームライン"",""operator"":""北港観光バス"",""public_transport"":""platform""}",,,,,,,,
relation/18047883,大屋根リング,roof,135.3834925,34.649021649999995,Polygon,"{""architect"":""藤本壮介"",""architect:wikipedia"":""ja:藤本壮介"",""building"":""roof"",""building:colour"":""burlywood"",""building:levels"":""2"",""building:material"":""wood"",""height"":""20"",""layer"":""1"",""mapillary"":""1422695358759332"",""name"":""大屋根リング"",""name:en"":""The Grand Ring"",""name:ja"":""大屋根リング"",""name:zh"":""大屋顶环"",""roof:colour"":""wheat"",""type"":""multipolygon"",""wikidata"":""Q133959805"",""wikipedia"":""ja:大屋根リング""}",,,,,,,,Q133959805
relation/18989247,夢洲浮桟橋（西）,ferry_terminal,135.3843433,34.659478899999996,MultiPolygon,"{""amenity"":""ferry_terminal"",""ferry"":""yes"",""floating"":""yes"",""man_made"":""pier"",""name"":""夢洲浮桟橋（西）"",""name:en"":""Yumeshima Floating Pier (West)"",""name:ja"":""夢洲浮桟橋（西）"",""public_transport"":""station"",""type"":""multipolygon""}",ferry_terminal,,,,,,,
relation/19097806,,garden,135.3755989,34.651757399999994,Polygon,"{""leisure"":""garden"",""type"":""multipolygon""}",,,,,,,,
relation/19167804,,water,135.38660620000002,34.648323950000005,Polygon,"{""natural"":""water"",""type"":""multipolygon"",""water"":""pond""}",,,,,,,,
way/131094702,夢洲,coastline,135.38871690000002,34.65097955,Polygon,"{""alt_name:zh"":""梦岛"",""alt_name:zh-Hans"":""梦岛"",""alt_name:zh-Hant"":""夢島"",""name"":""夢洲"",""name:en"":""Yumeshima Island"",""name:ja"":""夢洲"",""name:ja-Hira"":""ゆめしま"",""name:ja-Latn"":""Yumeshima"",""name:zh"":""梦洲"",""name:zh-Hans"":""梦洲"",""name:zh-Hant"":""夢洲"",""natural"":""coastline"",""place"":""island"",""source"":""YahooJapan/ALPSMAP"",""wikidata"":""Q11431648"",""wikimedia_commons"":""Category:Yumeshima"",""wikipedia"":""ja:夢洲""}",,,,,,,,Q11431648
way/1350834624,コモンズ-C,yes,135.3820586,34.64979115,Polygon,"{""alt_name"":""コモンズC"",""building"":""yes"",""building:levels"":""2"",""name"":""コモンズ-C"",""name:en"":""Commons-C"",""name:ja"":""コモンズ-C"",""name:zh"":""共享空间-C"",""ref"":""S01"",""roof:shape"":""flat"",""wikidata"":""Q136557924"",""wikimedia_commons"":""File:大阪・関西万博 コモンズ館C.jpg""}",,,,,,,,Q136557924
way/1350834625,コモンズ-A,yes,135.3850086,34.6501619,Polygon,"{""alt_name"":""コモンズA"",""building"":""yes"",""building:colour"":""dimgray"",""building:levels"":""1"",""mapillary"":""2531369107237094"",""name"":""コモンズ-A"",""name:en"":""Commons-A"",""name:ja"":""コモンズ-A"",""name:zh"":""共享空间-A"",""ref"":""P03"",""roof:colour"":""silver"",""roof:shape"":""flat"",""wikidata"":""Q136557852"",""wikimedia_commons"":""File:コモンズA（キルギス・スリランカ・イエメン 他26カ国）パビリオン.jpg""}",,,,,,,,Q136557852
way/1350834627,リングサイドマーケットプレイス西,retail,135.3833448,34.6523737,Polygon,"{""building"":""retail"",""building:colour"":""gray"",""building:levels"":""2"",""name"":""リングサイドマーケットプレイス西"",""name:en"":""West Ringside Marketplace"",""name:ja"":""リングサイドマーケットプレイス西"",""roof:colour"":""lightgray""}",,,,,,,,
way/1350834630,コモンズ-B,yes,135.3820758,34.65037965,Polygon,"{""alt_name"":""コモンズB"",""building"":""yes"",""building:levels"":""2"",""name"":""コモンズ-B"",""name:en"":""Commons-B"",""name:ja"":""コモンズ-B"",""name:zh"":""共享空间-B"",""ref"":""C23"",""roof:shape"":""flat"",""wikidata"":""Q136557904"",""wikimedia_commons"":""File:大阪・関西万博 コモンズ館B.jpg""}",,,,,,,,Q136557904
way/1350834632,コモンズ-D,yes,135.3812148,34.6489792,Polygon,"{""alt_name"":""コモンズD"",""building"":""yes"",""building:colour"":""dimgray"",""building:levels"":""2"",""mapillary"":""1826434184756102"",""name"":""コモンズ-D"",""name:en"":""Commons-D"",""name:ja"":""コモンズ-D"",""name:zh"":""共享空间-D"",""ref"":""S14"",""roof:colour"":""silver"",""roof:shape"":""flat"",""wikidata"":""Q136558071"",""wikimedia_commons"":""File:EXPO 2025 Commons-D Pavilion.jpg""}",,,,,,,,Q136558071
way/1350834633,"EXPOメッセ ""WASSE""",yes,135.37921805000002,34.649201,Polygon,"{""building"":""yes"",""building:levels"":""2"",""name"":""EXPOメッセ \""WASSE\"""",""name:en"":""EXPO Exhibition Center \""WASSE\"""",""roof:shape"":""flat"",""website"":""https://www.expo2025.or.jp/expo-map-index/main-facilities/expomesse/"",""wikidata"":""Q136600164""}",,,,,,,https://www.expo2025.or.jp/expo-map-index/main-facilities/expomesse/,Q136600164
way/1352490477,夢洲,train_station,135.38961095000002,34.651705899999996,Polygon,"{""building"":""train_station"",""name"":""夢洲"",""name:en"":""Yumeshima"",""name:ja"":""夢洲"",""name:ja-Hira"":""ゆめしま"",""roof:colour"":""#FFFFFF"",""roof:shape"":""round""}",,,,,,,,
way/1352583140,,fence,135.39066960000002,34.65156175,LineString,"{""barrier"":""fence""}",,,,,,,,
way/1352583141,,fence,135.3913371,34.6504941,LineString,"{""barrier"":""fence""}",,,,,,,,
way/1352583142,,fence,135.3913915,34.65094315,LineString,"{""barrier"":""fence""}",,,,,,,,
way/1352583153,,fence,135.3897087,34.6518456,LineString,"{""barrier"":""fence""}",,,,,,,,
way/1352583154,,fence,135.38921084999998,34.65154885,LineString,"{""barrier"":""fence""}",,,,,,,,
way/1352583155,,fence,135.3889936,34.65128515,LineString,"{""barrier"":""fence""}",,,,,,,,
way/1354425212,,fence,135.3972933,34.6559691,LineString,"{""barrier"":""fence""}",,,,,,,,
way/1354425228,,fence,135.39471215,34.65385765,LineString,"{""barrier"":""fence""}",,,,,,,,
way/1354425237,,fence,135.39149745,34.65080355,LineString,"{""barrier"":""fence""}",,,,,,,,
way/1354425238,,fence,135.3918167,34.6509415,LineString,"{""barrier"":""fence""}",,,,,,,,
way/1354431963,,fence,135.39703215,34.6549176,LineString,"{""barrier"":""fence""}",,,,,,,,
way/1365419649,風の広場 マーケットプレイスA,yes,135.37669110000002,34.6528617,Polygon,"{""building"":""yes"",""name"":""風の広場 マーケットプレイスA""}",,,,,,,,
way/1365419650,風の広場 マーケットプレイスB,yes,135.3769196,34.6532598,Polygon,"{""building"":""yes"",""name"":""風の広場 マーケットプレイスB"",""name:ja"":""風の広場 マーケットプレイスB""}",,,,,,,,
way/1365419651,風の広場 マーケットプレイスC,yes,135.3766405,34.65353025,Polygon,"{""building"":""yes"",""name"":""風の広場 マーケットプレイスC"",""name:ja"":""風の広場 マーケットプレイスC""}",,,,,,,,
way/1365419652,風の広場 マーケットプレイスD,yes,135.37637905000003,34.653904600000004,Polygon,"{""building"":""yes"",""name"":""風の広場 マーケットプレイスD"",""name:ja"":""風の広場 マーケットプレイスD"",""was:amenity"":""toilets""}",,,,,,,,
way/1365419667,,toilets,135.37529189999998,34.65353575,Polygon,"{""access"":""yes"",""amenity"":""toilets"",""building"":""yes"",""capacity:female"":""8"",""capacity:male"":""10"",""capacity:unisex"":""1"",""changing_table"":""yes"",""check_date"":""2025-05-17"",""female"":""yes"",""male"":""yes"",""toilets:disposal"":""flush"",""unisex"":""no"",""wheelchair"":""yes""}",toilets,,,,yes,,,
way/1365419673,,bandstand,135.37490365000002,34.652165,Polygon,"{""access"":""customers"",""building"":""roof"",""layer"":""1"",""leisure"":""bandstand""}",,,,,,,,
way/1365419857,西ゲートアクセシビリティセンター,yes,135.3789757,34.6512472,Polygon,"{""building"":""yes"",""building:levels"":""1"",""name"":""西ゲートアクセシビリティセンター"",""name:en"":""West Gate Accessibility Center"",""name:ja"":""西ゲートアクセシビリティセンター"",""roof:shape"":""flat""}",,,,,,,,
way/1365419864,西ゲート,gatehouse,135.37706,34.6515897,Polygon,"{""building"":""gatehouse"",""building:levels"":""1"",""mapillary"":""1780793256151173"",""name"":""西ゲート"",""name:en"":""West Gate"",""name:ja"":""西ゲート"",""wikidata"":""Q136603474"",""wikimedia_commons"":""File:大阪・関西万博 西ゲート広場.jpg""}",,,,,,,,Q136603474
way/1366025797,,garden,135.38104945,34.651483549999995,Polygon,"{""leisure"":""garden""}",,,,,,,,
way/1366025810,タマー,yes,135.3797748,34.6501273,Polygon,"{""building"":""yes"",""building:levels"":""3"",""name"":""タマー"",""roof:colour"":""darkorange"",""roof:shape"":""dome""}",,,,,,,,
way/1366025812,,stage,135.37964914999998,34.6497982,Polygon,"{""amenity"":""stage"",""building"":""yes""}",stage,,,,,,,
way/1366025815,トイレ3,toilets,135.37958445,34.6486048,Polygon,"{""amenity"":""toilets"",""building"":""yes"",""building:levels"":""1"",""check_date"":""2025-06-21"",""female"":""yes"",""male"":""yes"",""name"":""トイレ3"",""roof:shape"":""gabled"",""unisex"":""yes"",""wheelchair"":""yes""}",toilets,,,,yes,,,
way/1366032374,XD HALL,yes,135.38713635,34.65134705,Polygon,"{""building"":""yes"",""building:levels"":""2"",""mapillary"":""589673420229365"",""name"":""XD HALL"",""name:en"":""XD HALL"",""roof:shape"":""flat""}",,,,,,,,
way/1366032379,関西パビリオン,exhibition_centre,135.38667850000002,34.65096885,Polygon,"{""amenity"":""exhibition_centre"",""check_date"":""2025-05-28"",""name"":""関西パビリオン"",""name:en"":""Kansai Pavilion"",""name:ja"":""関西パビリオン"",""name:zh"":""关西馆"",""ref"":""E01"",""reservation"":""yes"",""website"":""https://www.expo2025.or.jp/domestic-pv/kansai-pv/"",""wikidata"":""Q136513535"",""wikimedia_commons"":""File:関西 パビリオン.jpg""}",exhibition_centre,,,,,,https://www.expo2025.or.jp/domestic-pv/kansai-pv/,Q136513535
way/1366032381,リングサイドマーケットプレイス東,retail,135.38559220000002,34.651752,Polygon,"{""building"":""retail"",""building:colour"":""gray"",""building:levels"":""1"",""name"":""リングサイドマーケットプレイス東"",""name:en"":""East Ringside Marketplace"",""name:ja"":""リングサイドマーケットプレイス東"",""roof:colour"":""lightgray"",""roof:shape"":""flat""}",,,,,,,,
way/1366032390,コモンズ-F館,yes,135.38478594999998,34.651268599999995,Polygon,"{""alt_name"":""コモンズF"",""building"":""yes"",""building:colour"":""dimgray"",""building:levels"":""2"",""name"":""コモンズ-F館"",""name:en"":""Commons-F"",""name:ja"":""コモンズ-F館"",""ref"":""C05"",""roof:colour"":""lightgray"",""wikidata"":""Q136558129"",""wikimedia_commons"":""File:コモンズF（アルメニア・カザフスタン・ブルネイ） パビリオン.jpg""}",,,,,,,,Q136558129
way/1366067862,サテライトスタジオ西,yes,135.3811285,34.6479372,Polygon,"{""building"":""yes"",""building:levels"":""1"",""name"":""サテライトスタジオ西"",""name:en"":""West Satellite Studio"",""name:ja"":""サテライトスタジオ西""}",,,,,,,,
way/1366067868,コモンズ-E,yes,135.38217889999999,34.64906765,Polygon,"{""alt_name"":""コモンズE"",""building"":""yes"",""building:levels"":""1"",""name"":""コモンズ-E"",""name:en"":""COMMONS-E"",""name:ja"":""コモンズ-E"",""name:zh"":""共享空间-E"",""ref"":""S17"",""roof:shape"":""flat"",""wikidata"":""Q136558119"",""wikimedia_commons"":""File:EXPO2025 COMMONS-E.jpg""}",,,,,,,,Q136558119
way/1366067876,ウォータープラザマーケットプレイス西,yes,135.38065369999998,34.6480141,Polygon,"{""building"":""yes"",""building:colour"":""dimgray"",""building:levels"":""2"",""name"":""ウォータープラザマーケットプレイス西"",""name:en"":""Water Plaza Marketplace West"",""name:ja"":""ウォータープラザマーケットプレイス西"",""roof:colour"":""dimgray""}",,,,,,,,
way/1366073314,エンブリオ,yes,135.38259365,34.6478964,Polygon,"{""building"":""yes"",""building:levels"":""2"",""name"":""エンブリオ""}",,,,,,,,
way/1366073321,森の集会所,yes,135.383151,34.649178750000004,Polygon,"{""building"":""yes"",""building:levels"":""2"",""name"":""森の集会所"",""roof:shape"":""gabled""}",,,,,,,,
way/1366073329,,water,135.38395645,34.6499282,Polygon,"{""natural"":""water"",""water"":""pond""}",,,,,,,,
way/1366073330,,water,135.38336735000001,34.650046950000004,Polygon,"{""natural"":""water"",""water"":""pond""}",,,,,,,,
way/1366073331,,water,135.38360054999998,34.649952299999995,Polygon,"{""natural"":""water"",""water"":""pond""}",,,,,,,,
way/1366073334,静けさの森,park,135.38359830000002,34.649956200000005,Polygon,"{""leisure"":""park"",""name"":""静けさの森"",""name:en"":""Forest of Tranquility"",""name:ja"":""静けさの森"",""website"":""https://forest-expo2025.jp/"",""wikidata"":""Q136674288""}",,,,,,,https://forest-expo2025.jp/,Q136674288
way/1366083927,夢洲の庭,yes,135.38513905000002,34.64736885,Polygon,"{""building"":""yes"",""building:levels"":""1"",""layer"":""1"",""name"":""夢洲の庭"",""name:en"":""GARDEN FOR YUMESHIMA"",""roof:shape"":""flat""}",,,,,,,,
way/1366083928,ウォータープラザマーケットプレイス東,yes,135.3851899,34.646930049999995,Polygon,"{""building"":""yes"",""building:colour"":""dimgray"",""building:levels"":""2"",""name"":""ウォータープラザマーケットプレイス東"",""name:en"":""Water Plaza Marketplace East"",""roof:colour"":""silver"",""roof:shape"":""flat""}",,,,,,,,
way/1366083929,サテライトスタジオ東,yes,135.38467925,34.647047099999995,Polygon,"{""building"":""yes"",""building:levels"":""1"",""layer"":""1"",""name"":""サテライトスタジオ東"",""name:en"":""East Satellite Studio"",""roof:shape"":""flat""}",,,,,,,,
way/1366083943,団体休憩所,shelter,135.38495145000002,34.6482673,Polygon,"{""amenity"":""shelter"",""building"":""yes"",""building:levels"":""2"",""name"":""団体休憩所"",""name:en"":""Group rest area"",""name:ja"":""団体休憩所"",""ref"":""P25"",""roof:shape"":""flat"",""shelter_type"":""picnic_shelter""}",shelter,,,,,,,
way/1366083951,フェスティバル・ステーション,yes,135.3857271,34.64876505,Polygon,"{""building"":""yes"",""building:levels"":""2"",""name"":""フェスティバル・ステーション"",""name:en"":""Festival Station"",""name:ja"":""フェスティバル・ステーション"",""name:zh"":""四季馆"",""roof:shape"":""gabled"",""website"":""https://www.expo2025.or.jp/expo-map-index/main-facilities/festival_st/""}",,,,,,,https://www.expo2025.or.jp/expo-map-index/main-facilities/festival_st/,
way/1366083961,ポップアップステージ東内,stage,135.3864303,34.64956565,Polygon,"{""amenity"":""stage"",""building"":""roof"",""check_date"":""2025-04-20"",""layer"":""1"",""name"":""ポップアップステージ東内""}",stage,,,,,,,
way/1366083964,,food_court,135.3855122,34.650191750000005,Polygon,"{""amenity"":""food_court"",""building"":""roof"",""check_date"":""2025-04-20"",""roof:colour"":""white"",""roof:shape"":""gabled""}",food_court,,,,,,,
way/1366084855,東ゲートアクセシビリティセンター,yes,135.389118,34.65102,Polygon,"{""building"":""yes"",""building:levels"":""1"",""name"":""東ゲートアクセシビリティセンター"",""name:en"":""East Gate Accessibility Center"",""name:ja"":""東ゲートアクセシビリティセンター"",""roof:shape"":""flat""}",,,,,,,,
way/1366084856,東ゲート,gatehouse,135.3895677,34.65035405,Polygon,"{""building"":""gatehouse"",""mapillary"":""2342846749423237"",""name"":""東ゲート"",""name:en"":""East Gate"",""name:ja"":""東ゲート"",""name:zh"":""东门"",""wikidata"":""Q136603672"",""wikimedia_commons"":""File:Expo 2025 East Gate 01.JPG""}",,,,,,,,Q136603672
way/1366084860,東ゲートマーケットプレイス,yes,135.3898714,34.64939029999999,Polygon,"{""building"":""yes"",""name"":""東ゲートマーケットプレイス"",""name:en"":""east gate marketplace""}",,,,,,,,
way/1374634897,,scrub,135.393609,34.6534855,Polygon,"{""natural"":""scrub""}",,,,,,,,
way/1377171235,夢洲第1交通ターミナル,bus_station,135.3788562,34.65254775,Polygon,"{""amenity"":""bus_station"",""bus"":""yes"",""name"":""夢洲第1交通ターミナル"",""name:zh"":""梦岛第1交通枢纽"",""public_transport"":""station""}",bus_station,,,,,,,
way/1377171243,夢洲第2交通ターミナル,bus_station,135.38182755,34.65571675,Polygon,"{""amenity"":""bus_station"",""bus"":""yes"",""name"":""夢洲第2交通ターミナル"",""public_transport"":""station""}",bus_station,,,,,,,
way/1377215427,,shelter,135.38542805,34.6508789,Polygon,"{""amenity"":""shelter"",""shelter_type"":""picnic_shelter""}",shelter,,,,,,,
way/1377215429,,shelter,135.38539229999998,34.65093175,Polygon,"{""amenity"":""shelter"",""shelter_type"":""picnic_shelter""}",shelter,,,,,,,
way/1377350307,,water,135.3765575,34.648752,Polygon,"{""natural"":""water""}",,,,,,,,
way/1377350308,,water,135.37595115,34.65016545,Polygon,"{""natural"":""water""}",,,,,,,,
way/1377350314,事務所棟3,yes,135.38208114999998,34.6495546,Polygon,"{""building"":""yes"",""building:levels"":""2"",""name"":""事務所棟3"",""roof:shape"":""flat""}",,,,,,,,
way/1377354639,トイレ7,toilets,135.38301895,34.6475018,Polygon,"{""amenity"":""toilets"",""building"":""yes"",""female"":""yes"",""male"":""yes"",""name"":""トイレ7"",""unisex"":""no"",""wheelchair"":""yes""}",toilets,,,,yes,,,
way/1377354640,トイレ8,toilets,135.38270260000002,34.647581900000006,Polygon,"{""amenity"":""toilets"",""building"":""yes"",""female"":""yes"",""male"":""yes"",""name"":""トイレ8"",""unisex"":""no"",""wheelchair"":""yes""}",toilets,,,,yes,,,
way/1377415351,舞洲北側待合所,shelter,135.3967121,34.6573662,Polygon,"{""amenity"":""shelter"",""building"":""yes"",""level"":""1"",""name"":""舞洲北側待合所""}",shelter,,,,,,,
way/1377415353,夢洲浮桟橋（東）,ferry_terminal,135.3964812,34.65769925,Polygon,"{""amenity"":""ferry_terminal"",""covered"":""yes"",""ferry"":""yes"",""floating"":""yes"",""man_made"":""pier"",""name"":""夢洲浮桟橋（東）"",""name:en"":""Yumeshima Floating Pier (East)"",""name:ja"":""夢洲浮桟橋（東）"",""public_transport"":""station""}",ferry_terminal,,,,,,,
way/1377415357,,shelter,135.38363135,34.65939655,Polygon,"{""amenity"":""shelter"",""building"":""yes"",""shelter_type"":""public_transport""}",shelter,,,,,,,
way/1377754315,,water,135.38385195,34.65149495,Polygon,"{""natural"":""water""}",,,,,,,,
way/1377763364,つながりの海,water,135.38192525,34.645835399999996,Polygon,"{""name"":""つながりの海"",""name:ja"":""つながりの海"",""natural"":""water"",""water"":""basin""}",,,,,,,,
way/1377763365,,water,135.38282895,34.6470198,Polygon,"{""natural"":""water"",""water"":""basin""}",,,,,,,,
way/1377772304,JAPANマルシェ,yes,135.38853525000002,34.6487429,Polygon,"{""building"":""yes"",""building:levels"":""1"",""name"":""JAPANマルシェ"",""name:en"":""JAPAN Marche"",""name:ja"":""ジャパンマルシェ"",""roof:shape"":""flat""}",,,,,,,,
way/1377772323,,water,135.3763191,34.647611850000004,Polygon,"{""natural"":""water""}",,,,,,,,
way/1377772337,,water,135.38512459999998,34.65872935,Polygon,"{""natural"":""water""}",,,,,,,,
way/1377940734,,water,135.38334344999998,34.649567,Polygon,"{""intermittent"":""yes"",""natural"":""water"",""water"":""basin""}",,,,,,,,
way/1377957820,,,135.38249424999998,34.6507341,Polygon,"{""access"":""private"",""area:highway"":""service""}",,,,,,,,
way/1377972315,,water,135.37991075000002,34.6582991,Polygon,"{""natural"":""water""}",,,,,,,,
way/1377972316,,water,135.37825149999998,34.6581351,Polygon,"{""natural"":""water""}",,,,,,,,
way/1377972317,,water,135.3777541,34.6565399,Polygon,"{""natural"":""water""}",,,,,,,,
way/1378044624,,,135.38292445000002,34.64876745,Polygon,"{""access"":""private"",""area:highway"":""service""}",,,,,,,,
way/1378044625,,,135.3839105,34.64779445,Polygon,"{""access"":""private"",""area:highway"":""service""}",,,,,,,,
way/1378044626,,,135.382226,34.648265550000005,Polygon,"{""access"":""private"",""area:highway"":""service""}",,,,,,,,
way/1378205182,,fence,135.3840017,34.6592691,LineString,"{""barrier"":""fence""}",,,,,,,,
way/1378835792,,,135.38492255,34.64851485,Polygon,"{""access"":""private"",""area:highway"":""service""}",,,,,,,,
way/1378838438,,,135.37925765,34.64964515,Polygon,"{""access"":""private"",""area:highway"":""service""}",,,,,,,,
way/1378838439,,,135.38086775,34.6515343,Polygon,"{""access"":""private"",""area:highway"":""service""}",,,,,,,,
way/1378838440,,,135.3852597,34.6505486,Polygon,"{""access"":""private"",""area:highway"":""service""}",,,,,,,,
way/1378838448,,,135.3815304,34.649218149999996,Polygon,"{""access"":""private"",""area:highway"":""service""}",,,,,,,,
way/1378865572,EARTH TABLE 〜未来食堂〜,food_court,135.38280730000002,34.64962715,Polygon,"{""amenity"":""food_court"",""building"":""yes"",""building:levels"":""1"",""name"":""EARTH TABLE 〜未来食堂〜"",""name:zh"":""未来食堂"",""roof:shape"":""flat""}",food_court,,,,,,,
way/1378868173,,,135.38828495,34.6483018,Polygon,"{""access"":""private"",""area:highway"":""service""}",,,,,,,,
way/1378868174,,,135.38751875,34.647090750000004,Polygon,"{""access"":""private"",""area:highway"":""service""}",,,,,,,,
way/1379324925,休憩所4,structure,135.38431055,34.65012145,Polygon,"{""name"":""休憩所4"",""playground"":""structure"",""shelter_type"":""picnic_shelter"",""historic:amenity"":""shelter"",""area"":""yes""}",,,,,,,,
way/1379324928,,fence,135.3825037,34.6497977,LineString,"{""barrier"":""fence""}",,,,,,,,
way/1379324938,,hedge,135.38106714999998,34.650394000000006,LineString,"{""barrier"":""hedge""}",,,,,,,,
way/1379324940,,bench,135.38107655,34.65040195,LineString,"{""amenity"":""bench"",""backrest"":""yes""}",bench,,,,,,,
way/1380578311,モビリティエクスペリエンス,exhibition_centre,135.3771665,34.65556235,Polygon,"{""amenity"":""exhibition_centre"",""name"":""モビリティエクスペリエンス"",""name:en"":""Mobility Experience"",""name:ja"":""モビリティエクスペリエンス"",""ref"":""L04""}",exhibition_centre,,,,,,,
way/1380586192,NTTパビリオン,exhibition_centre,135.38798509999998,34.6506103,Polygon,"{""amenity"":""exhibition_centre"",""mapillary"":""1663886037612074"",""name"":""NTTパビリオン"",""name:en"":""NTT Pavilion"",""name:ja"":""NTTパビリオン"",""ref"":""E03"",""reservation"":""yes"",""website"":""https://www.expo2025.or.jp/domestic-pv/ntt/"",""wikidata"":""Q136565277"",""wikimedia_commons"":""File:Expo 2025 NTT Pavilion 01.JPG""}",exhibition_centre,,,,,,https://www.expo2025.or.jp/domestic-pv/ntt/,Q136565277
way/1380667435,,water,135.38063219999998,34.65121105,Polygon,"{""natural"":""water"",""water"":""pond""}",,,,,,,,
way/1380667436,デジタルウォレットパーク,exhibition_centre,135.38455015,34.651125050000005,Polygon,"{""amenity"":""exhibition_centre"",""name"":""デジタルウォレットパーク"",""name:en"":""Digital Wallet Park"",""name:ja"":""デジタルウォレットパーク"",""ref"":""C06"",""reservation"":""no"",""website"":""https://www.expo2025.or.jp/digitalwallet/"",""wikimedia_commons"":""File:Expo 2025 Digiral Wallet Park 01.JPG""}",exhibition_centre,,,,,,https://www.expo2025.or.jp/digitalwallet/,
way/1380667437,団体休憩所,shelter,135.38249365,34.6489998,Polygon,"{""amenity"":""shelter"",""name"":""団体休憩所"",""name:ja"":""団体休憩所"",""name:zh"":""团队休息所"",""ref"":""S18"",""shelter_type"":""picnic_shelter"",""wikimedia_commons"":""File:EXPO2025-kyukei-a.jpg""}",shelter,,,,,,,
way/1381291575,,fence,135.3888765,34.651323950000005,LineString,"{""barrier"":""fence""}",,,,,,,,
way/1381291576,,fence,135.38838520000002,34.65098845,LineString,"{""barrier"":""fence""}",,,,,,,,
way/1381291577,,picnic_site,135.38688505,34.65048255,Polygon,"{""picnic_table"":""yes"",""tourism"":""picnic_site""}",,picnic_site,,,,,,
way/1381291584,,fence,135.38660405000002,34.651587250000006,LineString,"{""barrier"":""fence""}",,,,,,,,
way/1381291585,,fence,135.38656895000003,34.65141,LineString,"{""barrier"":""fence""}",,,,,,,,
way/1381291586,,fence,135.38639425,34.6510217,LineString,"{""barrier"":""fence""}",,,,,,,,
way/1381306369,インドネシアパビリオン,exhibition_centre,135.3820077,34.651050749999996,Polygon,"{""alt_name"":""インドネシア館"",""amenity"":""exhibition_centre"",""country"":""ID"",""mapillary"":""29638943742387198"",""name"":""インドネシアパビリオン"",""name:en"":""Indonesia Pavilion"",""name:zh"":""印度尼西亚馆"",""ref"":""C16"",""reservation"":""no"",""website"":""https://www.expo2025.or.jp/official-participant/indonesia/"",""wikidata"":""Q136564581"",""wikimedia_commons"":""File:Indonesia Pavilion - EXPO 2025.jpg""}",exhibition_centre,,,ID,,,https://www.expo2025.or.jp/official-participant/indonesia/,Q136564581
way/1381306370,オーストラリアパビリオン,exhibition_centre,135.38234165,34.65110005,Polygon,"{""alt_name"":""オーストラリア館"",""amenity"":""exhibition_centre"",""country"":""AU"",""name"":""オーストラリアパビリオン"",""name:en"":""Australia Pavilion"",""name:ja"":""オーストラリアパビリオン"",""name:zh"":""澳大利亚馆"",""ref"":""C15"",""reservation"":""recommended"",""short_name"":""豪州館"",""website"":""https://www.expo2025.or.jp/official-participant/australia/"",""wikidata"":""Q136513248"",""wikimedia_commons"":""File:大阪・関西万博 オーストラリアパビリオン.jpg""}",exhibition_centre,,,AU,,,https://www.expo2025.or.jp/official-participant/australia/,Q136513248
way/1381306371,サウジアラビア王国館,exhibition_centre,135.382658,34.6511448,Polygon,"{""alt_name"":""サウジアラビアパビリオン"",""amenity"":""exhibition_centre"",""country"":""SA"",""name"":""サウジアラビア王国館"",""name:en"":""Saudi Arabia Pavilion"",""name:zh"":""沙特阿拉伯馆"",""ref"":""C14"",""reservation"":""no"",""short_name"":""サウジアラビア館"",""website"":""https://www.expo2025.or.jp/official-participant/saudi-arabia__trashed/"",""wikidata"":""Q136565171"",""wikimedia_commons"":""File:大阪・関西万博 サウジアラビアパビリオン.jpg""}",exhibition_centre,,,SA,,,https://www.expo2025.or.jp/official-participant/saudi-arabia__trashed/,Q136565171
way/1381316108,ルクセンブルクパビリオン,exhibition_centre,135.38560984999998,34.650746999999996,Polygon,"{""alt_name"":""ルクセンブルク館"",""amenity"":""exhibition_centre"",""check_date"":""2025-05-28"",""country"":""LU"",""name"":""ルクセンブルクパビリオン"",""name:en"":""Luxembourg Pavilion"",""name:ja"":""ルクセンブルクパビリオン"",""name:zh"":""卢森堡馆"",""ref"":""C02"",""reservation"":""no"",""website"":""https://www.expo2025.or.jp/official-participant/luxembourg/"",""wikidata"":""Q136564689"",""wikimedia_commons"":""File:大阪・関西万博 ルクセンブルクパビリオン.jpg""}",exhibition_centre,,,LU,,,https://www.expo2025.or.jp/official-participant/luxembourg/,Q136564689
way/1381316109,モナコ館,exhibition_centre,135.3837985,34.6512915,Polygon,"{""alt_name"":""モナコパビリオン"",""amenity"":""exhibition_centre"",""country"":""MC"",""name"":""モナコ館"",""name:en"":""Principality of Monaco Pavilion"",""name:ja"":""モナコ館"",""name:zh"":""摩纳哥馆"",""ref"":""C10"",""reservation"":""no"",""website"":""https://www.expo2025.or.jp/official-participant/monaco/"",""wikidata"":""Q136564720"",""wikimedia_commons"":""File:EXPO2025 Principality of Monaco Pavilion.jpg""}",exhibition_centre,,,MC,,,https://www.expo2025.or.jp/official-participant/monaco/,Q136564720
way/1381316110,マレーシアパビリオン,exhibition_centre,135.38588225,34.65018525,Polygon,"{""alt_name"":""マレーシア館"",""amenity"":""exhibition_centre"",""country"":""MY"",""name"":""マレーシアパビリオン"",""name:en"":""Malaysia Pavilion"",""name:ja"":""マレーシアパビリオン"",""name:zh"":""马来西亚馆"",""ref"":""P02"",""reservation"":""no"",""website"":""https://www.expo2025.or.jp/official-participant/malaysia/"",""wikidata"":""Q136564698"",""wikimedia_commons"":""File:マレーシア パビリオン.jpg""}",exhibition_centre,,,MY,,,https://www.expo2025.or.jp/official-participant/malaysia/,Q136564698
way/1381316111,マルタパビリオン,exhibition_centre,135.38392885000002,34.647506899999996,Polygon,"{""alt_name"":""マルタ館"",""amenity"":""exhibition_centre"",""country"":""MT"",""mapillary"":""1219168416580989"",""name"":""マルタパビリオン"",""name:en"":""Malta Pavilion"",""name:ja"":""マルタパビリオン"",""ref"":""P37"",""reservation"":""no"",""website"":""https://www.expo2025.or.jp/official-participant/malta/"",""wikidata"":""Q136564711"",""wikimedia_commons"":""File:大阪・関西万博 マルタパビリオン.jpg""}",exhibition_centre,,,MT,,,https://www.expo2025.or.jp/official-participant/malta/,Q136564711
way/1381316112,ポルトガルパビリオン,exhibition_centre,135.38580050000002,34.64748015,Polygon,"{""alt_name"":""ポルトガル館"",""amenity"":""exhibition_centre"",""country"":""PT"",""name"":""ポルトガルパビリオン"",""name:en"":""Portugal Pavilion"",""name:ja"":""ポルトガルパビリオン"",""name:zh"":""葡萄牙馆"",""ref"":""P20"",""reservation"":""no"",""website"":""https://www.expo2025.or.jp/official-participant/portugal/"",""wikidata"":""Q10872760"",""wikimedia_commons"":""File:Expo2025-PortugalPavilion.jpg""}",exhibition_centre,,,PT,,,https://www.expo2025.or.jp/official-participant/portugal/,Q10872760
way/1381316113,ベルギーパビリオン,exhibition_centre,135.38063384999998,34.64992085,Polygon,"{""alt_name"":""ベルギー館"",""amenity"":""exhibition_centre"",""country"":""BE"",""mapillary"":""948616543891783"",""name"":""ベルギーパビリオン"",""name:en"":""Belgian Pavilion"",""name:ja"":""ベルギーパビリオン"",""ref"":""S08"",""reservation"":""no"",""website"":""https://www.expo2025.or.jp/official-participant/belgium/"",""wikidata"":""Q136513385"",""wikimedia_commons"":""File:大阪・関西万博 ベルギーパビリオン.jpg""}",exhibition_centre,,,BE,,,https://www.expo2025.or.jp/official-participant/belgium/,Q136513385
way/1381316114,ポーランドパビリオン,exhibition_centre,135.38190045,34.6483533,Polygon,"{""alt_name"":""ポーランド館"",""amenity"":""exhibition_centre"",""country"":""PL"",""name"":""ポーランドパビリオン"",""name:en"":""Poland Pavilion"",""name:ja"":""ポーランドパビリオン"",""ref"":""S20"",""reservation"":""recommended"",""website"":""https://www.expo2025.or.jp/official-participant/poland/"",""wikidata"":""Q136565094"",""wikimedia_commons"":""File:Poland Pavilion Expo 2025.jpg""}",exhibition_centre,,,PL,,,https://www.expo2025.or.jp/official-participant/poland/,Q136565094
way/1381316115,ブルガリア共和国館,exhibition_centre,135.38045155,34.6488768,Polygon,"{""alt_name"":""ブルガリアパビリオン"",""amenity"":""exhibition_centre"",""country"":""BG"",""name"":""ブルガリア共和国館"",""name:en"":""Republic of Bulgaria Pavilion"",""name:ja"":""ブルガリア共和国館"",""ref"":""S12"",""reservation"":""no"",""short_name"":""ブルガリア館"",""website"":""https://www.expo2025.or.jp/official-participant/bulgaria/"",""wikidata"":""Q136513509"",""wikimedia_commons"":""File:EXPO2025 Republic of Bulgaria Pavilion.jpg""}",exhibition_centre,,,BG,,,https://www.expo2025.or.jp/official-participant/bulgaria/,Q136513509
way/1381316116,フランスパビリオン,exhibition_centre,135.3855095,34.6489656,Polygon,"{""alt_name"":""フランス館"",""amenity"":""exhibition_centre"",""country"":""FR"",""name"":""フランスパビリオン"",""name:en"":""France Pavilion"",""name:ja"":""フランスパビリオン"",""name:zh"":""法国馆"",""ref"":""P12"",""reservation"":""no"",""website"":""https://www.expo2025.or.jp/official-participant/france/"",""wikidata"":""Q134973564"",""wikimedia_commons"":""File:大阪・関西万博 フランスパビリオン.jpg""}",exhibition_centre,,,FR,,,https://www.expo2025.or.jp/official-participant/france/,Q134973564
way/1381316117,フィリピンパビリオン,exhibition_centre,135.38555215,34.649594,Polygon,"{""amenity"":""exhibition_centre"",""country"":""PH"",""name"":""フィリピンパビリオン"",""name:en"":""Philippines Pavilion"",""name:ja"":""フィリピンパビリオン"",""name:zh"":""菲律宾馆"",""ref"":""P09"",""reservation"":""no"",""website"":""https://www.expo2025.or.jp/official-participant/philippines/"",""wikidata"":""Q10872759"",""wikimedia_commons"":""File:大阪・関西万博 フィリピンパビリオン.jpg""}",exhibition_centre,,,PH,,,https://www.expo2025.or.jp/official-participant/philippines/,Q10872759
way/1381316118,北欧館,exhibition_centre,135.3841885,34.647442749999996,Polygon,"{""alt_name"":""ノルディック・サークル"",""alt_name:en"":""Nordic Circle"",""amenity"":""exhibition_centre"",""check_date"":""2025-05-02"",""country"":""DK;FI;IS;NO;SE"",""loc_name"":""北欧パビリオン"",""mapillary"":""2756225294574197"",""name"":""北欧館"",""name:en"":""Nordic Pavilion"",""name:ja"":""北欧館"",""name:zh"":""北欧馆"",""ref"":""P36"",""reservation"":""no"",""website"":""https://thenordics-expoosaka.com/"",""wikidata"":""Q136565040"",""wikimedia_commons"":""File:EXPO2025 Nordic Pavilion.jpg""}",exhibition_centre,,,DK;FI;IS;NO;SE,,,https://thenordics-expoosaka.com/,Q136565040
way/1381316119,ハンガリーパビリオン,exhibition_centre,135.3819397,34.6490697,Polygon,"{""alt_name"":""ハンガリー館"",""amenity"":""exhibition_centre"",""country"":""HU"",""mapillary"":""716095537634962"",""name"":""ハンガリーパビリオン"",""name:en"":""Hungary Pavilion"",""name:ja"":""ハンガリーパビリオン"",""ref"":""S16"",""reservation"":""no"",""website"":""https://www.expo2025.or.jp/official-participant/hungary/"",""wikidata"":""Q136558197"",""wikimedia_commons"":""File:Expo2025-HungaryPavilion.jpg""}",exhibition_centre,,,HU,,,https://www.expo2025.or.jp/official-participant/hungary/,Q136558197
way/1381316120,バーレーンパビリオン,exhibition_centre,135.38466655000002,34.647518250000005,Polygon,"{""alt_name"":""バーレーン館"",""amenity"":""exhibition_centre"",""country"":""BH"",""mapillary"":""708277498255090"",""name"":""バーレーンパビリオン"",""name:en"":""Kingdom of Bahrain Pavilion"",""name:ja"":""バーレーンパビリオン"",""name:zh"":""巴林馆"",""ref"":""P34"",""reservation"":""no"",""website"":""https://www.expo2025.or.jp/official-participant/bahrain/"",""wikidata"":""Q136513299"",""wikimedia_commons"":""File:大阪・関西万博 バーレーンパビリオン.jpg""}",exhibition_centre,,,BH,,,https://www.expo2025.or.jp/official-participant/bahrain/,Q136513299
way/1381316121,イタリア&教皇庁パビリオン,exhibition_centre,135.38086515,34.649569,Polygon,"{""alt_name"":""イタリアパビリオン"",""amenity"":""exhibition_centre"",""country"":""IT"",""description"":""予約は以下のサイトから https://www.italyexpo2025osaka.it/"",""name"":""イタリア&教皇庁パビリオン"",""name:en"":""Italy & Holy See Pavilion"",""name:ja"":""イタリア&教皇庁パビリオン"",""ref"":""S09"",""reservation"":""yes"",""short_name"":""イタリア館"",""website"":""https://www.expo2025.or.jp/official-participant/holysee/"",""wikidata"":""Q136558211"",""wikimedia_commons"":""File:EXPO 2025 Italy Pavilion.jpg""}",exhibition_centre,,,IT,,,https://www.expo2025.or.jp/official-participant/holysee/,Q136558211
way/1381316122,トルコパビリオン,exhibition_centre,135.38361585,34.65151575,Polygon,"{""amenity"":""exhibition_centre"",""country"":""TR"",""name"":""トルコパビリオン"",""name:en"":""Türkiye Pavilion"",""name:ja"":""トルコパビリオン"",""name:zh"":""土耳其馆"",""ref"":""C11"",""reservation"":""no"",""website"":""https://www.expo2025.or.jp/official-participant/tur/"",""wikidata"":""Q136564459"",""wikimedia_commons"":""File:トルコ パビリオン.jpg""}",exhibition_centre,,,TR,,,https://www.expo2025.or.jp/official-participant/tur/,Q136564459
way/1381316123,トルクメニスタンパビリオン,exhibition_centre,135.3844691,34.64742405,Polygon,"{""alt_name"":""トルクメニスタン館"",""amenity"":""exhibition_centre"",""country"":""TM"",""mapillary"":""9804324579652918"",""name"":""トルクメニスタンパビリオン"",""name:en"":""Turkmenistan Pavilion"",""name:ja"":""トルクメニスタンパビリオン"",""name:zh"":""土库曼斯坦馆"",""ref"":""P35"",""reservation"":""no"",""website"":""https://www.expo2025.or.jp/official-participant/turkmenistan/"",""wikidata"":""Q136564493"",""wikimedia_commons"":""File:EXPO2025 Turkmenistan Pavilion.jpg""}",exhibition_centre,,,TM,,,https://www.expo2025.or.jp/official-participant/turkmenistan/,Q136564493
way/1381316124,ドイツパビリオン,exhibition_centre,135.3852613,34.65087895,Polygon,"{""alt_name"":""ドイツ館"",""amenity"":""exhibition_centre"",""check_date"":""2025-05-28"",""country"":""DE"",""name"":""ドイツパビリオン"",""name:en"":""German Pavilion"",""name:ja"":""ドイツパビリオン"",""name:zh"":""德国馆"",""ref"":""C03"",""reservation"":""no"",""website"":""https://www.expo2025.or.jp/official-participant/germany/"",""wikidata"":""Q136558183"",""wikimedia_commons"":""File:大阪・関西万博 ドイツパビリオン.jpg""}",exhibition_centre,,,DE,,,https://www.expo2025.or.jp/official-participant/germany/,Q136558183
way/1381316125,中国パビリオン,exhibition_centre,135.38423899999998,34.648794550000005,Polygon,"{""alt_name"":""中国館"",""amenity"":""exhibition_centre"",""architect"":""崔愷"",""country"":""CN"",""mapillary"":""1162300578918482"",""name"":""中国パビリオン"",""name:en"":""People's Republic of China Pavilion"",""name:ja"":""中国パビリオン"",""name:zh"":""中国馆"",""ref"":""P28"",""reservation"":""no"",""website"":""https://www.expo2025.or.jp/official-participant/china/"",""wikidata"":""Q136541645"",""wikimedia_commons"":""File:Expo 2025 China Pavilion.jpg""}",exhibition_centre,,,CN,,,https://www.expo2025.or.jp/official-participant/china/,Q136541645
way/1381316126,チェコパビリオン,exhibition_centre,135.38366675,34.64757055,Polygon,"{""alt_name"":""チェコ館"",""amenity"":""exhibition_centre"",""country"":""CZ"",""mapillary"":""694760386384399"",""name"":""チェコパビリオン"",""name:en"":""Czechia Pavilion"",""name:ja"":""チェコパビリオン"",""name:zh"":""捷克馆"",""ref"":""P38"",""reservation"":""no"",""website"":""https://www.expo2025.or.jp/official-participant/czechia/"",""wikidata"":""Q135111295"",""wikimedia_commons"":""File:大阪・関西万博 チェコパビリオン.jpg"",""wikipedia"":""ja:チェコパビリオン (大阪・関西万博)""}",exhibition_centre,,,CZ,,,https://www.expo2025.or.jp/official-participant/czechia/,Q135111295
way/1381316127,タイパビリオン,exhibition_centre,135.38333160000002,34.6511719,Polygon,"{""alt_name"":""タイ館"",""amenity"":""exhibition_centre"",""country"":""TH"",""name"":""タイパビリオン"",""name:en"":""Thailand Pavilion"",""name:ja"":""タイパビリオン"",""name:zh"":""泰国馆"",""ref"":""C12"",""reservation"":""recommended"",""website"":""https://www.expo2025.or.jp/official-participant/thailand/"",""wikidata"":""Q136564397"",""wikimedia_commons"":""File:EXPO2025 Thailand Pavilion.jpg""}",exhibition_centre,,,TH,,,https://www.expo2025.or.jp/official-participant/thailand/,Q136564397
way/1381316128,スペインパビリオン,exhibition_centre,135.38298155,34.651169550000006,Polygon,"{""alt_name"":""スペイン館"",""amenity"":""exhibition_centre"",""country"":""ES"",""name"":""スペインパビリオン"",""name:en"":""Spain Pavilion"",""name:ja"":""スペインパピリオン"",""name:zh"":""西班牙馆"",""ref"":""C13"",""reservation"":""no"",""website"":""https://www.expo2025.or.jp/official-participant/spain/"",""wikidata"":""Q136565236"",""wikimedia_commons"":""File:EXPO 2025 Spain Pavilion.jpg""}",exhibition_centre,,,ES,,,https://www.expo2025.or.jp/official-participant/spain/,Q136565236
way/1381316129,スイスパビリオン,exhibition_centre,135.385369,34.64785945,Polygon,"{""wikimedia_commons"":""File:Expo 2025 Switzerland Pavilion 01.JPG"",""alt_name"":""スイス館"",""amenity"":""exhibition_centre"",""country"":""CH"",""name"":""スイスパビリオン"",""name:en"":""Swiss Confederation Pavilion"",""name:ja"":""スイスパビリオン"",""name:zh"":""瑞士馆"",""ref"":""P22"",""website"":""https://www.expo2025.or.jp/official-participant/switzerland/"",""wikidata"":""Q136565243""}",exhibition_centre,,,CH,,,https://www.expo2025.or.jp/official-participant/switzerland/,Q136565243
way/1381316130,シンガポールパビリオン,exhibition_centre,135.38045155,34.6490541,Polygon,"{""alt_name"":""シンガポール館"",""amenity"":""exhibition_centre"",""country"":""SG"",""name"":""シンガポールパビリオン"",""name:en"":""Singapore Pavilion"",""name:ja"":""シンガポールパビリオン"",""ref"":""S11"",""reservation"":""no"",""website"":""https://www.expo2025.or.jp/official-participant/singapore/"",""wikidata"":""Q136565222"",""wikimedia_commons"":""File:大阪・関西万博 シンガポールパビリオン.jpg""}",exhibition_centre,,,SG,,,https://www.expo2025.or.jp/official-participant/singapore/,Q136565222
way/1381316131,コロンビアパビリオン,exhibition_centre,135.38553685,34.647703899999996,Polygon,"{""alt_name"":""コロンビア館"",""amenity"":""exhibition_centre"",""country"":""CO"",""name"":""コロンビアパビリオン"",""name:en"":""Colombia Pavilion"",""name:ja"":""コロンビアパビリオン"",""name:zh"":""哥伦比亚馆"",""ref"":""P21"",""reservation"":""no"",""website"":""https://www.expo2025.or.jp/official-participant/colombia/"",""wikidata"":""Q136541659"",""wikimedia_commons"":""File:Expo2025-ColombiaPavilion.jpg""}",exhibition_centre,,,CO,,,https://www.expo2025.or.jp/official-participant/colombia/,Q136541659
way/1381316132,クウェートパビリオン,exhibition_centre,135.3845169,34.6487348,Polygon,"{""alt_name"":""クウェート館"",""amenity"":""exhibition_centre"",""check_date"":""2025-05-02"",""country"":""KW"",""name"":""クウェートパビリオン"",""name:en"":""The State of Kuwait Pavilion"",""name:ja"":""クウェートパビリオン"",""name:zh"":""科威特馆"",""ref"":""P27"",""reservation"":""no"",""website"":""https://www.expo2025.or.jp/official-participant/kuwait/"",""wikidata"":""Q136564679"",""wikimedia_commons"":""File:Expo2025-KuwaitPavilion.jpg""}",exhibition_centre,,,KW,,,https://www.expo2025.or.jp/official-participant/kuwait/,Q136564679
way/1381316133,カナダパビリオン,exhibition_centre,135.38591725,34.647869650000004,Polygon,"{""alt_name"":""カナダ館"",""amenity"":""exhibition_centre"",""country"":""CA"",""name"":""カナダパビリオン"",""name:en"":""Canada Pavilion"",""name:ja"":""カナダパビリオン"",""name:zh"":""加拿大馆"",""ref"":""P19"",""reservation"":""recommended"",""website"":""https://www.expo2025.or.jp/official-participant/canada__trashed/"",""wikidata"":""Q136541560"",""wikimedia_commons"":""File:カナダ パビリオン.jpg""}",exhibition_centre,,,CA,,,https://www.expo2025.or.jp/official-participant/canada__trashed/,Q136541560
way/1381316134,韓国館,exhibition_centre,135.38487995,34.6509639,Polygon,"{""alt_name"":""韓国パビリオン"",""amenity"":""exhibition_centre"",""country"":""KR"",""name"":""韓国館"",""name:en"":""Republic of Korea Pavilion"",""name:ja"":""韓国館"",""name:zh"":""韩国馆"",""ref"":""C04"",""reservation"":""yes"",""website"":""https://www.expo2025.or.jp/official-participant/korea/"",""wikidata"":""Q136565230"",""wikimedia_commons"":""File:韓国 パビリオン.jpg""}",exhibition_centre,,,KR,,,https://www.expo2025.or.jp/official-participant/korea/,Q136565230
way/1381316135,カタールパビリオン,exhibition_centre,135.3862929,34.648398900000004,Polygon,"{""alt_name"":""カタール館"",""amenity"":""exhibition_centre"",""check_date"":""2025-05-02"",""country"":""QA"",""name"":""カタールパビリオン"",""name:en"":""State of Qatar Pavilion"",""name:ja"":""カタールパビリオン"",""name:zh"":""卡塔尔馆"",""ref"":""P17"",""reservation"":""no"",""website"":""https://www.expo2025.or.jp/official-participant/qatar/"",""wikidata"":""Q136565141"",""wikimedia_commons"":""File:カタール パビリオン.jpg""}",exhibition_centre,,,QA,,,https://www.expo2025.or.jp/official-participant/qatar/,Q136565141
way/1381316136,オランダパビリオン,exhibition_centre,135.38046025,34.6487115,Polygon,"{""alt_name"":""オランダ館"",""amenity"":""exhibition_centre"",""country"":""NL"",""name"":""オランダパビリオン"",""name:en"":""The Netherlands Pavilion"",""name:ja"":""オランダパビリオン"",""ref"":""S13"",""reservation"":""yes"",""website"":""https://www.expo2025.or.jp/official-participant/netherlands/"",""wikidata"":""Q136564757"",""wikimedia_commons"":""File:EXPO 2025 Netherlands Pavilion.jpg""}",exhibition_centre,,,NL,,,https://www.expo2025.or.jp/official-participant/netherlands/,Q136564757
way/1381316137,オマーンパビリオン,exhibition_centre,135.3816812,34.649060199999994,Polygon,"{""alt_name"":""オマーン館"",""amenity"":""exhibition_centre"",""check_date"":""2025-04-23"",""country"":""OM"",""mapillary"":""2136225530177744"",""name"":""オマーンパビリオン"",""name:en"":""Oman Pavilion"",""name:ja"":""オマーンパビリオン"",""ref"":""S15"",""reservation"":""no"",""website"":""https://www.expo2025.or.jp/official-participant/oman/"",""wikidata"":""Q136558240"",""wikimedia_commons"":""File:EXPO2025 Oman Pavilion.jpg""}",exhibition_centre,,,OM,,,https://www.expo2025.or.jp/official-participant/oman/,Q136558240
way/1381316138,オーストリアパビリオン,exhibition_centre,135.38522784999998,34.64804635,Polygon,"{""alt_name"":""オーストリア館"",""amenity"":""exhibition_centre"",""check_date"":""2025-06-02"",""country"":""AT"",""name"":""オーストリアパビリオン"",""name:en"":""Austria Pavilion"",""name:ja"":""オーストリアパビリオン"",""name:zh"":""奥地利馆"",""ref"":""P23"",""reservation"":""no"",""website"":""https://www.expo2025.or.jp/official-participant/austria/"",""wikidata"":""Q136513266"",""wikimedia_commons"":""File:Expo2025Austria Pavilion.jpg""}",exhibition_centre,,,AT,,,https://www.expo2025.or.jp/official-participant/austria/,Q136513266
way/1381316139,英国パビリオン,exhibition_centre,135.38159285,34.648075399999996,Polygon,"{""alt_name"":""イギリス館"",""amenity"":""exhibition_centre"",""country"":""GB"",""loc_name"":""イギリスパビリオン"",""name"":""英国パビリオン"",""name:en"":""UK Pavilion"",""name:ja"":""英国パビリオン"",""name:zh"":""英国馆"",""ref"":""S22"",""reservation"":""yes"",""short_name"":""英国館"",""website"":""https://www.expo2025.or.jp/official-participant/united-great-britain-and-norrn-ireland/"",""wikidata"":""Q136564379"",""wikimedia_commons"":""File:Expo2025United Kingdom Pavilion.jpg""}",exhibition_centre,,,GB,,,https://www.expo2025.or.jp/official-participant/united-great-britain-and-norrn-ireland/,Q136564379
way/1381316140,ウズベキスタンパビリオン,exhibition_centre,135.38128899999998,34.650910749999994,Polygon,"{""alt_name"":""ウズベキスタン館"",""amenity"":""exhibition_centre"",""country"":""UZ"",""name"":""ウズベキスタンパビリオン"",""name:en"":""Uzbekistan Pavilion"",""name:ja"":""ウズベキスタンパビリオン"",""name:zh"":""乌兹别克斯坦馆"",""ref"":""C18"",""reservation"":""no"",""website"":""https://www.expo2025.or.jp/official-participant/uzbekistan/"",""wikidata"":""Q136564392"",""wikimedia_commons"":""File:大阪・関西万博 ウズベキスタンパビリオン.jpg""}",exhibition_centre,,,UZ,,,https://www.expo2025.or.jp/official-participant/uzbekistan/,Q136564392
way/1381316141,アラブ首長国連邦パビリオン,exhibition_centre,135.38613809999998,34.648109149999996,Polygon,"{""alt_name"":""アラブ首長国連邦館"",""amenity"":""exhibition_centre"",""check_date"":""2025-05-06"",""country"":""AE"",""loc_name"":""アラブ館"",""name"":""アラブ首長国連邦パビリオン"",""name:en"":""United Arab Emirates Pavilion"",""name:ja"":""アラブ首長国連邦パビリオン"",""name:zh"":""阿联酋馆"",""official_name"":""UAEパビリオン"",""ref"":""P18"",""reservation"":""recommended"",""short_name"":""アラブパビリオン"",""website"":""https://www.expo2025.or.jp/official-participant/uae/"",""wheelchair"":""yes"",""wikidata"":""Q136564358"",""wikimedia_commons"":""File:Expo2025-UAEPavilion.jpg""}",exhibition_centre,,,AE,yes,,https://www.expo2025.or.jp/official-participant/uae/,Q136564358
way/1381316142,アメリカパビリオン,exhibition_centre,135.38537235,34.649238600000004,Polygon,"{""alt_name"":""アメリカ館"",""amenity"":""exhibition_centre"",""country"":""US"",""loc_name"":""米国パビリオン"",""name"":""アメリカパビリオン"",""name:en"":""USA Pavilion"",""name:ja"":""アメリカパビリオン"",""name:zh"":""美国馆"",""ref"":""P11"",""reservation"":""no"",""short_name"":""米国館"",""website"":""https://www.expo2025.or.jp/official-participant/united-states-of-america/"",""wikidata"":""Q135103339"",""wikimedia_commons"":""File:大阪・関西万博 アメリカパビリオン.jpg""}",exhibition_centre,,,US,,,https://www.expo2025.or.jp/official-participant/united-states-of-america/,Q135103339
way/1381316143,アゼルバイジャンパビリオン,exhibition_centre,135.384281,34.65095135,Polygon,"{""alt_name"":""アゼルバイジャン館"",""amenity"":""exhibition_centre"",""country"":""AZ"",""mapillary"":""627101217051422"",""name"":""アゼルバイジャンパビリオン"",""name:en"":""Azerbaijan Pavilion"",""name:ja"":""アゼルバイジャンパビリオン"",""ref"":""C07"",""reservation"":""no"",""website"":""https://www.expo2025.or.jp/official-participant/azerbaijan/"",""wikidata"":""Q136513284"",""wikimedia_commons"":""File:Expo 2025 Azerbaijan Pavilion 01.JPG""}",exhibition_centre,,,AZ,,,https://www.expo2025.or.jp/official-participant/azerbaijan/,Q136513284
way/1381316144,アイルランドパビリオン,exhibition_centre,135.386305,34.650139949999996,Polygon,"{""alt_name"":""アイルランド館"",""amenity"":""exhibition_centre"",""check_date"":""2025-05-28"",""country"":""IE"",""name"":""アイルランドパビリオン"",""name:en"":""Ireland Pavilion"",""name:ja"":""アイルランドパビリオン"",""ref"":""P01"",""reservation"":""no"",""website"":""https://www.expo2025.or.jp/official-participant/ireland/"",""wikidata"":""Q136564600"",""wikimedia_commons"":""File:EXPO2025-ireland.jpg""}",exhibition_centre,,,IE,,,https://www.expo2025.or.jp/official-participant/ireland/,Q136564600
way/1381565062,,fence,135.37541785000002,34.651489600000005,LineString,"{""barrier"":""fence""}",,,,,,,,
way/1381565063,,wall,135.37541605,34.65174655,LineString,"{""barrier"":""wall""}",,,,,,,,
way/1381643439,,wall,135.37605960000002,34.6526578,LineString,"{""barrier"":""wall""}",,,,,,,,
way/1381643440,,wall,135.3760353,34.6529726,LineString,"{""barrier"":""wall""}",,,,,,,,
way/1381643441,,fence,135.3754402,34.65401465,LineString,"{""barrier"":""fence""}",,,,,,,,
way/1382221573,,fence,135.39040755000002,34.6495673,LineString,"{""barrier"":""fence""}",,,,,,,,
way/1382221584,,fence,135.38850330000002,34.649047949999996,LineString,"{""barrier"":""fence""}",,,,,,,,
way/1382221585,,fence,135.38855875,34.6488779,LineString,"{""barrier"":""fence""}",,,,,,,,
way/1382221586,,fence,135.38863070000002,34.6485771,LineString,"{""barrier"":""fence""}",,,,,,,,
way/1382221587,三菱未来館,exhibition_centre,135.38939705,34.649084349999995,Polygon,"{""alt_name"":""三菱パビリオン"",""amenity"":""exhibition_centre"",""mapillary"":""1076618754520534"",""name"":""三菱未来館"",""name:en"":""Mitsubishi Pavilion"",""name:ja"":""三菱未来館"",""name:zh"":""三菱未来馆"",""ref"":""E05"",""reservation"":""yes"",""website"":""https://www.expo2025.or.jp/domestic-pv/mitsubishi/"",""wikidata"":""Q136597154"",""wikimedia_commons"":""File:Expo2025 三菱未来館.jpg""}",exhibition_centre,,,,,,https://www.expo2025.or.jp/domestic-pv/mitsubishi/,Q136597154
way/1382221591,パナソニックグループパビリオン 「ノモの国」,exhibition_centre,135.38890485,34.648932450000004,Polygon,"{""amenity"":""exhibition_centre"",""name"":""パナソニックグループパビリオン 「ノモの国」"",""name:en"":""Panassonic Group Pavion \""The Land of NOMO\"""",""name:ja"":""パナソニックグループパビリオン 「ノモの国」"",""ref"":""E06"",""reservation"":""yes"",""website"":""https://www.expo2025.or.jp/domestic-pv/panasonic/"",""wikidata"":""Q136597978"",""wikimedia_commons"":""File:Expo2025-Panasonicpavillion.jpg""}",exhibition_centre,,,,,,https://www.expo2025.or.jp/domestic-pv/panasonic/,Q136597978
way/1382221616,TEAM EXPO パビリオン,exhibition_centre,135.37677639999998,34.65458525,Polygon,"{""amenity"":""exhibition_centre"",""website"":""https://www.expo2025.or.jp/team-expo/"",""name"":""TEAM EXPO パビリオン"",""ref"":""L03""}",exhibition_centre,,,,,,https://www.expo2025.or.jp/team-expo/,
way/1382221617,,fence,135.37776285,34.65551225,LineString,"{""barrier"":""fence""}",,,,,,,,
way/1382221618,,fence,135.37743955,34.65579995,LineString,"{""barrier"":""fence""}",,,,,,,,
way/1382221619,,fence,135.37703779999998,34.65408095,LineString,"{""barrier"":""fence""}",,,,,,,,
way/1382221620,,fence,135.37700654999998,34.65593525,LineString,"{""barrier"":""fence""}",,,,,,,,
way/1382221622,,fence,135.37693185,34.6551669,LineString,"{""barrier"":""fence""}",,,,,,,,
way/1382221623,フューチャーライフエクスペリエンス,exhibition_centre,135.3769853,34.65458685,Polygon,"{""amenity"":""exhibition_centre"",""website"":""https://www.expo2025.or.jp/future-index/future-life/"",""name"":""フューチャーライフエクスペリエンス"",""name:en"":""Future Life Experience"",""name:ja"":""フューチャーライフエクスペリエンス"",""ref"":""L02"",""wikimedia_commons"":""File:Expo 2025 Future Life Village 01.JPG""}",exhibition_centre,,,,,,https://www.expo2025.or.jp/future-index/future-life/,
way/1382221640,ポップアップステージ 西,stage,135.38006805,34.650540649999996,Polygon,"{""amenity"":""stage"",""name"":""ポップアップステージ 西""}",stage,,,,,,,
way/1382221651,,shrubbery,135.38089205,34.647744450000005,Polygon,"{""natural"":""shrubbery""}",,,,,,,,
way/1382221653,,shrubbery,135.3848407,34.6467772,Polygon,"{""natural"":""shrubbery""}",,,,,,,,
way/1382221662,大阪灯台,yes,135.37909530000002,34.643504199999995,Polygon,"{""building"":""yes"",""height"":""50"",""name"":""大阪灯台"",""name:en"":""Osaka Lighthouse"",""name:ja"":""大阪灯台"",""seamark:light:1:character"":""Fl"",""seamark:light:1:colour"":""white"",""seamark:light:1:height"":""52"",""seamark:light:1:period"":""5"",""seamark:light:1:range"":""19"",""seamark:light:1:sector_end"":""151"",""seamark:light:1:sector_start"":""331"",""seamark:light:reference"":""M 5932"",""seamark:type"":""light_minor"",""wikidata"":""Q17227904"",""wikipedia"":""ja:大阪灯台""}",,,,,,,,Q17227904
way/1382221687,ポップアップステージ 北,stage,135.38431085,34.65156675,Polygon,"{""amenity"":""stage"",""name"":""ポップアップステージ 北""}",stage,,,,,,,
way/1382221698,,fence,135.38453965,34.6499872,LineString,"{""barrier"":""fence""}",,,,,,,,
way/1382232121,アシタ広場,bandstand,135.37967079999999,34.649960750000005,Polygon,"{""leisure"":""bandstand"",""name"":""アシタ広場""}",,,,,,,,
way/1382232122,大阪ヘルスケアパビリオン,exhibition_centre,135.3873207,34.6509197,Polygon,"{""amenity"":""exhibition_centre"",""check_date"":""2025-05-28"",""mapillary"":""546818521588463"",""name"":""大阪ヘルスケアパビリオン"",""name:en"":""Osaka Healthcare Pavilion"",""name:ja"":""大阪ヘルスケアパビリオン"",""name:zh"":""大阪医疗保健展馆"",""ref"":""E02"",""reservation"":""yes"",""website"":""https://www.expo2025.or.jp/domestic-pv/osaka-pv/"",""wikidata"":""Q136597634"",""wikimedia_commons"":""File:Expo 2025 OSAKA Healthcare Pavillion.jpg""}",exhibition_centre,,,,,,https://www.expo2025.or.jp/domestic-pv/osaka-pv/,Q136597634
way/1382232123,,picnic_site,135.38675015,34.6506449,Polygon,"{""picnic_table"":""yes"",""tourism"":""picnic_site""}",,picnic_site,,,,,,
way/1382232133,,water,135.38104694999998,34.651517150000004,Polygon,"{""natural"":""water""}",,,,,,,,
way/1382232137,,,135.38652085,34.6513449,Polygon,"{""access"":""private"",""area:highway"":""service""}",,,,,,,,
way/1382519032,セルビアパビリオン,exhibition_centre,135.38106894999999,34.65048125,Polygon,"{""alt_name"":""セルビア館"",""amenity"":""exhibition_centre"",""check_date"":""2025-04-20"",""country"":""RS"",""mapillary"":""1192401712148299"",""name"":""セルビアパビリオン"",""website"":""https://www.expo2025.or.jp/official-participant/serbia/"",""name:en"":""Serbia Pavilion"",""name:ja"":""セルビアパビリオン"",""ref"":""C19"",""reservation"":""no"",""wikidata"":""Q136565206"",""wikimedia_commons"":""File:大阪・関西万博 セルビアパビリオン.jpg""}",exhibition_centre,,,RS,,,https://www.expo2025.or.jp/official-participant/serbia/,Q136565206
way/1382586043,,fence,135.3785662,34.651005,LineString,"{""barrier"":""fence""}",,,,,,,,
way/1382586045,,fence,135.37931659999998,34.65100675,LineString,"{""barrier"":""fence""}",,,,,,,,
way/1382596928,,wall,135.3755118,34.65332625,LineString,"{""barrier"":""wall""}",,,,,,,,
way/1382596929,,wall,135.37496525,34.65319635,LineString,"{""barrier"":""wall""}",,,,,,,,
way/1382774477,アクアポニックス,farm_auxiliary,135.38737429999998,34.65039885,Polygon,"{""building"":""farm_auxiliary"",""name"":""アクアポニックス"",""roof:shape"":""dome""}",,,,,,,,
way/1382805100,ルーマニアパビリオン,exhibition_centre,135.3813978,34.64831735,Polygon,"{""alt_name"":""ルーマニア館"",""amenity"":""exhibition_centre"",""check_date"":""2025-09-08"",""country"":""RO"",""mapillary"":""1415165979614287"",""name"":""ルーマニアパビリオン"",""website"":""https://www.expo2025.or.jp/official-participant/romania/"",""name:en"":""Romania Pavilion"",""name:ja"":""ルーマニアパビリオン"",""name:zh"":""罗马尼亚馆"",""ref"":""S21"",""reservation"":""no"",""wikidata"":""Q136565151"",""wikimedia_commons"":""File:EXPO2025 Romania Pavilion.jpg""}",exhibition_centre,,,RO,,,https://www.expo2025.or.jp/official-participant/romania/,Q136565151
way/1382805101,アンゴラパビリオン,exhibition_centre,135.38207835,34.647944550000005,Polygon,"{""alt_name"":""アンゴラ館"",""amenity"":""exhibition_centre"",""country"":""AO"",""mapillary"":""23978662748397732"",""name"":""アンゴラパビリオン"",""website"":""https://www.expo2025.or.jp/official-participant/angola/"",""name:en"":""Republic of Angola Pavilion"",""name:ja"":""アンゴラパビリオン"",""name:zh"":""安哥拉馆"",""ref"":""S23"",""wikidata"":""Q136513222"",""wikimedia_commons"":""File:大阪・関西万博 アンゴラパビリオン.jpg""}",exhibition_centre,,,AO,,,https://www.expo2025.or.jp/official-participant/angola/,Q136513222
way/1382805102,,fence,135.383228,34.647995550000005,LineString,"{""barrier"":""fence""}",,,,,,,,
way/1382805103,,fence,135.38287255,34.64806865,LineString,"{""barrier"":""fence""}",,,,,,,,
way/1382805104,いのち動的平衡館,exhibition_centre,135.38260885,34.647873450000006,Polygon,"{""amenity"":""exhibition_centre"",""name"":""いのち動的平衡館"",""name:en"":""Dynamic Equilibrium of Life Center"",""name:ja"":""いのち動的平衡館"",""name:ja-Hira"":""いのちどうてきへいこうかん"",""ref"":""X05"",""reservation"":""yes"",""website"":""https://www.expo2025-fukuoka-shin-ichi.jp/"",""wikidata"":""Q136523338"",""wikimedia_commons"":""File:Expo2025-DYNAMIC EQUILIBRIUM OF LIFE-pavilion.jpg""}",exhibition_centre,,,,,,https://www.expo2025-fukuoka-shin-ichi.jp/,Q136523338
way/1382805105,null²,exhibition_centre,135.38332155,34.6476953,Polygon,"{""amenity"":""exhibition_centre"",""check_date"":""2025-05-02"",""name"":""null²"",""name:en"":""null²"",""name:ja"":""ヌルヌル"",""ref"":""X04"",""reservation"":""yes"",""website"":""https://expo2025.digitalnatureandarts.or.jp/"",""wikidata"":""Q134286794"",""wikimedia_commons"":""File:EXPO2025 null2 Appearance.jpg"",""wikipedia"":""ja:Null²""}",exhibition_centre,,,,,,https://expo2025.digitalnatureandarts.or.jp/,Q134286794
way/1382805106,いのちの遊び場クラゲ館,exhibition_centre,135.38353345000002,34.64803335,Polygon,"{""amenity"":""exhibition_centre"",""name"":""いのちの遊び場クラゲ館"",""name:en"":""Playground of Life: Jellifish Pavilion"",""name:ja"":""いのちの遊び場クラゲ館"",""name:ja-Hira"":""いのちのあそびばくらげかん"",""ref"":""X03"",""reservation"":""yes"",""website"":""https://expo2025-kuragepj.com/"",""wikidata"":""Q136523364"",""wikimedia_commons"":""File:Osaka Expo2025 Playground of Life Jellyfish Pavilion.jpg""}",exhibition_centre,,,,,,https://expo2025-kuragepj.com/,Q136523364
way/1382805107,いのちめぐる冒険,exhibition_centre,135.38260855,34.64826985,Polygon,"{""amenity"":""exhibition_centre"",""name"":""いのちめぐる冒険"",""name:en"":""LIVE EARTH JOURNEY"",""name:ja"":""いのちめぐる冒険"",""name:ja-Hira"":""いのちめぐるぼうけん"",""ref"":""X06"",""reservation"":""yes"",""website"":""https://shojikawamori.jp/expo2025/"",""wikidata"":""Q136513584"",""wikimedia_commons"":""File:EXPO2025 LIVE EARTH JOURNEY.jpg""}",exhibition_centre,,,,,,https://shojikawamori.jp/expo2025/,Q136513584
way/1382805108,,water,135.38368435,34.64842125,Polygon,"{""natural"":""water"",""water"":""basin""}",,,,,,,,
way/1382805109,いのちの未来,exhibition_centre,135.38373660000002,34.64851285,Polygon,"{""wikimedia_commons"":""File:Expo 2025 Future of Life Pavilion 01.JPG"",""amenity"":""exhibition_centre"",""name"":""いのちの未来"",""name:en"":""Future of Life"",""name:ja"":""いのちの未来"",""ref"":""X02"",""reservation"":""yes"",""website"":""https://expo2025future-of-life.com/"",""wikidata"":""Q136523442""}",exhibition_centre,,,,,,https://expo2025future-of-life.com/,Q136523442
way/1382805113,Dialogue Theater ‐いのちのあかし‐,exhibition_centre,135.3830708,34.6490969,Polygon,"{""amenity"":""exhibition_centre"",""check_date"":""2025-07-06"",""mapillary"":""1252261159653907"",""name"":""Dialogue Theater ‐いのちのあかし‐"",""name:en"":""Dialogue Theater ‐ sign of life ‐"",""name:ja"":""Dialogue Theater ‐いのちのあかし‐"",""opening_hours"":""09:00-21:00"",""ref"":""X08"",""reservation"":""recommended"",""website"":""https://web.archive.org/web/20251001/https://expo2025-inochinoakashi.com/"",""wikidata"":""Q136565349"",""wikimedia_commons"":""File:Osaka Expo2025 Dialogue Theater - sign of life -.jpg""}",exhibition_centre,,,,,09:00-21:00,https://web.archive.org/web/20251001/https://expo2025-inochinoakashi.com/,Q136565349
way/1382805114,Earth Mart,exhibition_centre,135.38279565,34.6489154,Polygon,"{""amenity"":""exhibition_centre"",""name"":""Earth Mart"",""name:ja-Hira"":""あーすまーと"",""ref"":""X07"",""reservation"":""yes"",""website"":""https://web.archive.org/web/20251001/https://expo2025earthmart.jp/"",""wikidata"":""Q136565368"",""wikipedia"":""ja:EARTH MART"",""wikimedia_commons"":""File:EXPO2025 Earth Mart.jpg""}",exhibition_centre,,,,,,https://web.archive.org/web/20251001/https://expo2025earthmart.jp/,Q136565368
way/1382805116,,fence,135.3817092,34.64982605,LineString,"{""barrier"":""fence""}",,,,,,,,
way/1382805117,,fence,135.3810904,34.650708949999995,LineString,"{""barrier"":""fence""}",,,,,,,,
way/1382805118,,fence,135.3842883,34.650720050000004,LineString,"{""barrier"":""fence""}",,,,,,,,
way/1382805119,,fence,135.38372655,34.65074115,LineString,"{""barrier"":""fence""}",,,,,,,,
way/1382815781,ウーマンズパビリオン,exhibition_centre,135.38780265,34.6488189,Polygon,"{""amenity"":""exhibition_centre"",""check_date"":""2025-05-28"",""mapillary"":""558844363930867"",""website"":""https://www.expo2025.or.jp/sponsorship/womens-pv-event/"",""name"":""ウーマンズパビリオン"",""name:en"":""Women's Pavilion in collaboration with Cartier"",""name:ja"":""ウーマンズパビリオン"",""ref"":""E09"",""reservation"":""yes"",""wikidata"":""Q136513554"",""wikimedia_commons"":""File:Expo 2025 Women's Pavilion 01.JPG""}",exhibition_centre,,,,,,https://www.expo2025.or.jp/sponsorship/womens-pv-event/,Q136513554
way/1382815782,日本館,exhibition_centre,135.3878487,34.64818265,Polygon,"{""alt_name"":""日本パビリオン"",""amenity"":""exhibition_centre"",""architect"":""佐藤オオキ"",""check_date"":""2025-05-28"",""country"":""JP"",""mapillary"":""1483945869240432"",""name"":""日本館"",""name:en"":""Japan Pavilion"",""name:ja"":""日本館"",""name:zh"":""日本馆"",""ref"":""E10"",""reservation"":""yes"",""website"":""https://www.expo2025.or.jp/domestic-pv/japanese-government/"",""wikidata"":""Q134889966"",""wikimedia_commons"":""File:Expo2025Japan Pavilion.jpg"",""wikipedia"":""ja:日本館 (大阪・関西万博)""}",exhibition_centre,,,JP,,,https://www.expo2025.or.jp/domestic-pv/japanese-government/,Q134889966
way/1382815785,シャインハット,theatre,135.38771795,34.64753425,Polygon,"{""amenity"":""theatre"",""check_date"":""2025-05-28"",""name"":""シャインハット"",""name:en"":""Shining hat"",""name:ja"":""シャインハット"",""ref"":""E11"",""wikidata"":""Q136599629"",""wikimedia_commons"":""File:Expo 2025 EXPO Hall Shining Hat 01.JPG""}",theatre,,,,,,,Q136599629
way/1382815792,EXPOナショナルデーホール 「レイガーデン」,theatre,135.386836,34.6468538,Polygon,"{""amenity"":""theatre"",""check_date"":""2025-05-28"",""name"":""EXPOナショナルデーホール 「レイガーデン」"",""name:en"":""EXPO National Day Hall Ray Garden"",""name:ja"":""EXPOナショナルデーホール 「レイガーデン」"",""ref"":""E12"",""wikidata"":""Q136600713"",""wikimedia_commons"":""File:Expo 2025 EXPO National Day Hall Ray Garden 01.JPG""}",theatre,,,,,,,Q136600713
way/1382815793,電力館 可能性のタマゴたち,exhibition_centre,135.38751025,34.64924835,Polygon,"{""amenity"":""exhibition_centre"",""check_date"":""2025-05-28"",""name"":""電力館 可能性のタマゴたち"",""name:en"":""Electric Power Pavilion - Eggs of Posibilities"",""name:ja"":""電力館 可能性のタマゴたち"",""ref"":""E08"",""reservation"":""yes"",""website"":""https://www.expo2025.or.jp/domestic-pv/electric/"",""wikimedia_commons"":""File:EXPO2025 Electric Power Pavilion - Eggs of Posibilities.jpg""}",exhibition_centre,,,,,,https://www.expo2025.or.jp/domestic-pv/electric/,
way/1382815794,住友館,exhibition_centre,135.3880801,34.64931755,Polygon,"{""alt_name"":""住友パビリオン"",""amenity"":""exhibition_centre"",""check_date"":""2025-05-28"",""name"":""住友館"",""name:en"":""SUMITOMO Pavilion"",""name:ja"":""住友館"",""name:zh"":""住友馆"",""ref"":""E07"",""reservation"":""yes"",""website"":""https://www.expo2025.or.jp/domestic-pv/sumitomo/"",""wikidata"":""Q136565304"",""wikimedia_commons"":""File:EXPO2025 Sumitomo Pavilion.jpg""}",exhibition_centre,,,,,,https://www.expo2025.or.jp/domestic-pv/sumitomo/,Q136565304
way/1382865063,インドパビリオン,exhibition_centre,135.38172305,34.6509963,Polygon,"{""alt_name"":""インド館"",""amenity"":""exhibition_centre"",""country"":""IN"",""mapillary"":""1064838238840658"",""name"":""インドパビリオン"",""name:en"":""BHARAT"",""official_name"":""バーラト"",""ref"":""C17"",""reservation"":""no"",""website"":""https://web.archive.org/web/20251001/https://www.japanexpo-india.com/"",""wikidata"":""Q136564535"",""wikimedia_commons"":""File:大阪・関西万博 インドパビリオン.jpg""}",exhibition_centre,,,IN,,,https://web.archive.org/web/20251001/https://www.japanexpo-india.com/,Q136564535
way/1383092161,,fence,135.3834816,34.6486873,LineString,"{""barrier"":""fence""}",,,,,,,,
way/1383092162,,fence,135.38308345000002,34.64873115,LineString,"{""barrier"":""fence""}",,,,,,,,
way/1383092173,,stage,135.3820804,34.6484451,Polygon,"{""amenity"":""stage""}",stage,,,,,,,
way/1383092174,,bench,135.38211195000002,34.648461299999994,LineString,"{""amenity"":""bench""}",bench,,,,,,,
way/1383092175,,bench,135.38210585000002,34.648450350000005,LineString,"{""amenity"":""bench""}",bench,,,,,,,
way/1383092176,,bench,135.38205905,34.6484693,LineString,"{""amenity"":""bench""}",bench,,,,,,,
way/1383092177,,bench,135.38205985,34.648460299999996,LineString,"{""amenity"":""bench""}",bench,,,,,,,
way/1383092178,,bench,135.3820996,34.648438150000004,LineString,"{""amenity"":""bench""}",bench,,,,,,,
way/1383092179,,bench,135.3820604,34.64844945,LineString,"{""amenity"":""bench""}",bench,,,,,,,
way/1383092184,,fence,135.38168235,34.648386900000006,LineString,"{""barrier"":""fence""}",,,,,,,,
way/1383092185,,fence,135.38439475,34.650501649999995,LineString,"{""barrier"":""fence""}",,,,,,,,
way/1383092186,,fence,135.3833807,34.65065805,LineString,"{""barrier"":""fence""}",,,,,,,,
way/1383092188,,garden,135.38407605,34.6506301,Polygon,"{""leisure"":""garden""}",,,,,,,,
way/1383092193,,wall,135.384058,34.650586000000004,LineString,"{""barrier"":""wall""}",,,,,,,,
way/1383092194,,wall,135.3840753,34.650637399999994,LineString,"{""barrier"":""wall""}",,,,,,,,
way/1383092196,,fence,135.38152209999998,34.65091795,LineString,"{""barrier"":""fence""}",,,,,,,,
way/1383092249,,fence,135.37990244999997,34.648163249999996,LineString,"{""barrier"":""fence""}",,,,,,,,
way/1383092250,,garden,135.38651805,34.64705335,Polygon,"{""leisure"":""garden""}",,,,,,,,
way/1383092251,,fence,135.3866773,34.64714875,LineString,"{""barrier"":""fence""}",,,,,,,,
way/1383092255,,fence,135.3858327,34.6467094,LineString,"{""barrier"":""fence""}",,,,,,,,
way/1383092257,,fence,135.38607365000001,34.64752154999999,LineString,"{""barrier"":""fence""}",,,,,,,,
way/1383092269,トイレ2,toilets,135.38100055,34.64828795,Polygon,"{""amenity"":""toilets"",""check_date"":""2025-06-21"",""fee"":""no"",""female"":""yes"",""level"":""0"",""male"":""yes"",""name"":""トイレ2""}",toilets,,,,,,,
way/1383092270,,fence,135.3815495,34.64876555,LineString,"{""barrier"":""fence""}",,,,,,,,
way/1383092271,団体休憩所,shelter,135.3822542,34.6483085,Polygon,"{""amenity"":""shelter"",""name"":""団体休憩所"",""name:en"":""Group rest area"",""name:ja"":""団体休憩所"",""ref"":""S19"",""shelter_type"":""picnic_shelter""}",shelter,,,,,,,
way/1383092272,,fence,135.38236835,34.6482532,LineString,"{""barrier"":""fence""}",,,,,,,,
way/1383214426,,garden,135.38170585,34.647931299999996,Polygon,"{""leisure"":""garden""}",,,,,,,,
way/1383214427,,garden,135.38144584999998,34.64804205,Polygon,"{""leisure"":""garden""}",,,,,,,,
way/1383214431,,fence,135.3845179,34.647801799999996,LineString,"{""barrier"":""fence""}",,,,,,,,
way/1383214432,,fence,135.38074625000002,34.648654050000005,LineString,"{""barrier"":""fence"",""colour"":""white"",""fence_type"":""wire""}",,,,,,,,
way/1383214433,ブラジルパビリオン,exhibition_centre,135.38476305,34.64847935,Polygon,"{""wikimedia_commons"":""File:Expo 2025 Brazil Pavilion 01.JPG"",""alt_name"":""ブラジル館"",""amenity"":""exhibition_centre"",""country"":""BR"",""mapillary"":""1218743209720555"",""name"":""ブラジルパビリオン"",""name:en"":""Brazil Pavilion"",""name:ja"":""ブラジルパビリオン"",""name:zh"":""巴西馆"",""ref"":""P26"",""reservation"":""no"",""website"":""https://apexbrasil.com.br/content/expoosaka/br/ja/pavilhao-do-brasil.html"",""wikidata"":""Q136513481""}",exhibition_centre,,,BR,,,https://apexbrasil.com.br/content/expoosaka/br/ja/pavilhao-do-brasil.html,Q136513481
way/1383214435,Better Co-Being,exhibition_centre,135.38372134999997,34.6491489,Polygon,"{""amenity"":""exhibition_centre"",""name"":""Better Co-Being"",""name:ja"":""Better Co-Being"",""ref"":""X01"",""reservation"":""yes"",""website"":""https://co-being.jp/expo2025/"",""wikidata"":""Q136565359"",""wikimedia_commons"":""File:Osaka Expo2025 Better Co-Being.jpg""}",exhibition_centre,,,,,,https://co-being.jp/expo2025/,Q136565359
way/1383214438,ネパールパビリオン,exhibition_centre,135.38596919999998,34.65060285,Polygon,"{""alt_name"":""ネパール館"",""amenity"":""exhibition_centre"",""check_date"":""2025-05-28"",""country"":""NP"",""mapillary"":""1240256234111008"",""name"":""ネパールパビリオン"",""website"":""https://www.expo2025.or.jp/official-participant/nepal/"",""name:en"":""Nepal Pavilion"",""name:ja"":""ネパールパビリオン"",""ref"":""C01"",""wikidata"":""Q136564742"",""wikimedia_commons"":""File:大阪・関西万博 ネパールパビリオン.jpg""}",exhibition_centre,,,NP,,,https://www.expo2025.or.jp/official-participant/nepal/,Q136564742
way/1383214443,,water,135.38420115,34.6510008,Polygon,"{""natural"":""water"",""water"":""pond""}",,,,,,,,
way/1383214448,,fence,135.38339035,34.6511718,LineString,"{""barrier"":""fence""}",,,,,,,,
way/1383214457,,fence,135.38253880000002,34.650210799999996,LineString,"{""barrier"":""fence""}",,,,,,,,
way/1383214460,,garden,135.38065104999998,34.64865245,Polygon,"{""leisure"":""garden""}",,,,,,,,
way/1383214461,,garden,135.38053345,34.6486475,Polygon,"{""leisure"":""garden""}",,,,,,,,
way/1383214462,,garden,135.38036465,34.6486407,Polygon,"{""leisure"":""garden""}",,,,,,,,
way/1383214463,夜の地球,exhibition_centre,135.38387825,34.65095455,Polygon,"{""wikimedia_commons"":""File:Expo 2025 Earth at Night 01.JPG"",""amenity"":""exhibition_centre"",""check_date"":""2025-06-04"",""description"":""輪島塗大型地球儀"",""description:en"":""Wajim-nuri Large Globe"",""mapillary"":""678791144758432"",""name"":""夜の地球"",""name:en"":""Earth at Night"",""name:ja"":""夜の地球"",""name:zh"":""夜晚的地球"",""ref"":""C09"",""reservation"":""no"",""website"":""https://www.expo2025.or.jp/news/news-20250317-02/"",""wikidata"":""Q136564944""}",exhibition_centre,,,,,,https://www.expo2025.or.jp/news/news-20250317-02/,Q136564944
way/1383214464,,fence,135.3845104,34.64960015,LineString,"{""barrier"":""fence""}",,,,,,,,
way/1383214477,,fence,135.3857971,34.64868285,LineString,"{""barrier"":""fence""}",,,,,,,,
way/1383214478,,fence,135.386369,34.6485754,LineString,"{""barrier"":""fence""}",,,,,,,,
way/1383214495,団体休憩所 東,shelter,135.38852465,34.65083545,Polygon,"{""amenity"":""shelter"",""name"":""団体休憩所 東"",""name:en"":""East Group Rest Area""}",shelter,,,,,,,
way/1383214498,,,135.38473065,34.65205435,Polygon,"{""access"":""private"",""area:highway"":""service""}",,,,,,,,
way/1383214508,ORA外食パビリオン 宴〜UTAGE〜,exhibition_centre,135.38133605,34.65174165,Polygon,"{""amenity"":""exhibition_centre"",""mapillary"":""1605864413345484"",""name"":""ORA外食パビリオン 宴〜UTAGE〜"",""name:en"":""ORA Gaishoku Pavilion 『～UTAGE～』"",""name:ja"":""ORA外食パビリオン 宴〜UTAGE〜"",""ref"":""W05"",""website"":""https://www.expo2025.or.jp/domestic-pv/ora/"",""wikidata"":""Q136597389"",""wikimedia_commons"":""File:Expo 2025 ORA Food Service Pavilion 01.JPG""}",exhibition_centre,,,,,,https://www.expo2025.or.jp/domestic-pv/ora/,Q136597389
way/1383214509,飯田グループホールディングス × 大阪公立大学,exhibition_centre,135.3817014,34.6520749,Polygon,"{""amenity"":""exhibition_centre"",""check_date"":""2025-05-11"",""name"":""飯田グループホールディングス × 大阪公立大学"",""name:en"":""Iida Group Holdings x Osaka Public University"",""name:ja"":""飯田グループホールディングス × 大阪公立大学"",""ref"":""W04"",""reservation"":""recommended"",""website"":""https://www.expo2025.or.jp/domestic-pv/iida/"",""wikimedia_commons"":""File:Expo 2025 Joint Pavilion Iida Group and Osaka Metropolitan University.JPG""}",exhibition_centre,,,,,,https://www.expo2025.or.jp/domestic-pv/iida/,
way/1383214510,ガスパビリオン おばけワンダーランド,exhibition_centre,135.38208665,34.652198150000004,Polygon,"{""alt_name"":""ガスパビリオン"",""amenity"":""exhibition_centre"",""name"":""ガスパビリオン おばけワンダーランド"",""name:en"":""Gas Pavilion Ghost Wonderland"",""name:ja"":""ガスパビリオン おばけワンダーランド"",""ref"":""W03"",""reservation"":""yes"",""website"":""https://www.expo2025.or.jp/domestic-pv/gas/"",""wikidata"":""Q136596187"",""wikimedia_commons"":""File:Expo 2025 Gas Pavilion 01.JPG""}",exhibition_centre,,,,,,https://www.expo2025.or.jp/domestic-pv/gas/,Q136596187
way/1383214511,Tech World,exhibition_centre,135.38241395,34.6522901,Polygon,"{""amenity"":""exhibition_centre"",""check_date"":""2025-06-04"",""name"":""Tech World"",""name:en"":""Tech World"",""name:ja"":""Tech World"",""name:ja-Hira"":""てっくわーるど"",""ref"":""W02"",""reservation"":""yes"",""website"":""https://www.expo2025.or.jp/domestic-pv/tamayama/"",""wikidata"":""Q134739990"",""wikimedia_commons"":""File:Expo2025 TechWorld（TAIWAN）.jpg"",""wikipedia"":""ja:TECH WORLD""}",exhibition_centre,,,,,,https://www.expo2025.or.jp/domestic-pv/tamayama/,Q134739990
way/1383214515,,fence,135.38640225,34.651132149999995,LineString,"{""barrier"":""fence""}",,,,,,,,
way/1383214522,ブルーオーシャン・ドーム,exhibition_centre,135.3805124,34.6512466,Polygon,"{""amenity"":""exhibition_centre"",""check_date"":""2025-06-04"",""name"":""ブルーオーシャン・ドーム"",""name:en"":""Blue Ocean Dome"",""name:ja"":""ブルーオーシャン・ドーム"",""name:zh"":""蓝海圆顶馆"",""ref"":""W06"",""reservation"":""recommended"",""website"":""https://www.expo2025.or.jp/domestic-pv/zeri/"",""wikidata"":""Q136565378"",""wikimedia_commons"":""File:大阪・関西万博 ブルーオーシャンドーム.jpg""}",exhibition_centre,,,,,,https://www.expo2025.or.jp/domestic-pv/zeri/,Q136565378
way/1383214523,Gundam Next Future Pavilion,exhibition_centre,135.3800095,34.65133425,Polygon,"{""amenity"":""exhibition_centre"",""name"":""Gundam Next Future Pavilion"",""name:en"":""Gundam Next Future Pavilion"",""name:ja"":""ガンダムネクストフューチャーパビリオン"",""name:zh"":""高达馆"",""ref"":""W07"",""reservation"":""yes"",""website"":""https://www.expo2025.or.jp/domestic-pv/bandai-namco/"",""wikidata"":""Q134570242"",""wikimedia_commons"":""File:Expo 2025 GUNDAM NEXT FUTURE PAVILION 01.JPG"",""wikipedia"":""ja:GUNDAM NEXT FUTURE PAVILION""}",exhibition_centre,,,,,,https://www.expo2025.or.jp/domestic-pv/bandai-namco/,Q134570242
way/1383214546,PASONA NATUREVERSE,exhibition_centre,135.37923065,34.6500078,Polygon,"{""amenity"":""exhibition_centre"",""check_date"":""2025-07-06"",""mapillary"":""3134127646741333"",""name"":""PASONA NATUREVERSE"",""ref"":""W09"",""reservation"":""recommended"",""website"":""https://www.expo2025.or.jp/domestic-pv/pasona/"",""wikidata"":""Q136598424"",""wikimedia_commons"":""File:大阪・関西万博 PASONAパビリオン.jpg""}",exhibition_centre,,,,,,https://www.expo2025.or.jp/domestic-pv/pasona/,Q136598424
way/1383214551,,fence,135.37971195,34.6495297,LineString,"{""barrier"":""fence""}",,,,,,,,
way/1383214553,,fence,135.38037409999998,34.649309,LineString,"{""barrier"":""fence""}",,,,,,,,
way/1383214556,よしもと waraii myraii館,exhibition_centre,135.3796726,34.649944899999994,Polygon,"{""amenity"":""exhibition_centre"",""check_date"":""2025-04-26"",""description"":""『タマー』の優先予約あり"",""name"":""よしもと waraii myraii館"",""name:en"":""YOSHIMOTO Pavilion waraii myraii"",""name:ja"":""よしもと waraii myraii館"",""ref"":""W10"",""reservation"":""recommended"",""website"":""https://www.expo2025.or.jp/domestic-pv/yoshimoto/"",""wikidata"":""Q136598726"",""wikimedia_commons"":""File:Expo 2025 Yoshimoto Pavilion 01.JPG""}",exhibition_centre,,,,,,https://www.expo2025.or.jp/domestic-pv/yoshimoto/,Q136598726
way/1383214573,,scrub,135.37639285,34.654208249999996,Polygon,"{""natural"":""scrub""}",,,,,,,,
way/1383214578,ギャラリーWEST,exhibition_centre,135.37659915,34.654244750000004,Polygon,"{""amenity"":""exhibition_centre"",""check_date"":""2025-06-14"",""name"":""ギャラリーWEST"",""ref"":""L01"",""website"":""https://www.expo2025.or.jp/expo-map-index/main-facilities/gallery_w/""}",exhibition_centre,,,,,,https://www.expo2025.or.jp/expo-map-index/main-facilities/gallery_w/,
way/1383214581,C-1 団体休憩所 西,shelter,135.37542155,34.654024,Polygon,"{""amenity"":""shelter"",""name"":""C-1 団体休憩所 西"",""name:en"":""West Group Rest Area"",""name:ja"":""C-1 団体休憩所 西""}",shelter,,,,,,,
way/1383214584,未来の都市,exhibition_centre,135.3762425,34.654633849999996,Polygon,"{""amenity"":""exhibition_centre"",""name"":""未来の都市"",""name:en"":""Future City"",""name:ja"":""未来の都市"",""name:zh"":""未来城市"",""ref"":""L05"",""reservation"":""yes"",""website"":""https://www.expo2025-futurecity.jp/"",""wikidata"":""Q136595961"",""wikimedia_commons"":""File:Future City pavilion EXPO2025.jpg""}",exhibition_centre,,,,,,https://www.expo2025-futurecity.jp/,Q136595961
way/1383214585,,wall,135.37596325,34.65241605,LineString,"{""barrier"":""wall""}",,,,,,,,
way/1383214586,,fence,135.37587725,34.652307750000006,LineString,"{""barrier"":""fence""}",,,,,,,,
way/1383214587,,wall,135.3758436,34.652279899999996,LineString,"{""barrier"":""wall""}",,,,,,,,
way/1383214589,,wall,135.3760716,34.652817850000005,LineString,"{""barrier"":""wall""}",,,,,,,,
way/1383214590,,wall,135.3759533,34.65310125,LineString,"{""barrier"":""wall""}",,,,,,,,
way/1383214591,,wall,135.37581705,34.653223749999995,LineString,"{""barrier"":""wall""}",,,,,,,,
way/1383214592,,wall,135.37518254999998,34.6533163,LineString,"{""barrier"":""wall""}",,,,,,,,
way/1383214593,,wall,135.37534035,34.6533295,LineString,"{""barrier"":""wall""}",,,,,,,,
way/1383214594,,wall,135.37572139999997,34.6532766,LineString,"{""barrier"":""wall""}",,,,,,,,
way/1383216748,,fence,135.3853057,34.6496272,LineString,"{""barrier"":""fence""}",,,,,,,,
way/1383236028,,shelter,135.37882615,34.6509686,Polygon,"{""amenity"":""shelter"",""shelter_type"":""picnic_shelter""}",shelter,,,,,,,
way/1383236029,,shelter,135.378675,34.6510249,Polygon,"{""amenity"":""shelter"",""shelter_type"":""picnic_shelter""}",shelter,,,,,,,
way/1383236030,,fence,135.37840695,34.6509656,LineString,"{""barrier"":""fence""}",,,,,,,,
way/1383254315,セービングゾーン,,135.38149829999998,34.6489119,Polygon,"{""name"":""セービングゾーン"",""place"":""locality"",""ref"":""S""}",,,,,,,,
way/1383254316,シグネチャーゾーン,,135.38323085000002,34.648500150000004,Polygon,"{""name"":""シグネチャーゾーン"",""place"":""locality"",""ref"":""X""}",,,,,,,,
way/1383254320,エンパワーリングゾーン,,135.38511484999998,34.6485723,Polygon,"{""name"":""エンパワーリングゾーン"",""name:ja"":""エンパワーリングゾーン"",""place"":""locality"",""ref"":""P""}",,,,,,,,
way/1383254321,コネクティングゾーン,,135.38362335,34.6509449,Polygon,"{""name"":""コネクティングゾーン"",""place"":""locality"",""ref"":""C""}",,,,,,,,
way/1383254322,東ゲートゾーン,,135.3877158,34.64877685,Polygon,"{""name"":""東ゲートゾーン"",""name:en"":""East Gate Zone"",""name:ja"":""東ゲートゾーン"",""place"":""locality"",""ref"":""E""}",,,,,,,,
way/1383254323,西ゲートゾーン,,135.38019609999998,34.6505125,Polygon,"{""name"":""西ゲートゾーン"",""name:en"":""West Gate Zone"",""name:ja"":""西ゲートゾーン"",""place"":""locality"",""ref"":""W""}",,,,,,,,
way/1383254324,フューチャーライフゾーン,,135.3759232,34.6536969,Polygon,"{""name"":""フューチャーライフゾーン"",""place"":""locality"",""ref"":""L""}",,,,,,,,
way/1383294152,,fence,135.37533895,34.6520567,LineString,"{""barrier"":""fence""}",,,,,,,,
way/1383294153,,fence,135.37454405,34.652471899999995,LineString,"{""barrier"":""fence""}",,,,,,,,
way/1383373553,,wall,135.38270945,34.652091,LineString,"{""barrier"":""wall""}",,,,,,,,
way/1383404838,,fence,135.3808943,34.6514811,LineString,"{""barrier"":""fence""}",,,,,,,,
way/1383405522,,wall,135.38084064999998,34.65142645,LineString,"{""barrier"":""wall""}",,,,,,,,
way/1383438295,,fence,135.38131395,34.65156975,LineString,"{""barrier"":""fence""}",,,,,,,,
way/1383471550,,garden,135.3808589,34.651771100000005,Polygon,"{""leisure"":""garden""}",,,,,,,,
way/1383471551,,garden,135.38094335,34.6518095,Polygon,"{""leisure"":""garden""}",,,,,,,,
way/1383471553,,garden,135.3812464,34.6515204,Polygon,"{""leisure"":""garden""}",,,,,,,,
way/1383498025,,fence,135.37668545,34.6526219,LineString,"{""barrier"":""fence""}",,,,,,,,
way/1383531343,,wall,135.38102824999999,34.651371,LineString,"{""barrier"":""wall""}",,,,,,,,
way/1383531344,,wall,135.38104175,34.65136005,LineString,"{""barrier"":""wall""}",,,,,,,,
way/1383668025,,fence,135.38487185,34.64679915,LineString,"{""barrier"":""fence""}",,,,,,,,
way/1383668027,,fence,135.38279185,34.6472816,LineString,"{""barrier"":""fence""}",,,,,,,,
way/1383670190,無限の庭園・祝福された多様性,artwork,135.3838877,34.64950345,Polygon,"{""check_date"":""2025-06-14"",""name"":""無限の庭園・祝福された多様性"",""name:en"":""Infinite Garden - The Joy of Diversity"",""tourism"":""artwork""}",,artwork,,,,,,
way/1383692659,,garden,135.38447485,34.64968845,Polygon,"{""leisure"":""garden""}",,,,,,,,
way/1383692661,未来への文化共創,yes,135.38418715,34.64961835,Polygon,"{""building"":""yes"",""name"":""未来への文化共創"",""name:ja"":""未来への文化共創""}",,,,,,,,
way/1383791537,,wall,135.3792982,34.64878695,LineString,"{""barrier"":""wall""}",,,,,,,,
way/1383793875,,garden,135.38582995000002,34.649643850000004,Polygon,"{""leisure"":""garden""}",,,,,,,,
way/1383910916,,fence,135.37878095000002,34.6504719,LineString,"{""barrier"":""fence""}",,,,,,,,
way/1383910917,,fence,135.37887595,34.65027055,LineString,"{""barrier"":""fence""}",,,,,,,,
way/1383911217,,fence,135.3789273,34.650008650000004,LineString,"{""barrier"":""fence""}",,,,,,,,
way/1383959908,,garden,135.37576324999998,34.652114499999996,Polygon,"{""leisure"":""garden""}",,,,,,,,
way/1383968426,サステナドーム,yes,135.37563655,34.65175505,Polygon,"{""building"":""yes"",""building:levels"":""1"",""name"":""サステナドーム"",""roof:shape"":""half-hipped"",""wikidata"":""Q136674228"",""wikimedia_commons"":""File:Sustainadome 20250830 162141.jpg""}",,,,,,,,Q136674228
way/1384371893,,picnic_site,135.37536995,34.6516206,Polygon,"{""tourism"":""picnic_site""}",,picnic_site,,,,,,
way/1384371896,,fence,135.375632,34.6514698,LineString,"{""barrier"":""fence""}",,,,,,,,
way/1384371897,ジュニアSDGsキャンプ,exhibition_centre,135.3755975,34.6517561,Polygon,"{""amenity"":""exhibition_centre"",""name"":""ジュニアSDGsキャンプ"",""name:ja"":""ジュニアSDGsキャンプ"",""ref"":""L07"",""reservation"":""no"",""website"":""https://web.archive.org/web/20251001/https://j-lppf3.jp/expojuniorsdgs/""}",exhibition_centre,,,,,,https://web.archive.org/web/20251001/https://j-lppf3.jp/expojuniorsdgs/,
way/1385227178,静けさの森ゾーン,,135.3834835,34.6499246,Polygon,"{""name"":""静けさの森ゾーン"",""name:ja"":""静けさの森ゾーン"",""place"":""locality"",""ref"":""F""}",,,,,,,,
way/1385379785,文明の森,artwork,135.38476745,34.647663800000004,Polygon,"{""area"":""yes"",""artwork_type"":""installation"",""name"":""文明の森"",""name:en"":""Forest of Civilizations"",""name:ja"":""文明の森"",""tourism"":""artwork"",""website"":""https://expo2025forest.com/""}",,artwork,,,,,https://expo2025forest.com/,
way/1386112462,トイレ5,toilets,135.3844767,34.65208905,Polygon,"{""access"":""yes"",""alt_name"":""2億円トイレ"",""amenity"":""toilets"",""changing_table"":""yes"",""check_date"":""2025-07-25"",""female"":""yes"",""male"":""yes"",""name"":""トイレ5"",""toilets:disposal"":""flush"",""unisex"":""yes"",""wheelchair"":""yes""}",toilets,,,,yes,,,
way/1386112474,,water,135.3804632,34.6509315,Polygon,"{""natural"":""water"",""water"":""pond""}",,,,,,,,
way/1386112479,,garden,135.3825614,34.6515558,Polygon,"{""leisure"":""garden""}",,,,,,,,
way/1386112480,,garden,135.38246365,34.65151545,Polygon,"{""leisure"":""garden""}",,,,,,,,
way/1386112493,サウジ広場,,135.38264149999998,34.65120615,Polygon,"{""name"":""サウジ広場"",""place"":""locality""}",,,,,,,,
way/1387116812,,water,135.37685695,34.6546278,Polygon,"{""natural"":""water""}",,,,,,,,
way/1387837471,,hedge,135.3852291,34.647869,LineString,"{""barrier"":""hedge""}",,,,,,,,
way/1387837472,,hedge,135.38519685,34.6478343,LineString,"{""barrier"":""hedge""}",,,,,,,,
way/1387837479,,hedge,135.38531665,34.647734099999994,LineString,"{""barrier"":""hedge""}",,,,,,,,
way/1387837480,,shrubbery,135.385259,34.6477327,Polygon,"{""natural"":""shrubbery""}",,,,,,,,
way/1387837482,,wall,135.3850089,34.6481828,LineString,"{""barrier"":""wall""}",,,,,,,,
way/1387837483,,fence,135.38479765,34.648156400000005,LineString,"{""barrier"":""fence""}",,,,,,,,
way/1387837487,P33 休憩所,shelter,135.3846441,34.64779105,Polygon,"{""amenity"":""shelter"",""name"":""P33 休憩所"",""name:en"":""Rest area"",""name:ja"":""P33 休憩所"",""shelter_type"":""picnic_shelter""}",shelter,,,,,,,
way/1388263795,,water,135.3839286,34.6474084,Polygon,"{""natural"":""water"",""water"":""basin""}",,,,,,,,
way/1388263796,,water,135.3838258,34.64742635,Polygon,"{""natural"":""water"",""water"":""basin""}",,,,,,,,
way/1388263798,,garden,135.38186485,34.6488892,Polygon,"{""leisure"":""garden""}",,,,,,,,
way/1389206814,,water,135.3863638,34.648512350000004,Polygon,"{""natural"":""water"",""water"":""pond""}",,,,,,,,
way/1389206815,,stage,135.38659675000002,34.6483271,Polygon,"{""amenity"":""stage""}",stage,,,,,,,
way/1389206816,,water,135.38624,34.64835375,Polygon,"{""natural"":""water"",""water"":""pond""}",,,,,,,,
way/1389206829,,garden,135.38199405,34.648773500000004,Polygon,"{""leisure"":""garden""}",,,,,,,,
way/1389206831,,garden,135.38189545,34.6488473,Polygon,"{""leisure"":""garden""}",,,,,,,,
way/1389206832,,garden,135.3818497,34.6487394,Polygon,"{""leisure"":""garden""}",,,,,,,,
way/1391817842,森になる建築,exhibition_centre,135.38140925,34.650162300000005,Polygon,"{""amenity"":""exhibition_centre"",""name"":""森になる建築"",""website"":""https://foresting-architecture.jp/"",""wikidata"":""Q136263320"",""wikimedia_commons"":""File:Foresting-architecture,Expo2025.jpg"",""wikipedia"":""ja:森になる建築""}",exhibition_centre,,,,,,https://foresting-architecture.jp/,Q136263320
way/1391852815,,water,135.38468615,34.6475998,Polygon,"{""natural"":""water""}",,,,,,,,
way/1391852816,,water,135.3845697,34.64750275,Polygon,"{""natural"":""water""}",,,,,,,,
way/1392902309,,fence,135.3746348,34.652926050000005,LineString,"{""barrier"":""fence""}",,,,,,,,
way/1392902313,,wall,135.37431494999998,34.652665549999995,LineString,"{""barrier"":""wall""}",,,,,,,,
way/1401769425,,shelter,135.37654320000001,34.653208500000005,Polygon,"{""amenity"":""shelter"",""shelter_type"":""picnic_shelter""}",shelter,,,,,,,
way/1401769435,万博サウナ 「太陽のつぼみ」,exhibition_centre,135.3743192,34.65266485,Polygon,"{""amenity"":""exhibition_centre"",""name"":""万博サウナ 「太陽のつぼみ」"",""website"":""https://www.taiyo-tsubomi.jp/"",""wikimedia_commons"":""File:EXPO2025 TAIYO TSUBOMI.jpg""}",exhibition_centre,,,,,,https://www.taiyo-tsubomi.jp/,
way/1401769441,,fence,135.37468185,34.65189085,LineString,"{""barrier"":""fence""}",,,,,,,,
way/1410744816,,fence,135.38491870000001,34.6591514,LineString,"{""barrier"":""fence""}",,,,,,,,
way/1410744829,,fence,135.38397915,34.65924245,LineString,"{""barrier"":""fence""}",,,,,,,,
way/1410744838,,toilets,135.3836743,34.659301850000006,Polygon,"{""amenity"":""toilets"",""building"":""yes"",""male"":""yes"",""wheelchair"":""no""}",toilets,,,,no,,,
way/1410744839,,toilets,135.3835664,34.659319350000004,Polygon,"{""amenity"":""toilets"",""building"":""yes"",""female"":""yes"",""wheelchair"":""no""}",toilets,,,,no,,,
way/1411711162,,shelter,135.38650005,34.6480489,Polygon,"{""amenity"":""shelter"",""layer"":""1"",""shelter_type"":""picnic_shelter""}",shelter,,,,,,,
way/1411750643,,water,135.38778725,34.6482955,Polygon,"{""intermittent"":""no"",""natural"":""water"",""water"":""basin""}",,,,,,,,
way/1411804332,,fence,135.38264164999998,34.6483937,LineString,"{""barrier"":""fence"",""fence_type"":""railing""}",,,,,,,,
way/1412097707,,water,135.38352245,34.6486245,Polygon,"{""natural"":""water"",""water"":""basin""}",,,,,,,,
way/1412097713,,shrubbery,135.38311895,34.64898839999999,Polygon,"{""natural"":""shrubbery""}",,,,,,,,
way/1412126598,,fence,135.3837666,34.647432800000004,LineString,"{""barrier"":""fence"",""fence_type"":""railing""}",,,,,,,,
way/1412126599,,garden,135.3872737,34.64883415,Polygon,"{""leisure"":""garden""}",,,,,,,,
way/1412126600,,wall,135.3794406,34.648744,LineString,"{""barrier"":""wall""}",,,,,,,,
way/1412126602,,water,135.38733305,34.648826650000004,Polygon,"{""natural"":""water"",""water"":""basin""}",,,,,,,,
way/1412126604,,water,135.3873793,34.6487765,Polygon,"{""natural"":""water"",""water"":""basin""}",,,,,,,,
way/1412161107,,fence,135.38665724999998,34.6474976,LineString,"{""barrier"":""fence"",""fence_type"":""bars"",""material"":""wood""}",,,,,,,,
way/1412377205,,garden,135.3818572,34.6478544,Polygon,"{""leisure"":""garden""}",,,,,,,,
way/1413050324,,fence,135.38619795,34.648674400000004,LineString,"{""barrier"":""fence""}",,,,,,,,
way/1413050327,,fence,135.38166055,34.64960295,LineString,"{""barrier"":""fence""}",,,,,,,,
way/1413050360,,fence,135.37982395,34.6501152,LineString,"{""barrier"":""fence""}",,,,,,,,
way/1413050362,,slide,135.379846,34.65011545,Polygon,"{""playground"":""slide"",""surface"":""artificial_turf"",""historic:leisure"":""playground"",""area"":""yes""}",,,,,,,,
way/1413050366,,fence,135.37972489999999,34.650142450000004,LineString,"{""barrier"":""fence""}",,,,,,,,
way/1413050367,,slide,135.3797002,34.6501418,Polygon,"{""playground"":""slide"",""surface"":""artificial_turf"",""historic:leisure"":""playground"",""area"":""yes""}",,,,,,,,
way/1414255841,,picnic_site,135.3837232,34.65210735,Polygon,"{""picnic_table"":""yes"",""tourism"":""picnic_site""}",,picnic_site,,,,,,
way/1414255842,,picnic_site,135.38389254999998,34.6520925,Polygon,"{""picnic_table"":""yes"",""tourism"":""picnic_site""}",,picnic_site,,,,,,
way/1414255843,,picnic_site,135.38359125,34.652112,Polygon,"{""picnic_table"":""yes"",""tourism"":""picnic_site""}",,picnic_site,,,,,,
way/1414255844,,picnic_site,135.38317189999998,34.652102049999996,Polygon,"{""picnic_table"":""yes"",""tourism"":""picnic_site""}",,picnic_site,,,,,,
way/1414255845,,picnic_site,135.38337415,34.6521098,Polygon,"{""picnic_table"":""yes"",""tourism"":""picnic_site""}",,picnic_site,,,,,,
way/1414255846,,picnic_site,135.38512415,34.6518271,Polygon,"{""picnic_table"":""yes"",""tourism"":""picnic_site""}",,picnic_site,,,,,,
way/1414255847,,picnic_site,135.3855433,34.65163345,Polygon,"{""picnic_table"":""yes"",""tourism"":""picnic_site""}",,picnic_site,,,,,,
way/1414255848,,picnic_site,135.38595685,34.6514029,Polygon,"{""picnic_table"":""yes"",""tourism"":""picnic_site""}",,picnic_site,,,,,,
way/1414255852,,fence,135.3847824,34.652038450000006,LineString,"{""barrier"":""fence""}",,,,,,,,
way/1417439613,,fence,135.38023765,34.649089399999994,LineString,"{""barrier"":""fence""}",,,,,,,,
way/1417439615,,fence,135.3802341,34.64907545,LineString,"{""barrier"":""fence""}",,,,,,,,
way/1417439619,,smoking_area,135.37939405,34.648750750000005,Polygon,"{""amenity"":""smoking_area""}",smoking_area,,,,,,,
way/1429684181,,garden,135.38960315,34.64911975,Polygon,"{""leisure"":""garden""}",,,,,,,,
way/1429684182,,garden,135.3893519,34.64893015,Polygon,"{""leisure"":""garden""}",,,,,,,,
way/1429684183,,garden,135.3891334,34.64913755,Polygon,"{""leisure"":""garden""}",,,,,,,,
way/1429684184,,garden,135.38910479999998,34.64928875,Polygon,"{""leisure"":""garden""}",,,,,,,,
way/1429684185,,garden,135.38939705,34.64931875,Polygon,"{""leisure"":""garden""}",,,,,,,,
way/1429684191,,shelter,135.38543445,34.6470761,Polygon,"{""amenity"":""shelter"",""shelter_type"":""picnic_shelter""}",shelter,,,,,,,
way/1429684193,,shelter,135.3848634,34.6469143,Polygon,"{""amenity"":""shelter"",""shelter_type"":""picnic_shelter""}",shelter,,,,,,,
way/1429684194,,shelter,135.38511385,34.6471211,Polygon,"{""amenity"":""shelter"",""shelter_type"":""picnic_shelter""}",shelter,,,,,,,
way/1429684229,,fence,135.37756819999998,34.65511735,LineString,"{""barrier"":""fence""}",,,,,,,,
way/1429684230,,fence,135.37714745,34.65494785,LineString,"{""barrier"":""fence""}",,,,,,,,
way/1429684234,D棟,yes,135.37707845,34.6546588,Polygon,"{""building"":""yes"",""building:levels"":""1"",""name"":""D棟"",""roof:shape"":""gabled""}",,,,,,,,
way/1429684242,FLE Stage,yes,135.3768511,34.65475315,Polygon,"{""building"":""yes"",""name"":""FLE Stage""}",,,,,,,,
way/1429684253,,fence,135.38026435,34.64907115,LineString,"{""barrier"":""fence""}",,,,,,,,
way/1429684255,,garden,135.38023959999998,34.648743499999995,Polygon,"{""leisure"":""garden""}",,,,,,,,
way/1429684256,,garden,135.3802445,34.648673599999995,Polygon,"{""leisure"":""garden""}",,,,,,,,
way/1429684258,,garden,135.38176955,34.6487671,Polygon,"{""leisure"":""garden""}",,,,,,,,
way/1429684266,,cushion,135.3848511,34.6471855,Polygon,"{""playground"":""cushion"",""playground:theme"":""komyaku"",""area"":""yes""}",,,,,,,,
way/1429684270,,shelter,135.3803719,34.64827565,Polygon,"{""amenity"":""shelter"",""shelter_type"":""picnic_shelter""}",shelter,,,,,,,
way/1429684271,,shelter,135.38035739999998,34.6485178,Polygon,"{""amenity"":""shelter"",""shelter_type"":""picnic_shelter""}",shelter,,,,,,,
way/1433690563,,shelter,135.3848709,34.64810075,Polygon,"{""amenity"":""shelter"",""shelter_type"":""picnic_shelter""}",shelter,,,,,,,
way/1433690566,,wall,135.38442675,34.6482314,LineString,"{""barrier"":""wall""}",,,,,,,,
way/1433690567,,garden,135.38443734999998,34.64822985,Polygon,"{""leisure"":""garden""}",,,,,,,,
way/1433690568,,bench,135.38446555,34.648269049999996,LineString,"{""amenity"":""bench""}",bench,,,,,,,
way/1433690569,,bench,135.38446065,34.64824375,LineString,"{""amenity"":""bench""}",bench,,,,,,,
way/1433690570,,bench,135.3844204,34.64828025,LineString,"{""amenity"":""bench""}",bench,,,,,,,
way/1433690571,,bench,135.38440815,34.6482581,LineString,"{""amenity"":""bench""}",bench,,,,,,,
way/1433690572,,bench,135.3844631,34.6482565,LineString,"{""amenity"":""bench""}",bench,,,,,,,
way/1433690573,,bench,135.3844151,34.6482695,LineString,"{""amenity"":""bench""}",bench,,,,,,,
way/1433690574,,garden,135.3842833,34.648293100000004,Polygon,"{""leisure"":""garden""}",,,,,,,,
way/1433690575,,wall,135.38433005000002,34.6483304,LineString,"{""barrier"":""wall""}",,,,,,,,
way/1433690576,,wall,135.3843647,34.648352700000004,LineString,"{""barrier"":""wall""}",,,,,,,,
way/1433690577,,wall,135.38439540000002,34.648316,LineString,"{""barrier"":""wall""}",,,,,,,,
way/1433690586,,water,135.38416375000003,34.648329700000005,Polygon,"{""natural"":""water"",""water"":""reservoir""}",,,,,,,,
way/1433690587,,garden,135.38419545,34.64835915,Polygon,"{""leisure"":""garden""}",,,,,,,,
way/1433690588,,garden,135.3840217,34.6483453,Polygon,"{""leisure"":""garden""}",,,,,,,,
way/1433690589,,garden,135.3839929,34.648394800000005,Polygon,"{""leisure"":""garden""}",,,,,,,,
way/1433690590,,garden,135.38446499999998,34.64927015,Polygon,"{""leisure"":""garden""}",,,,,,,,
way/1436484264,,fence,135.38486575000002,34.651946550000005,LineString,"{""barrier"":""fence""}",,,,,,,,
way/1436484278,,stage,135.38585595,34.650036,Polygon,"{""amenity"":""stage""}",stage,,,,,,,
way/1436484297,Play together,playground,135.38659934999998,34.6492088,Polygon,"{""leisure"":""playground"",""name"":""Play together"",""name:en"":""Play together""}",,,,,,,,
way/1436941126,,fence,135.389042,34.651252299999996,LineString,"{""barrier"":""fence""}",,,,,,,,
way/1437097991,,fence,135.3828471,34.6483011,LineString,"{""barrier"":""fence"",""fence_type"":""railing""}",,,,,,,,
way/1437097992,,fence,135.3828627,34.64832995,LineString,"{""barrier"":""fence"",""fence_type"":""railing""}",,,,,,,,
way/1437098027,,hedge,135.38405625000001,34.6475075,LineString,"{""barrier"":""hedge""}",,,,,,,,
way/1437098034,,fence,135.38425469999999,34.65217775,LineString,"{""barrier"":""fence""}",,,,,,,,
way/1437098035,,wall,135.3842039,34.6521018,LineString,"{""barrier"":""wall""}",,,,,,,,
way/1437098038,,garden,135.3814837,34.65112665,Polygon,"{""leisure"":""garden""}",,,,,,,,
way/1437098039,,garden,135.381657,34.6512096,Polygon,"{""leisure"":""garden""}",,,,,,,,
way/1437098044,,wall,135.38132745000001,34.651027299999996,LineString,"{""barrier"":""wall""}",,,,,,,,
way/1437098045,,wall,135.38113115,34.65086225,LineString,"{""barrier"":""wall""}",,,,,,,,
way/1437098047,,shrubbery,135.3833484,34.6516487,Polygon,"{""natural"":""shrubbery""}",,,,,,,,
way/1437098048,,shrubbery,135.3833745,34.65154285,Polygon,"{""natural"":""shrubbery""}",,,,,,,,
way/1437098049,,shrubbery,135.38325525,34.65157635,Polygon,"{""natural"":""shrubbery""}",,,,,,,,
way/1437098050,,hedge,135.3832082,34.651565500000004,LineString,"{""barrier"":""hedge""}",,,,,,,,
way/1437098051,,hedge,135.383185,34.6515961,LineString,"{""barrier"":""hedge""}",,,,,,,,
way/1437098052,,stage,135.38347315,34.65160395,Polygon,"{""amenity"":""stage"",""check_date"":""2025-04-20""}",stage,,,,,,,
way/1437098063,,fence,135.38446900000002,34.651186499999994,LineString,"{""barrier"":""fence""}",,,,,,,,
way/1437098064,,fence,135.3844571,34.65116855,LineString,"{""barrier"":""fence""}",,,,,,,,
way/1437098065,,fence,135.38444825,34.6511855,LineString,"{""barrier"":""fence""}",,,,,,,,
way/1437098066,,fence,135.38445280000002,34.651008649999994,LineString,"{""barrier"":""fence""}",,,,,,,,
way/1437098094,休憩所1,shelter,135.379593,34.6483611,Polygon,"{""amenity"":""shelter"",""name"":""休憩所1"",""shelter_type"":""picnic_shelter""}",shelter,,,,,,,
way/1437098095,ころころひろば,cushion,135.3796002,34.64834245,Polygon,"{""name"":""ころころひろば"",""playground"":""cushion"",""area"":""yes""}",,,,,,,,
way/1437098097,,bench,135.37973465,34.64832455,LineString,"{""amenity"":""bench""}",bench,,,,,,,
way/1437098100,,bench,135.37976095,34.648226750000006,LineString,"{""amenity"":""bench""}",bench,,,,,,,
way/1437098102,,fence,135.3793239,34.6482831,LineString,"{""barrier"":""fence""}",,,,,,,,
way/1441550050,,bench,135.38556060000002,34.65106245,LineString,"{""amenity"":""bench""}",bench,,,,,,,
way/1441550051,,bench,135.3855394,34.65107905,LineString,"{""amenity"":""bench""}",bench,,,,,,,
way/1441550052,,bench,135.3856085,34.65104085,LineString,"{""amenity"":""bench""}",bench,,,,,,,
way/1441550053,,hedge,135.38562589999998,34.651022350000005,LineString,"{""barrier"":""hedge""}",,,,,,,,
way/1441550067,,hedge,135.38564925,34.651006800000005,LineString,"{""barrier"":""hedge""}",,,,,,,,
way/1441550072,,hedge,135.38549740000002,34.65085725,LineString,"{""barrier"":""hedge""}",,,,,,,,
way/1441550073,,fence,135.38549310000002,34.65087095,LineString,"{""barrier"":""fence""}",,,,,,,,
way/1441550074,,shelter,135.38546294999998,34.65092665,Polygon,"{""amenity"":""shelter"",""shelter_type"":""picnic_shelter""}",shelter,,,,,,,
way/1441550075,,stage,135.3853327,34.6508943,Polygon,"{""amenity"":""stage"",""check_date"":""2025-05-06""}",stage,,,,,,,
way/1441550103,,fence,135.38586694999998,34.65071415,LineString,"{""barrier"":""fence"",""fence_type"":""metal""}",,,,,,,,
way/1441638238,,fence,135.382852,34.64932555,LineString,"{""barrier"":""fence""}",,,,,,,,
way/1441638239,,garden,135.38312355,34.6493004,Polygon,"{""leisure"":""garden"",""surface"":""gravel""}",,,,,,,,
way/1441647465,,water,135.38051274999998,34.65002655,Polygon,"{""natural"":""water"",""water"":""pond""}",,,,,,,,
way/1441647466,,water,135.38698475,34.650598849999994,Polygon,"{""natural"":""water"",""water"":""pond""}",,,,,,,,
way/1441647467,,water,135.38737314999997,34.65049235,Polygon,"{""natural"":""water"",""water"":""pond""}",,,,,,,,
way/1441647468,関西プチ,shelter,135.3863941,34.65100815,Polygon,"{""amenity"":""shelter"",""building"":""yes"",""name"":""関西プチ""}",shelter,,,,,,,
way/1441738955,休憩所2,shelter,135.38099875,34.6516719,Polygon,"{""amenity"":""shelter"",""name"":""休憩所2""}",shelter,,,,,,,
way/567598329,2025年日本国際博覧会,theme_park,135.3830636,34.64973365,Polygon,"{""alt_name"":""2025年大阪・関西万博"",""alt_name:zh"":""2025年大阪·关西世博会"",""loc_name"":""大阪万博"",""name"":""2025年日本国際博覧会"",""name:en"":""Expo 2025 Osaka, Kansai, Japan"",""name:ja"":""2025年日本国際博覧会"",""name:zh"":""2025年日本国际博览会"",""opening_hours"":""Mo-Su,PH 09:00-22:00"",""short_name"":""大阪・関西万博"",""start_date"":""2025-04-13"",""tourism"":""theme_park"",""website"":""https://www.expo2025.or.jp/"",""wikidata"":""Q28958341"",""wikipedia"":""ja:2025年日本国際博覧会""}",,theme_park,,,,"Mo-Su,PH 09:00-22:00",https://www.expo2025.or.jp/,Q28958341
way/574902206,セブン-イレブン,convenience,135.3945589,34.6525856,Polygon,"{""branch"":""大阪夢洲店"",""brand"":""7-ELEVEN"",""brand:en"":""7-ELEVEN"",""brand:ja"":""セブン-イレブン"",""brand:ko"":""세븐일레븐"",""brand:wikidata"":""Q259340"",""brand:wikipedia"":""en:7-Eleven"",""building"":""yes"",""name"":""セブン-イレブン"",""name:en"":""7-Eleven"",""name:ja"":""セブン-イレブン"",""name:ko"":""세븐일레븐"",""official_name:en"":""Seven-Eleven"",""shop"":""convenience"",""source"":""survey""}",,,convenience,,,,,
way/679612973,,fence,135.39296015,34.6503711,LineString,"{""barrier"":""fence""}",,,,,,,,
way/679612974,,fence,135.39452975,34.650948299999996,LineString,"{""barrier"":""fence""}",,,,,,,,
way/679612975,,fence,135.39558445,34.6520139,LineString,"{""barrier"":""fence""}",,,,,,,,
way/679612990,,fence,135.3922136,34.6485955,LineString,"{""barrier"":""fence""}",,,,,,,,
way/679612991,,fence,135.3931121,34.649511000000004,LineString,"{""barrier"":""fence""}",,,,,,,,
way/679612996,,fence,135.39598030000002,34.6524206,LineString,"{""barrier"":""fence""}",,,,,,,,
way/679612997,,fence,135.39713085,34.653598599999995,LineString,"{""barrier"":""fence""}",,,,,,,,
way/679612998,,fence,135.39879895,34.655380199999996,LineString,"{""barrier"":""fence""}",,,,,,,,
